2026-02-01 14:40:23,179 - INFO - ======================================================================
2026-02-01 14:40:23,180 - INFO - EXTRACTING DATES FROM BOXSCORE FILES
2026-02-01 14:40:23,180 - INFO - ======================================================================
2026-02-01 14:40:23,212 - INFO - 📊 Found 3390 boxscore files
2026-02-01 14:40:23,214 - WARNING - ⚠️ No date found for 0022300418
2026-02-01 14:40:23,216 - WARNING - ⚠️ No date found for 0022400673
2026-02-01 14:40:23,218 - WARNING - ⚠️ No date found for 0022400389
2026-02-01 14:40:23,228 - WARNING - ⚠️ No date found for 0022300048
2026-02-01 14:40:23,229 - WARNING - ⚠️ No date found for 0022400223
2026-02-01 14:40:23,233 - WARNING - ⚠️ No date found for 0022301209
2026-02-01 14:40:23,234 - WARNING - ⚠️ No date found for 0022401062
2026-02-01 14:40:23,236 - WARNING - ⚠️ No date found for 0042300214
2026-02-01 14:40:23,238 - WARNING - ⚠️ No date found for 0022401127
2026-02-01 14:40:23,239 - WARNING - ⚠️ No date found for 0012400013
2026-02-01 14:40:23,244 - WARNING - ⚠️ No date found for 0022400736
2026-02-01 14:40:23,248 - WARNING - ⚠️ No date found for 0022400366
2026-02-01 14:40:23,250 - WARNING - ⚠️ No date found for 0042400213
2026-02-01 14:40:23,252 - WARNING - ⚠️ No date found for 0022301065
2026-02-01 14:40:23,253 - WARNING - ⚠️ No date found for 0022300224
2026-02-01 14:40:23,257 - WARNING - ⚠️ No date found for 0022300674
2026-02-01 14:40:23,259 - WARNING - ⚠️ No date found for 0022300361
2026-02-01 14:40:23,263 - WARNING - ⚠️ No date found for 0022300731
2026-02-01 14:40:23,265 - WARNING - ⚠️ No date found for 0022400809
2026-02-01 14:40:23,267 - WARNING - ⚠️ No date found for 0012300014
2026-02-01 14:40:23,269 - WARNING - ⚠️ No date found for 0022301120
2026-02-01 14:40:23,271 - WARNING - ⚠️ No date found for 0022401035
2026-02-01 14:40:23,276 - WARNING - ⚠️ No date found for 0022400274
2026-02-01 14:40:23,280 - WARNING - ⚠️ No date found for 0022400624
2026-02-01 14:40:23,281 - WARNING - ⚠️ No date found for 0022400331
2026-02-01 14:40:23,285 - WARNING - ⚠️ No date found for 0022400761
2026-02-01 14:40:23,288 - WARNING - ⚠️ No date found for 0022300859
2026-02-01 14:40:23,290 - WARNING - ⚠️ No date found for 0012400044
2026-02-01 14:40:23,291 - WARNING - ⚠️ No date found for 0022401170
2026-02-01 14:40:23,294 - WARNING - ⚠️ No date found for 0022400448
2026-02-01 14:40:23,296 - WARNING - ⚠️ No date found for 0022300623
2026-02-01 14:40:23,299 - WARNING - ⚠️ No date found for 0022400018
2026-02-01 14:40:23,301 - WARNING - ⚠️ No date found for 0022300273
2026-02-01 14:40:23,303 - WARNING - ⚠️ No date found for 0022300789
2026-02-01 14:40:23,306 - WARNING - ⚠️ No date found for 0022301032
2026-02-01 14:40:23,307 - WARNING - ⚠️ No date found for 0022301198
2026-02-01 14:40:23,309 - WARNING - ⚠️ No date found for 0022301177
2026-02-01 14:40:23,311 - WARNING - ⚠️ No date found for 0042400301
2026-02-01 14:40:23,313 - WARNING - ⚠️ No date found for 0012300043
2026-02-01 14:40:23,317 - WARNING - ⚠️ No date found for 0022300766
2026-02-01 14:40:23,319 - WARNING - ⚠️ No date found for 0022300336
2026-02-01 14:40:23,322 - WARNING - ⚠️ No date found for 0022400632
2026-02-01 14:40:23,324 - WARNING - ⚠️ No date found for 0022300459
2026-02-01 14:40:23,330 - WARNING - ⚠️ No date found for 0022400262
2026-02-01 14:40:23,331 - WARNING - ⚠️ No date found for 0022300009
2026-02-01 14:40:23,333 - WARNING - ⚠️ No date found for 0022400798
2026-02-01 14:40:23,336 - WARNING - ⚠️ No date found for 0022401023
2026-02-01 14:40:23,338 - WARNING - ⚠️ No date found for 0022401189
2026-02-01 14:40:23,342 - WARNING - ⚠️ No date found for 0022401166
2026-02-01 14:40:23,344 - WARNING - ⚠️ No date found for 0012400052
2026-02-01 14:40:23,348 - WARNING - ⚠️ No date found for 0022400777
2026-02-01 14:40:23,352 - WARNING - ⚠️ No date found for 0022400327
2026-02-01 14:40:23,353 - WARNING - ⚠️ No date found for 0022301024
2026-02-01 14:40:23,355 - WARNING - ⚠️ No date found for 0022300265
2026-02-01 14:40:23,357 - WARNING - ⚠️ No date found for 0022300635
2026-02-01 14:40:23,358 - WARNING - ⚠️ No date found for 0022300320
2026-02-01 14:40:23,362 - WARNING - ⚠️ No date found for 0022300770
2026-02-01 14:40:23,366 - WARNING - ⚠️ No date found for 0022400848
2026-02-01 14:40:23,367 - WARNING - ⚠️ No date found for 0012300055
2026-02-01 14:40:23,369 - WARNING - ⚠️ No date found for 0022301161
2026-02-01 14:40:23,371 - WARNING - ⚠️ No date found for 0042300202
2026-02-01 14:40:23,372 - WARNING - ⚠️ No date found for 0022401074
2026-02-01 14:40:23,373 - WARNING - ⚠️ No date found for 0062300001
2026-02-01 14:40:23,377 - WARNING - ⚠️ No date found for 0022400235
2026-02-01 14:40:23,381 - WARNING - ⚠️ No date found for 0022400665
2026-02-01 14:40:23,383 - WARNING - ⚠️ No date found for 0022400370
2026-02-01 14:40:23,387 - WARNING - ⚠️ No date found for 0022400720
2026-02-01 14:40:23,389 - WARNING - ⚠️ No date found for 0022300818
2026-02-01 14:40:23,391 - WARNING - ⚠️ No date found for 0012400005
2026-02-01 14:40:23,392 - WARNING - ⚠️ No date found for 0022401131
2026-02-01 14:40:23,393 - WARNING - ⚠️ No date found for 0022300662
2026-02-01 14:40:23,397 - WARNING - ⚠️ No date found for 0022400409
2026-02-01 14:40:23,399 - WARNING - ⚠️ No date found for 0022300398
2026-02-01 14:40:23,401 - WARNING - ⚠️ No date found for 0022300232
2026-02-01 14:40:23,402 - WARNING - ⚠️ No date found for 0022400059
2026-02-01 14:40:23,403 - WARNING - ⚠️ No date found for 0022301073
2026-02-01 14:40:23,405 - WARNING - ⚠️ No date found for 0022401218
2026-02-01 14:40:23,407 - WARNING - ⚠️ No date found for 0042400205
2026-02-01 14:40:23,408 - WARNING - ⚠️ No date found for 0022301136
2026-02-01 14:40:23,410 - WARNING - ⚠️ No date found for 0012300002
2026-02-01 14:40:23,412 - WARNING - ⚠️ No date found for 0022300727
2026-02-01 14:40:23,413 - WARNING - ⚠️ No date found for 0022300377
2026-02-01 14:40:23,415 - WARNING - ⚠️ No date found for 0022300160
2026-02-01 14:40:23,419 - WARNING - ⚠️ No date found for 0022300530
2026-02-01 14:40:23,422 - WARNING - ⚠️ No date found for 0022300863
2026-02-01 14:40:23,423 - WARNING - ⚠️ No date found for 0042400157
2026-02-01 14:40:23,429 - WARNING - ⚠️ No date found for 0022300926
2026-02-01 14:40:23,430 - WARNING - ⚠️ No date found for 0022300025
2026-02-01 14:40:23,432 - WARNING - ⚠️ No date found for 0022300475
2026-02-01 14:40:23,436 - WARNING - ⚠️ No date found for 0032400011
2026-02-01 14:40:23,438 - WARNING - ⚠️ No date found for 0022400864
2026-02-01 14:40:23,439 - WARNING - ⚠️ No date found for 0022400537
2026-02-01 14:40:23,443 - WARNING - ⚠️ No date found for 0022400167
2026-02-01 14:40:23,445 - WARNING - ⚠️ No date found for 0022400472
2026-02-01 14:40:23,446 - WARNING - ⚠️ No date found for 0022300619
2026-02-01 14:40:23,448 - WARNING - ⚠️ No date found for 0022400188
2026-02-01 14:40:23,449 - WARNING - ⚠️ No date found for 0022400022
2026-02-01 14:40:23,451 - WARNING - ⚠️ No date found for 0022300249
2026-02-01 14:40:23,456 - WARNING - ⚠️ No date found for 0022301008
2026-02-01 14:40:23,458 - WARNING - ⚠️ No date found for 0022400921
2026-02-01 14:40:23,460 - WARNING - ⚠️ No date found for 0012400029
2026-02-01 14:40:23,462 - WARNING - ⚠️ No date found for 0022300834
2026-02-01 14:40:23,464 - WARNING - ⚠️ No date found for 0022300567
2026-02-01 14:40:23,467 - WARNING - ⚠️ No date found for 0022300137
2026-02-01 14:40:23,469 - WARNING - ⚠️ No date found for 0022300422
2026-02-01 14:40:23,470 - WARNING - ⚠️ No date found for 0022400649
2026-02-01 14:40:23,471 - WARNING - ⚠️ No date found for 0022300072
2026-02-01 14:40:23,475 - WARNING - ⚠️ No date found for 0022400219
2026-02-01 14:40:23,477 - WARNING - ⚠️ No date found for 0022300588
2026-02-01 14:40:23,479 - WARNING - ⚠️ No date found for 0022401058
2026-02-01 14:40:23,481 - WARNING - ⚠️ No date found for 0022300971
2026-02-01 14:40:23,483 - WARNING - ⚠️ No date found for 0022400130
2026-02-01 14:40:23,488 - WARNING - ⚠️ No date found for 0022400560
2026-02-01 14:40:23,490 - WARNING - ⚠️ No date found for 0022400833
2026-02-01 14:40:23,491 - WARNING - ⚠️ No date found for 0022400999
2026-02-01 14:40:23,493 - WARNING - ⚠️ No date found for 0022400976
2026-02-01 14:40:23,498 - WARNING - ⚠️ No date found for 0022400075
2026-02-01 14:40:23,500 - WARNING - ⚠️ No date found for 0022400425
2026-02-01 14:40:23,501 - WARNING - ⚠️ No date found for 0022300121
2026-02-01 14:40:23,508 - WARNING - ⚠️ No date found for 0022300571
2026-02-01 14:40:23,513 - WARNING - ⚠️ No date found for 0022300822
2026-02-01 14:40:23,515 - WARNING - ⚠️ No date found for 0022300988
2026-02-01 14:40:23,517 - WARNING - ⚠️ No date found for 0022300967
2026-02-01 14:40:23,518 - WARNING - ⚠️ No date found for 0042400403
2026-02-01 14:40:23,519 - WARNING - ⚠️ No date found for 0022301225
2026-02-01 14:40:23,523 - WARNING - ⚠️ No date found for 0022300064
2026-02-01 14:40:23,525 - WARNING - ⚠️ No date found for 0022300434
2026-02-01 14:40:23,526 - WARNING - ⚠️ No date found for 0012300038
2026-02-01 14:40:23,527 - WARNING - ⚠️ No date found for 0042300111
2026-02-01 14:40:23,529 - WARNING - ⚠️ No date found for 0022400825
2026-02-01 14:40:23,530 - WARNING - ⚠️ No date found for 0022400576
2026-02-01 14:40:23,534 - WARNING - ⚠️ No date found for 0022400126
2026-02-01 14:40:23,535 - WARNING - ⚠️ No date found for 0022300658
2026-02-01 14:40:23,537 - WARNING - ⚠️ No date found for 0022400433
2026-02-01 14:40:23,538 - WARNING - ⚠️ No date found for 0022300208
2026-02-01 14:40:23,539 - WARNING - ⚠️ No date found for 0022400063
2026-02-01 14:40:23,541 - WARNING - ⚠️ No date found for 0022400599
2026-02-01 14:40:23,545 - WARNING - ⚠️ No date found for 0022301049
2026-02-01 14:40:23,547 - WARNING - ⚠️ No date found for 0022401222
2026-02-01 14:40:23,548 - WARNING - ⚠️ No date found for 0042300404
2026-02-01 14:40:23,550 - WARNING - ⚠️ No date found for 0022400960
2026-02-01 14:40:23,551 - WARNING - ⚠️ No date found for 0042400141
2026-02-01 14:40:23,553 - WARNING - ⚠️ No date found for 0012400068
2026-02-01 14:40:23,554 - WARNING - ⚠️ No date found for 0022300875
2026-02-01 14:40:23,556 - WARNING - ⚠️ No date found for 0022300526
2026-02-01 14:40:23,557 - WARNING - ⚠️ No date found for 0022300176
2026-02-01 14:40:23,561 - WARNING - ⚠️ No date found for 0022400608
2026-02-01 14:40:23,562 - WARNING - ⚠️ No date found for 0022300463
2026-02-01 14:40:23,563 - WARNING - ⚠️ No date found for 0022300199
2026-02-01 14:40:23,565 - WARNING - ⚠️ No date found for 0022400258
2026-02-01 14:40:23,566 - WARNING - ⚠️ No date found for 0022300033
2026-02-01 14:40:23,568 - WARNING - ⚠️ No date found for 0022401019
2026-02-01 14:40:23,569 - WARNING - ⚠️ No date found for 0022300930
2026-02-01 14:40:23,570 - WARNING - ⚠️ No date found for 0022400171
2026-02-01 14:40:23,574 - WARNING - ⚠️ No date found for 0022400521
2026-02-01 14:40:23,575 - WARNING - ⚠️ No date found for 0022400872
2026-02-01 14:40:23,577 - WARNING - ⚠️ No date found for 0022400937
2026-02-01 14:40:23,581 - WARNING - ⚠️ No date found for 0022400034
2026-02-01 14:40:23,582 - WARNING - ⚠️ No date found for 0022400464
2026-02-01 14:40:23,583 - WARNING - ⚠️ No date found for 0022300678
2026-02-01 14:40:23,585 - WARNING - ⚠️ No date found for 0022400413
2026-02-01 14:40:23,586 - WARNING - ⚠️ No date found for 0022300382
2026-02-01 14:40:23,587 - WARNING - ⚠️ No date found for 0022300228
2026-02-01 14:40:23,589 - WARNING - ⚠️ No date found for 0022400043
2026-02-01 14:40:23,592 - WARNING - ⚠️ No date found for 0022301069
2026-02-01 14:40:23,594 - WARNING - ⚠️ No date found for 0022401202
2026-02-01 14:40:23,595 - WARNING - ⚠️ No date found for 0022400940
2026-02-01 14:40:23,597 - WARNING - ⚠️ No date found for 0012300018
2026-02-01 14:40:23,598 - WARNING - ⚠️ No date found for 0042300131
2026-02-01 14:40:23,600 - WARNING - ⚠️ No date found for 0022301086
2026-02-01 14:40:23,602 - WARNING - ⚠️ No date found for 0022400805
2026-02-01 14:40:23,603 - WARNING - ⚠️ No date found for 0022400556
2026-02-01 14:40:23,607 - WARNING - ⚠️ No date found for 0022300697
2026-02-01 14:40:23,609 - WARNING - ⚠️ No date found for 0022400106
2026-02-01 14:40:23,610 - WARNING - ⚠️ No date found for 0022300947
2026-02-01 14:40:23,611 - WARNING - ⚠️ No date found for 0022301205
2026-02-01 14:40:23,612 - WARNING - ⚠️ No date found for 0022300044
2026-02-01 14:40:23,613 - WARNING - ⚠️ No date found for 0022400385
2026-02-01 14:40:23,615 - WARNING - ⚠️ No date found for 0022300414
2026-02-01 14:40:23,616 - WARNING - ⚠️ No date found for 0022300101
2026-02-01 14:40:23,618 - WARNING - ⚠️ No date found for 0022400690
2026-02-01 14:40:23,622 - WARNING - ⚠️ No date found for 0022300551
2026-02-01 14:40:23,626 - WARNING - ⚠️ No date found for 0022300802
2026-02-01 14:40:23,627 - WARNING - ⚠️ No date found for 0022401081
2026-02-01 14:40:23,628 - WARNING - ⚠️ No date found for 0022301194
2026-02-01 14:40:23,629 - WARNING - ⚠️ No date found for 0022400917
2026-02-01 14:40:23,633 - WARNING - ⚠️ No date found for 0022300785
2026-02-01 14:40:23,635 - WARNING - ⚠️ No date found for 0022400014
2026-02-01 14:40:23,636 - WARNING - ⚠️ No date found for 0022400444
2026-02-01 14:40:23,637 - WARNING - ⚠️ No date found for 0022400151
2026-02-01 14:40:23,643 - WARNING - ⚠️ No date found for 0022400501
2026-02-01 14:40:23,645 - WARNING - ⚠️ No date found for 0022300290
2026-02-01 14:40:23,646 - WARNING - ⚠️ No date found for 0022400852
2026-02-01 14:40:23,648 - WARNING - ⚠️ No date found for 0022400628
2026-02-01 14:40:23,649 - WARNING - ⚠️ No date found for 0022300443
2026-02-01 14:40:23,650 - WARNING - ⚠️ No date found for 0022400278
2026-02-01 14:40:23,652 - WARNING - ⚠️ No date found for 0022300013
2026-02-01 14:40:23,653 - WARNING - ⚠️ No date found for 0022400782
2026-02-01 14:40:23,655 - WARNING - ⚠️ No date found for 0022401039
2026-02-01 14:40:23,657 - WARNING - ⚠️ No date found for 0022300910
2026-02-01 14:40:23,658 - WARNING - ⚠️ No date found for 0022401193
2026-02-01 14:40:23,660 - WARNING - ⚠️ No date found for 0042400161
2026-02-01 14:40:23,662 - WARNING - ⚠️ No date found for 0012400048
2026-02-01 14:40:23,663 - WARNING - ⚠️ No date found for 0022300855
2026-02-01 14:40:23,665 - WARNING - ⚠️ No date found for 0022400297
2026-02-01 14:40:23,666 - WARNING - ⚠️ No date found for 0022300506
2026-02-01 14:40:23,668 - WARNING - ⚠️ No date found for 0022300156
2026-02-01 14:40:23,669 - WARNING - ⚠️ No date found for 0022400452
2026-02-01 14:40:23,670 - WARNING - ⚠️ No date found for 0022300639
2026-02-01 14:40:23,672 - WARNING - ⚠️ No date found for 0022400002
2026-02-01 14:40:23,673 - WARNING - ⚠️ No date found for 0022300269
2026-02-01 14:40:23,675 - WARNING - ⚠️ No date found for 0022300793
2026-02-01 14:40:23,679 - WARNING - ⚠️ No date found for 0022301028
2026-02-01 14:40:23,680 - WARNING - ⚠️ No date found for 0022400901
2026-02-01 14:40:23,681 - WARNING - ⚠️ No date found for 0022301182
2026-02-01 14:40:23,682 - WARNING - ⚠️ No date found for 0032400031
2026-02-01 14:40:23,684 - WARNING - ⚠️ No date found for 0012300059
2026-02-01 14:40:23,685 - WARNING - ⚠️ No date found for 0022400844
2026-02-01 14:40:23,686 - WARNING - ⚠️ No date found for 0022300286
2026-02-01 14:40:23,687 - WARNING - ⚠️ No date found for 0022400517
2026-02-01 14:40:23,691 - WARNING - ⚠️ No date found for 0022400147
2026-02-01 14:40:23,692 - WARNING - ⚠️ No date found for 0022401185
2026-02-01 14:40:23,693 - WARNING - ⚠️ No date found for 0022300906
2026-02-01 14:40:23,695 - WARNING - ⚠️ No date found for 0022400794
2026-02-01 14:40:23,696 - WARNING - ⚠️ No date found for 0022300005
2026-02-01 14:40:23,697 - WARNING - ⚠️ No date found for 0022300455
2026-02-01 14:40:23,699 - WARNING - ⚠️ No date found for 0022300140
2026-02-01 14:40:23,702 - WARNING - ⚠️ No date found for 0022300510
2026-02-01 14:40:23,703 - WARNING - ⚠️ No date found for 0022400281
2026-02-01 14:40:23,707 - WARNING - ⚠️ No date found for 0022300843
2026-02-01 14:40:23,708 - WARNING - ⚠️ No date found for 0042400177
2026-02-01 14:40:23,712 - WARNING - ⚠️ No date found for 0022400956
2026-02-01 14:40:23,713 - WARNING - ⚠️ No date found for 0022401214
2026-02-01 14:40:23,717 - WARNING - ⚠️ No date found for 0022400055
2026-02-01 14:40:23,718 - WARNING - ⚠️ No date found for 0022300394
2026-02-01 14:40:23,719 - WARNING - ⚠️ No date found for 0022400405
2026-02-01 14:40:23,721 - WARNING - ⚠️ No date found for 0022400110
2026-02-01 14:40:23,722 - WARNING - ⚠️ No date found for 0022300681
2026-02-01 14:40:23,726 - WARNING - ⚠️ No date found for 0022400540
2026-02-01 14:40:23,727 - WARNING - ⚠️ No date found for 0022400813
2026-02-01 14:40:23,728 - WARNING - ⚠️ No date found for 0022301090
2026-02-01 14:40:23,730 - WARNING - ⚠️ No date found for 0022300402
2026-02-01 14:40:23,731 - WARNING - ⚠️ No date found for 0022400669
2026-02-01 14:40:23,733 - WARNING - ⚠️ No date found for 0022400393
2026-02-01 14:40:23,735 - WARNING - ⚠️ No date found for 0022300052
2026-02-01 14:40:23,736 - WARNING - ⚠️ No date found for 0022400239
2026-02-01 14:40:23,738 - WARNING - ⚠️ No date found for 0022301213
2026-02-01 14:40:23,739 - WARNING - ⚠️ No date found for 0022401078
2026-02-01 14:40:23,740 - WARNING - ⚠️ No date found for 0022300951
2026-02-01 14:40:23,741 - WARNING - ⚠️ No date found for 0022401097
2026-02-01 14:40:23,742 - WARNING - ⚠️ No date found for 0012400009
2026-02-01 14:40:23,743 - WARNING - ⚠️ No date found for 0022300814
2026-02-01 14:40:23,744 - WARNING - ⚠️ No date found for 0022300547
2026-02-01 14:40:23,746 - WARNING - ⚠️ No date found for 0022400686
2026-02-01 14:40:23,747 - WARNING - ⚠️ No date found for 0022300117
2026-02-01 14:40:23,749 - WARNING - ⚠️ No date found for 0022300300
2026-02-01 14:40:23,750 - WARNING - ⚠️ No date found for 0022400491
2026-02-01 14:40:23,755 - WARNING - ⚠️ No date found for 0022300750
2026-02-01 14:40:23,757 - WARNING - ⚠️ No date found for 0022400868
2026-02-01 14:40:23,758 - WARNING - ⚠️ No date found for 0022301141
2026-02-01 14:40:23,760 - WARNING - ⚠️ No date found for 0022400887
2026-02-01 14:40:23,761 - WARNING - ⚠️ No date found for 0022301004
2026-02-01 14:40:23,762 - WARNING - ⚠️ No date found for 0022300245
2026-02-01 14:40:23,763 - WARNING - ⚠️ No date found for 0022400184
2026-02-01 14:40:23,765 - WARNING - ⚠️ No date found for 0022300615
2026-02-01 14:40:23,769 - WARNING - ⚠️ No date found for 0022401146
2026-02-01 14:40:23,770 - WARNING - ⚠️ No date found for 0012400072
2026-02-01 14:40:23,774 - WARNING - ⚠️ No date found for 0022400757
2026-02-01 14:40:23,775 - WARNING - ⚠️ No date found for 0022300496
2026-02-01 14:40:23,779 - WARNING - ⚠️ No date found for 0022400307
2026-02-01 14:40:23,780 - WARNING - ⚠️ No date found for 0022400612
2026-02-01 14:40:23,782 - WARNING - ⚠️ No date found for 0022300479
2026-02-01 14:40:23,783 - WARNING - ⚠️ No date found for 0022300183
2026-02-01 14:40:23,784 - WARNING - ⚠️ No date found for 0022400242
2026-02-01 14:40:23,786 - WARNING - ⚠️ No date found for 0022300029
2026-02-01 14:40:23,789 - WARNING - ⚠️ No date found for 0022401003
2026-02-01 14:40:23,791 - WARNING - ⚠️ No date found for 0022300880
2026-02-01 14:40:23,793 - WARNING - ⚠️ No date found for 0022400995
2026-02-01 14:40:23,795 - WARNING - ⚠️ No date found for 0022301116
2026-02-01 14:40:23,797 - WARNING - ⚠️ No date found for 0012300022
2026-02-01 14:40:23,798 - WARNING - ⚠️ No date found for 0022400096
2026-02-01 14:40:23,800 - WARNING - ⚠️ No date found for 0022300707
2026-02-01 14:40:23,801 - WARNING - ⚠️ No date found for 0022300357
2026-02-01 14:40:23,803 - WARNING - ⚠️ No date found for 0022300642
2026-02-01 14:40:23,804 - WARNING - ⚠️ No date found for 0022400429
2026-02-01 14:40:23,806 - WARNING - ⚠️ No date found for 0022300212
2026-02-01 14:40:23,807 - WARNING - ⚠️ No date found for 0022400079
2026-02-01 14:40:23,808 - WARNING - ⚠️ No date found for 0022400583
2026-02-01 14:40:23,810 - WARNING - ⚠️ No date found for 0022301053
2026-02-01 14:40:23,811 - WARNING - ⚠️ No date found for 0042400225
2026-02-01 14:40:23,813 - WARNING - ⚠️ No date found for 0022400350
2026-02-01 14:40:23,819 - WARNING - ⚠️ No date found for 0022400700
2026-02-01 14:40:23,820 - WARNING - ⚠️ No date found for 0052300211
2026-02-01 14:40:23,821 - WARNING - ⚠️ No date found for 0022300091
2026-02-01 14:40:23,824 - WARNING - ⚠️ No date found for 0022300838
2026-02-01 14:40:23,825 - WARNING - ⚠️ No date found for 0012400025
2026-02-01 14:40:23,827 - WARNING - ⚠️ No date found for 0022401111
2026-02-01 14:40:23,829 - WARNING - ⚠️ No date found for 0022300992
2026-02-01 14:40:23,830 - WARNING - ⚠️ No date found for 0042300222
2026-02-01 14:40:23,831 - WARNING - ⚠️ No date found for 0022401054
2026-02-01 14:40:23,833 - WARNING - ⚠️ No date found for 0022300584
2026-02-01 14:40:23,836 - WARNING - ⚠️ No date found for 0022400215
2026-02-01 14:40:23,841 - WARNING - ⚠️ No date found for 0022400645
2026-02-01 14:40:23,844 - WARNING - ⚠️ No date found for 0022300341
2026-02-01 14:40:23,848 - WARNING - ⚠️ No date found for 0022300711
2026-02-01 14:40:23,849 - WARNING - ⚠️ No date found for 0022400080
2026-02-01 14:40:23,851 - WARNING - ⚠️ No date found for 0022400829
2026-02-01 14:40:23,852 - WARNING - ⚠️ No date found for 0012300034
2026-02-01 14:40:23,854 - WARNING - ⚠️ No date found for 0022301100
2026-02-01 14:40:23,856 - WARNING - ⚠️ No date found for 0022400983
2026-02-01 14:40:23,857 - WARNING - ⚠️ No date found for 0042400233
2026-02-01 14:40:23,859 - WARNING - ⚠️ No date found for 0022301045
2026-02-01 14:40:23,860 - WARNING - ⚠️ No date found for 0022400595
2026-02-01 14:40:23,861 - WARNING - ⚠️ No date found for 0022300204
2026-02-01 14:40:23,863 - WARNING - ⚠️ No date found for 0022300654
2026-02-01 14:40:23,864 - WARNING - ⚠️ No date found for 0022300984
2026-02-01 14:40:23,865 - WARNING - ⚠️ No date found for 0022401107
2026-02-01 14:40:23,867 - WARNING - ⚠️ No date found for 0012400033
2026-02-01 14:40:23,871 - WARNING - ⚠️ No date found for 0022300087
2026-02-01 14:40:23,872 - WARNING - ⚠️ No date found for 0022400716
2026-02-01 14:40:23,876 - WARNING - ⚠️ No date found for 0022400346
2026-02-01 14:40:23,877 - WARNING - ⚠️ No date found for 0022300438
2026-02-01 14:40:23,878 - WARNING - ⚠️ No date found for 0022400653
2026-02-01 14:40:23,881 - WARNING - ⚠️ No date found for 0022300068
2026-02-01 14:40:23,883 - WARNING - ⚠️ No date found for 0022400203
2026-02-01 14:40:23,886 - WARNING - ⚠️ No date found for 0022300592
2026-02-01 14:40:23,888 - WARNING - ⚠️ No date found for 0022301229
2026-02-01 14:40:23,889 - WARNING - ⚠️ No date found for 0022401042
2026-02-01 14:40:23,891 - WARNING - ⚠️ No date found for 0042300234
2026-02-01 14:40:23,892 - WARNING - ⚠️ No date found for 0022301157
2026-02-01 14:40:23,894 - WARNING - ⚠️ No date found for 0012300063
2026-02-01 14:40:23,895 - WARNING - ⚠️ No date found for 0022300746
2026-02-01 14:40:23,897 - WARNING - ⚠️ No date found for 0022400487
2026-02-01 14:40:23,898 - WARNING - ⚠️ No date found for 0022300316
2026-02-01 14:40:23,899 - WARNING - ⚠️ No date found for 0022400468
2026-02-01 14:40:23,901 - WARNING - ⚠️ No date found for 0022300603
2026-02-01 14:40:23,902 - WARNING - ⚠️ No date found for 0022400192
2026-02-01 14:40:23,903 - WARNING - ⚠️ No date found for 0022400038
2026-02-01 14:40:23,904 - WARNING - ⚠️ No date found for 0022300253
2026-02-01 14:40:23,905 - WARNING - ⚠️ No date found for 0022301012
2026-02-01 14:40:23,907 - WARNING - ⚠️ No date found for 0022400891
2026-02-01 14:40:23,908 - WARNING - ⚠️ No date found for 0022400311
2026-02-01 14:40:23,912 - WARNING - ⚠️ No date found for 0022300480
2026-02-01 14:40:23,913 - WARNING - ⚠️ No date found for 0022400741
2026-02-01 14:40:23,917 - WARNING - ⚠️ No date found for 0022300879
2026-02-01 14:40:23,918 - WARNING - ⚠️ No date found for 0012400064
2026-02-01 14:40:23,919 - WARNING - ⚠️ No date found for 0022401150
2026-02-01 14:40:23,921 - WARNING - ⚠️ No date found for 0022300896
2026-02-01 14:40:23,922 - WARNING - ⚠️ No date found for 0022401015
2026-02-01 14:40:23,925 - WARNING - ⚠️ No date found for 0022400254
2026-02-01 14:40:23,927 - WARNING - ⚠️ No date found for 0022300195
2026-02-01 14:40:23,928 - WARNING - ⚠️ No date found for 0022400604
2026-02-01 14:40:23,930 - WARNING - ⚠️ No date found for 0022400310
2026-02-01 14:40:23,931 - WARNING - ⚠️ No date found for 0022300481
2026-02-01 14:40:23,934 - WARNING - ⚠️ No date found for 0022400740
2026-02-01 14:40:23,938 - WARNING - ⚠️ No date found for 0022300878
2026-02-01 14:40:23,939 - WARNING - ⚠️ No date found for 0012400065
2026-02-01 14:40:23,941 - WARNING - ⚠️ No date found for 0022401151
2026-02-01 14:40:23,942 - WARNING - ⚠️ No date found for 0022300897
2026-02-01 14:40:23,943 - WARNING - ⚠️ No date found for 0022401014
2026-02-01 14:40:23,946 - WARNING - ⚠️ No date found for 0022400255
2026-02-01 14:40:23,948 - WARNING - ⚠️ No date found for 0022300194
2026-02-01 14:40:23,949 - WARNING - ⚠️ No date found for 0022400605
2026-02-01 14:40:23,950 - WARNING - ⚠️ No date found for 0022301156
2026-02-01 14:40:23,952 - WARNING - ⚠️ No date found for 0012300062
2026-02-01 14:40:23,953 - WARNING - ⚠️ No date found for 0022300747
2026-02-01 14:40:23,954 - WARNING - ⚠️ No date found for 0022400486
2026-02-01 14:40:23,956 - WARNING - ⚠️ No date found for 0022300317
2026-02-01 14:40:23,957 - WARNING - ⚠️ No date found for 0022300602
2026-02-01 14:40:23,958 - WARNING - ⚠️ No date found for 0022400469
2026-02-01 14:40:23,960 - WARNING - ⚠️ No date found for 0022400193
2026-02-01 14:40:23,961 - WARNING - ⚠️ No date found for 0022300252
2026-02-01 14:40:23,962 - WARNING - ⚠️ No date found for 0022400039
2026-02-01 14:40:23,963 - WARNING - ⚠️ No date found for 0022301013
2026-02-01 14:40:23,965 - WARNING - ⚠️ No date found for 0022400890
2026-02-01 14:40:23,966 - WARNING - ⚠️ No date found for 0022300985
2026-02-01 14:40:23,968 - WARNING - ⚠️ No date found for 0022401106
2026-02-01 14:40:23,969 - WARNING - ⚠️ No date found for 0012400032
2026-02-01 14:40:23,971 - WARNING - ⚠️ No date found for 0022300086
2026-02-01 14:40:23,974 - WARNING - ⚠️ No date found for 0022400717
2026-02-01 14:40:23,977 - WARNING - ⚠️ No date found for 0022400347
2026-02-01 14:40:23,978 - WARNING - ⚠️ No date found for 0022400652
2026-02-01 14:40:23,979 - WARNING - ⚠️ No date found for 0022300439
2026-02-01 14:40:23,983 - WARNING - ⚠️ No date found for 0022400202
2026-02-01 14:40:23,984 - WARNING - ⚠️ No date found for 0022300069
2026-02-01 14:40:23,985 - WARNING - ⚠️ No date found for 0022300593
2026-02-01 14:40:23,988 - WARNING - ⚠️ No date found for 0022401043
2026-02-01 14:40:23,989 - WARNING - ⚠️ No date found for 0022301228
2026-02-01 14:40:23,990 - WARNING - ⚠️ No date found for 0042300235
2026-02-01 14:40:23,991 - WARNING - ⚠️ No date found for 0022300340
2026-02-01 14:40:23,996 - WARNING - ⚠️ No date found for 0022300710
2026-02-01 14:40:23,997 - WARNING - ⚠️ No date found for 0022400081
2026-02-01 14:40:23,998 - WARNING - ⚠️ No date found for 0052400201
2026-02-01 14:40:23,999 - WARNING - ⚠️ No date found for 0022400828
2026-02-01 14:40:24,001 - WARNING - ⚠️ No date found for 0012300035
2026-02-01 14:40:24,002 - WARNING - ⚠️ No date found for 0022301101
2026-02-01 14:40:24,003 - WARNING - ⚠️ No date found for 0022400982
2026-02-01 14:40:24,005 - WARNING - ⚠️ No date found for 0042400232
2026-02-01 14:40:24,006 - WARNING - ⚠️ No date found for 0022301044
2026-02-01 14:40:24,008 - WARNING - ⚠️ No date found for 0022400594
2026-02-01 14:40:24,009 - WARNING - ⚠️ No date found for 0022300205
2026-02-01 14:40:24,010 - WARNING - ⚠️ No date found for 0022300655
2026-02-01 14:40:24,011 - WARNING - ⚠️ No date found for 0022400351
2026-02-01 14:40:24,018 - WARNING - ⚠️ No date found for 0022400701
2026-02-01 14:40:24,021 - WARNING - ⚠️ No date found for 0022300090
2026-02-01 14:40:24,023 - WARNING - ⚠️ No date found for 0022300839
2026-02-01 14:40:24,024 - WARNING - ⚠️ No date found for 0012400024
2026-02-01 14:40:24,026 - WARNING - ⚠️ No date found for 0022401110
2026-02-01 14:40:24,028 - WARNING - ⚠️ No date found for 0022300993
2026-02-01 14:40:24,029 - WARNING - ⚠️ No date found for 0042300223
2026-02-01 14:40:24,030 - WARNING - ⚠️ No date found for 0022401055
2026-02-01 14:40:24,033 - WARNING - ⚠️ No date found for 0022300585
2026-02-01 14:40:24,033 - INFO -    Processed 500/3390 files...
2026-02-01 14:40:24,034 - WARNING - ⚠️ No date found for 0022400214
2026-02-01 14:40:24,037 - WARNING - ⚠️ No date found for 0022400644
2026-02-01 14:40:24,038 - WARNING - ⚠️ No date found for 0022400994
2026-02-01 14:40:24,039 - WARNING - ⚠️ No date found for 0022301117
2026-02-01 14:40:24,041 - WARNING - ⚠️ No date found for 0012300023
2026-02-01 14:40:24,042 - WARNING - ⚠️ No date found for 0022400097
2026-02-01 14:40:24,043 - WARNING - ⚠️ No date found for 0022300706
2026-02-01 14:40:24,045 - WARNING - ⚠️ No date found for 0022300356
2026-02-01 14:40:24,046 - WARNING - ⚠️ No date found for 0022400428
2026-02-01 14:40:24,047 - WARNING - ⚠️ No date found for 0022300643
2026-02-01 14:40:24,048 - WARNING - ⚠️ No date found for 0022400078
2026-02-01 14:40:24,049 - WARNING - ⚠️ No date found for 0022300213
2026-02-01 14:40:24,051 - WARNING - ⚠️ No date found for 0022400582
2026-02-01 14:40:24,052 - WARNING - ⚠️ No date found for 0022301052
2026-02-01 14:40:24,053 - WARNING - ⚠️ No date found for 0042400224
2026-02-01 14:40:24,057 - WARNING - ⚠️ No date found for 0022401147
2026-02-01 14:40:24,058 - WARNING - ⚠️ No date found for 0012400073
2026-02-01 14:40:24,062 - WARNING - ⚠️ No date found for 0022400756
2026-02-01 14:40:24,065 - WARNING - ⚠️ No date found for 0022300497
2026-02-01 14:40:24,066 - WARNING - ⚠️ No date found for 0022400306
2026-02-01 14:40:24,068 - WARNING - ⚠️ No date found for 0022300478
2026-02-01 14:40:24,069 - WARNING - ⚠️ No date found for 0022400613
2026-02-01 14:40:24,070 - WARNING - ⚠️ No date found for 0022300182
2026-02-01 14:40:24,072 - WARNING - ⚠️ No date found for 0022300028
2026-02-01 14:40:24,073 - WARNING - ⚠️ No date found for 0022400243
2026-02-01 14:40:24,076 - WARNING - ⚠️ No date found for 0022401002
2026-02-01 14:40:24,077 - WARNING - ⚠️ No date found for 0022300881
2026-02-01 14:40:24,079 - WARNING - ⚠️ No date found for 0022300301
2026-02-01 14:40:24,080 - WARNING - ⚠️ No date found for 0022400490
2026-02-01 14:40:24,082 - WARNING - ⚠️ No date found for 0022300751
2026-02-01 14:40:24,084 - WARNING - ⚠️ No date found for 0022400869
2026-02-01 14:40:24,085 - WARNING - ⚠️ No date found for 0022301140
2026-02-01 14:40:24,086 - WARNING - ⚠️ No date found for 0022400886
2026-02-01 14:40:24,088 - WARNING - ⚠️ No date found for 0022301005
2026-02-01 14:40:24,089 - WARNING - ⚠️ No date found for 0022300244
2026-02-01 14:40:24,090 - WARNING - ⚠️ No date found for 0022400185
2026-02-01 14:40:24,091 - WARNING - ⚠️ No date found for 0022300614
2026-02-01 14:40:24,093 - WARNING - ⚠️ No date found for 0022400668
2026-02-01 14:40:24,094 - WARNING - ⚠️ No date found for 0022300403
2026-02-01 14:40:24,095 - WARNING - ⚠️ No date found for 0022400392
2026-02-01 14:40:24,096 - WARNING - ⚠️ No date found for 0022400238
2026-02-01 14:40:24,097 - WARNING - ⚠️ No date found for 0022300053
2026-02-01 14:40:24,099 - WARNING - ⚠️ No date found for 0022401079
2026-02-01 14:40:24,101 - WARNING - ⚠️ No date found for 0022301212
2026-02-01 14:40:24,102 - WARNING - ⚠️ No date found for 0022300950
2026-02-01 14:40:24,103 - WARNING - ⚠️ No date found for 0042400121
2026-02-01 14:40:24,104 - WARNING - ⚠️ No date found for 0012400008
2026-02-01 14:40:24,106 - WARNING - ⚠️ No date found for 0022401096
2026-02-01 14:40:24,107 - WARNING - ⚠️ No date found for 0022300815
2026-02-01 14:40:24,108 - WARNING - ⚠️ No date found for 0022300546
2026-02-01 14:40:24,110 - WARNING - ⚠️ No date found for 0022400687
2026-02-01 14:40:24,111 - WARNING - ⚠️ No date found for 0022300116
2026-02-01 14:40:24,112 - WARNING - ⚠️ No date found for 0022400957
2026-02-01 14:40:24,114 - WARNING - ⚠️ No date found for 0022401215
2026-02-01 14:40:24,117 - WARNING - ⚠️ No date found for 0022400054
2026-02-01 14:40:24,119 - WARNING - ⚠️ No date found for 0022300395
2026-02-01 14:40:24,120 - WARNING - ⚠️ No date found for 0022400404
2026-02-01 14:40:24,121 - WARNING - ⚠️ No date found for 0022400111
2026-02-01 14:40:24,124 - WARNING - ⚠️ No date found for 0022300680
2026-02-01 14:40:24,125 - WARNING - ⚠️ No date found for 0022400541
2026-02-01 14:40:24,128 - WARNING - ⚠️ No date found for 0022400812
2026-02-01 14:40:24,129 - WARNING - ⚠️ No date found for 0042300126
2026-02-01 14:40:24,131 - WARNING - ⚠️ No date found for 0022301091
2026-02-01 14:40:24,132 - WARNING - ⚠️ No date found for 0022401184
2026-02-01 14:40:24,133 - WARNING - ⚠️ No date found for 0022300907
2026-02-01 14:40:24,135 - WARNING - ⚠️ No date found for 0022400795
2026-02-01 14:40:24,136 - WARNING - ⚠️ No date found for 0022300004
2026-02-01 14:40:24,137 - WARNING - ⚠️ No date found for 0022300454
2026-02-01 14:40:24,139 - WARNING - ⚠️ No date found for 0022300141
2026-02-01 14:40:24,142 - WARNING - ⚠️ No date found for 0022300511
2026-02-01 14:40:24,144 - WARNING - ⚠️ No date found for 0022400280
2026-02-01 14:40:24,147 - WARNING - ⚠️ No date found for 0022300842
2026-02-01 14:40:24,148 - WARNING - ⚠️ No date found for 0042400176
2026-02-01 14:40:24,152 - WARNING - ⚠️ No date found for 0022300638
2026-02-01 14:40:24,153 - WARNING - ⚠️ No date found for 0022400453
2026-02-01 14:40:24,154 - WARNING - ⚠️ No date found for 0022300268
2026-02-01 14:40:24,155 - WARNING - ⚠️ No date found for 0022400003
2026-02-01 14:40:24,159 - WARNING - ⚠️ No date found for 0022300792
2026-02-01 14:40:24,160 - WARNING - ⚠️ No date found for 0022301029
2026-02-01 14:40:24,162 - WARNING - ⚠️ No date found for 0022400900
2026-02-01 14:40:24,163 - WARNING - ⚠️ No date found for 0022301183
2026-02-01 14:40:24,164 - WARNING - ⚠️ No date found for 0012300058
2026-02-01 14:40:24,166 - WARNING - ⚠️ No date found for 0042300171
2026-02-01 14:40:24,167 - WARNING - ⚠️ No date found for 0022400845
2026-02-01 14:40:24,168 - WARNING - ⚠️ No date found for 0022300287
2026-02-01 14:40:24,170 - WARNING - ⚠️ No date found for 0022400516
2026-02-01 14:40:24,174 - WARNING - ⚠️ No date found for 0022400146
2026-02-01 14:40:24,175 - WARNING - ⚠️ No date found for 0022300442
2026-02-01 14:40:24,176 - WARNING - ⚠️ No date found for 0022400629
2026-02-01 14:40:24,178 - WARNING - ⚠️ No date found for 0022300012
2026-02-01 14:40:24,179 - WARNING - ⚠️ No date found for 0022400279
2026-02-01 14:40:24,180 - WARNING - ⚠️ No date found for 0022400783
2026-02-01 14:40:24,182 - WARNING - ⚠️ No date found for 0022401038
2026-02-01 14:40:24,183 - WARNING - ⚠️ No date found for 0022300911
2026-02-01 14:40:24,184 - WARNING - ⚠️ No date found for 0022401192
2026-02-01 14:40:24,186 - WARNING - ⚠️ No date found for 0012400049
2026-02-01 14:40:24,187 - WARNING - ⚠️ No date found for 0022300854
2026-02-01 14:40:24,188 - WARNING - ⚠️ No date found for 0022400296
2026-02-01 14:40:24,190 - WARNING - ⚠️ No date found for 0022300507
2026-02-01 14:40:24,191 - WARNING - ⚠️ No date found for 0022300157
2026-02-01 14:40:24,193 - WARNING - ⚠️ No date found for 0022301195
2026-02-01 14:40:24,194 - WARNING - ⚠️ No date found for 0022400916
2026-02-01 14:40:24,195 - WARNING - ⚠️ No date found for 0022300784
2026-02-01 14:40:24,198 - WARNING - ⚠️ No date found for 0022400015
2026-02-01 14:40:24,201 - WARNING - ⚠️ No date found for 0022400445
2026-02-01 14:40:24,202 - WARNING - ⚠️ No date found for 0022400150
2026-02-01 14:40:24,207 - WARNING - ⚠️ No date found for 0022400500
2026-02-01 14:40:24,208 - WARNING - ⚠️ No date found for 0022300291
2026-02-01 14:40:24,209 - WARNING - ⚠️ No date found for 0022400853
2026-02-01 14:40:24,210 - WARNING - ⚠️ No date found for 0022300946
2026-02-01 14:40:24,211 - WARNING - ⚠️ No date found for 0022301204
2026-02-01 14:40:24,212 - WARNING - ⚠️ No date found for 0022300045
2026-02-01 14:40:24,213 - WARNING - ⚠️ No date found for 0022400384
2026-02-01 14:40:24,215 - WARNING - ⚠️ No date found for 0022300415
2026-02-01 14:40:24,216 - WARNING - ⚠️ No date found for 0022300100
2026-02-01 14:40:24,218 - WARNING - ⚠️ No date found for 0022400691
2026-02-01 14:40:24,224 - WARNING - ⚠️ No date found for 0022300550
2026-02-01 14:40:24,229 - WARNING - ⚠️ No date found for 0022300803
2026-02-01 14:40:24,230 - WARNING - ⚠️ No date found for 0022401080
2026-02-01 14:40:24,232 - WARNING - ⚠️ No date found for 0022400412
2026-02-01 14:40:24,233 - WARNING - ⚠️ No date found for 0022300679
2026-02-01 14:40:24,234 - WARNING - ⚠️ No date found for 0022300383
2026-02-01 14:40:24,236 - WARNING - ⚠️ No date found for 0022400042
2026-02-01 14:40:24,237 - WARNING - ⚠️ No date found for 0022300229
2026-02-01 14:40:24,240 - WARNING - ⚠️ No date found for 0022401203
2026-02-01 14:40:24,242 - WARNING - ⚠️ No date found for 0022301068
2026-02-01 14:40:24,243 - WARNING - ⚠️ No date found for 0022400941
2026-02-01 14:40:24,245 - WARNING - ⚠️ No date found for 0022301087
2026-02-01 14:40:24,246 - WARNING - ⚠️ No date found for 0012300019
2026-02-01 14:40:24,247 - WARNING - ⚠️ No date found for 0022400804
2026-02-01 14:40:24,249 - WARNING - ⚠️ No date found for 0022400557
2026-02-01 14:40:24,250 - WARNING - ⚠️ No date found for 0022300696
2026-02-01 14:40:24,254 - WARNING - ⚠️ No date found for 0022400107
2026-02-01 14:40:24,255 - WARNING - ⚠️ No date found for 0022400170
2026-02-01 14:40:24,260 - WARNING - ⚠️ No date found for 0022400520
2026-02-01 14:40:24,262 - WARNING - ⚠️ No date found for 0022400873
2026-02-01 14:40:24,263 - WARNING - ⚠️ No date found for 0032400006
2026-02-01 14:40:24,264 - WARNING - ⚠️ No date found for 0022400936
2026-02-01 14:40:24,267 - WARNING - ⚠️ No date found for 0022400035
2026-02-01 14:40:24,268 - WARNING - ⚠️ No date found for 0022400465
2026-02-01 14:40:24,269 - WARNING - ⚠️ No date found for 0032300001
2026-02-01 14:40:24,271 - WARNING - ⚠️ No date found for 0012400069
2026-02-01 14:40:24,272 - WARNING - ⚠️ No date found for 0022300874
2026-02-01 14:40:24,273 - WARNING - ⚠️ No date found for 0022300527
2026-02-01 14:40:24,274 - WARNING - ⚠️ No date found for 0022300177
2026-02-01 14:40:24,276 - WARNING - ⚠️ No date found for 0022300462
2026-02-01 14:40:24,279 - WARNING - ⚠️ No date found for 0022400609
2026-02-01 14:40:24,280 - WARNING - ⚠️ No date found for 0022300198
2026-02-01 14:40:24,281 - WARNING - ⚠️ No date found for 0022300032
2026-02-01 14:40:24,282 - WARNING - ⚠️ No date found for 0022400259
2026-02-01 14:40:24,284 - WARNING - ⚠️ No date found for 0022401018
2026-02-01 14:40:24,285 - WARNING - ⚠️ No date found for 0022300931
2026-02-01 14:40:24,286 - WARNING - ⚠️ No date found for 0012300039
2026-02-01 14:40:24,288 - WARNING - ⚠️ No date found for 0022400824
2026-02-01 14:40:24,289 - WARNING - ⚠️ No date found for 0022400577
2026-02-01 14:40:24,292 - WARNING - ⚠️ No date found for 0022400127
2026-02-01 14:40:24,294 - WARNING - ⚠️ No date found for 0022400432
2026-02-01 14:40:24,295 - WARNING - ⚠️ No date found for 0022300659
2026-02-01 14:40:24,297 - WARNING - ⚠️ No date found for 0022400062
2026-02-01 14:40:24,298 - WARNING - ⚠️ No date found for 0022300209
2026-02-01 14:40:24,299 - WARNING - ⚠️ No date found for 0022400598
2026-02-01 14:40:24,303 - WARNING - ⚠️ No date found for 0022401223
2026-02-01 14:40:24,304 - WARNING - ⚠️ No date found for 0022301048
2026-02-01 14:40:24,305 - WARNING - ⚠️ No date found for 0042300405
2026-02-01 14:40:24,306 - WARNING - ⚠️ No date found for 0022400961
2026-02-01 14:40:24,308 - WARNING - ⚠️ No date found for 0022300120
2026-02-01 14:40:24,311 - WARNING - ⚠️ No date found for 0022300570
2026-02-01 14:40:24,315 - WARNING - ⚠️ No date found for 0022300823
2026-02-01 14:40:24,317 - WARNING - ⚠️ No date found for 0022300989
2026-02-01 14:40:24,318 - WARNING - ⚠️ No date found for 0022300966
2026-02-01 14:40:24,319 - WARNING - ⚠️ No date found for 0042400402
2026-02-01 14:40:24,321 - WARNING - ⚠️ No date found for 0022301224
2026-02-01 14:40:24,322 - WARNING - ⚠️ No date found for 0022300065
2026-02-01 14:40:24,325 - WARNING - ⚠️ No date found for 0022300435
2026-02-01 14:40:24,327 - WARNING - ⚠️ No date found for 0022400131
2026-02-01 14:40:24,330 - WARNING - ⚠️ No date found for 0022400561
2026-02-01 14:40:24,331 - WARNING - ⚠️ No date found for 0022400832
2026-02-01 14:40:24,332 - WARNING - ⚠️ No date found for 0022400998
2026-02-01 14:40:24,334 - WARNING - ⚠️ No date found for 0022400977
2026-02-01 14:40:24,337 - WARNING - ⚠️ No date found for 0022400074
2026-02-01 14:40:24,339 - WARNING - ⚠️ No date found for 0022400424
2026-02-01 14:40:24,340 - WARNING - ⚠️ No date found for 0042400101
2026-02-01 14:40:24,342 - WARNING - ⚠️ No date found for 0012400028
2026-02-01 14:40:24,343 - WARNING - ⚠️ No date found for 0022300835
2026-02-01 14:40:24,346 - WARNING - ⚠️ No date found for 0022300566
2026-02-01 14:40:24,347 - WARNING - ⚠️ No date found for 0022300136
2026-02-01 14:40:24,349 - WARNING - ⚠️ No date found for 0022400648
2026-02-01 14:40:24,350 - WARNING - ⚠️ No date found for 0022300423
2026-02-01 14:40:24,354 - WARNING - ⚠️ No date found for 0022400218
2026-02-01 14:40:24,355 - WARNING - ⚠️ No date found for 0022300073
2026-02-01 14:40:24,356 - WARNING - ⚠️ No date found for 0022300589
2026-02-01 14:40:24,358 - WARNING - ⚠️ No date found for 0022401059
2026-02-01 14:40:24,360 - WARNING - ⚠️ No date found for 0022300970
2026-02-01 14:40:24,362 - WARNING - ⚠️ No date found for 0042300151
2026-02-01 14:40:24,363 - WARNING - ⚠️ No date found for 0022400865
2026-02-01 14:40:24,365 - WARNING - ⚠️ No date found for 0022400536
2026-02-01 14:40:24,368 - WARNING - ⚠️ No date found for 0022400166
2026-02-01 14:40:24,369 - WARNING - ⚠️ No date found for 0022300618
2026-02-01 14:40:24,370 - WARNING - ⚠️ No date found for 0022400473
2026-02-01 14:40:24,371 - WARNING - ⚠️ No date found for 0022400189
2026-02-01 14:40:24,372 - WARNING - ⚠️ No date found for 0022300248
2026-02-01 14:40:24,373 - WARNING - ⚠️ No date found for 0022400023
2026-02-01 14:40:24,377 - WARNING - ⚠️ No date found for 0022301009
2026-02-01 14:40:24,378 - WARNING - ⚠️ No date found for 0022400920
2026-02-01 14:40:24,379 - WARNING - ⚠️ No date found for 0022300161
2026-02-01 14:40:24,382 - WARNING - ⚠️ No date found for 0022300531
2026-02-01 14:40:24,384 - WARNING - ⚠️ No date found for 0022300862
2026-02-01 14:40:24,385 - WARNING - ⚠️ No date found for 0042400156
2026-02-01 14:40:24,388 - WARNING - ⚠️ No date found for 0022300927
2026-02-01 14:40:24,390 - WARNING - ⚠️ No date found for 0022300024
2026-02-01 14:40:24,393 - WARNING - ⚠️ No date found for 0022300474
2026-02-01 14:40:24,396 - WARNING - ⚠️ No date found for 0022400408
2026-02-01 14:40:24,398 - WARNING - ⚠️ No date found for 0022300663
2026-02-01 14:40:24,399 - WARNING - ⚠️ No date found for 0022300399
2026-02-01 14:40:24,400 - WARNING - ⚠️ No date found for 0022400058
2026-02-01 14:40:24,402 - WARNING - ⚠️ No date found for 0022300233
2026-02-01 14:40:24,403 - WARNING - ⚠️ No date found for 0022401219
2026-02-01 14:40:24,404 - WARNING - ⚠️ No date found for 0022301072
2026-02-01 14:40:24,405 - WARNING - ⚠️ No date found for 0042400204
2026-02-01 14:40:24,407 - WARNING - ⚠️ No date found for 0022301137
2026-02-01 14:40:24,408 - WARNING - ⚠️ No date found for 0012300003
2026-02-01 14:40:24,410 - WARNING - ⚠️ No date found for 0022300726
2026-02-01 14:40:24,411 - WARNING - ⚠️ No date found for 0022300376
2026-02-01 14:40:24,412 - WARNING - ⚠️ No date found for 0042300203
2026-02-01 14:40:24,414 - WARNING - ⚠️ No date found for 0022401075
2026-02-01 14:40:24,417 - WARNING - ⚠️ No date found for 0022400234
2026-02-01 14:40:24,420 - WARNING - ⚠️ No date found for 0022400664
2026-02-01 14:40:24,422 - WARNING - ⚠️ No date found for 0022400371
2026-02-01 14:40:24,425 - WARNING - ⚠️ No date found for 0022400721
2026-02-01 14:40:24,428 - WARNING - ⚠️ No date found for 0022300819
2026-02-01 14:40:24,430 - WARNING - ⚠️ No date found for 0012400004
2026-02-01 14:40:24,431 - WARNING - ⚠️ No date found for 0022401130
2026-02-01 14:40:24,433 - WARNING - ⚠️ No date found for 0022301025
2026-02-01 14:40:24,435 - WARNING - ⚠️ No date found for 0022300264
2026-02-01 14:40:24,436 - WARNING - ⚠️ No date found for 0022300634
2026-02-01 14:40:24,437 - WARNING - ⚠️ No date found for 0022300321
2026-02-01 14:40:24,442 - WARNING - ⚠️ No date found for 0022300771
2026-02-01 14:40:24,443 - WARNING - ⚠️ No date found for 0022400849
2026-02-01 14:40:24,444 - WARNING - ⚠️ No date found for 0012300054
2026-02-01 14:40:24,446 - WARNING - ⚠️ No date found for 0022301160
2026-02-01 14:40:24,448 - WARNING - ⚠️ No date found for 0022300458
2026-02-01 14:40:24,449 - WARNING - ⚠️ No date found for 0022400633
2026-02-01 14:40:24,452 - WARNING - ⚠️ No date found for 0022300008
2026-02-01 14:40:24,454 - WARNING - ⚠️ No date found for 0022400263
2026-02-01 14:40:24,455 - WARNING - ⚠️ No date found for 0022400799
2026-02-01 14:40:24,458 - WARNING - ⚠️ No date found for 0022401022
2026-02-01 14:40:24,460 - WARNING - ⚠️ No date found for 0022401188
2026-02-01 14:40:24,463 - WARNING - ⚠️ No date found for 0022401167
2026-02-01 14:40:24,465 - WARNING - ⚠️ No date found for 0042300311
2026-02-01 14:40:24,466 - WARNING - ⚠️ No date found for 0012400053
2026-02-01 14:40:24,470 - WARNING - ⚠️ No date found for 0022400776
2026-02-01 14:40:24,473 - WARNING - ⚠️ No date found for 0022400326
2026-02-01 14:40:24,474 - WARNING - ⚠️ No date found for 0022300622
2026-02-01 14:40:24,475 - WARNING - ⚠️ No date found for 0022400449
2026-02-01 14:40:24,477 - WARNING - ⚠️ No date found for 0022300272
2026-02-01 14:40:24,480 - WARNING - ⚠️ No date found for 0022400019
2026-02-01 14:40:24,481 - WARNING - ⚠️ No date found for 0022300788
2026-02-01 14:40:24,483 - WARNING - ⚠️ No date found for 0022301033
2026-02-01 14:40:24,484 - WARNING - ⚠️ No date found for 0022301199
2026-02-01 14:40:24,485 - WARNING - ⚠️ No date found for 0022301176
2026-02-01 14:40:24,488 - WARNING - ⚠️ No date found for 0012300042
2026-02-01 14:40:24,489 - WARNING - ⚠️ No date found for 0022300767
2026-02-01 14:40:24,494 - WARNING - ⚠️ No date found for 0022300337
2026-02-01 14:40:24,496 - WARNING - ⚠️ No date found for 0022401034
2026-02-01 14:40:24,499 - WARNING - ⚠️ No date found for 0022400275
2026-02-01 14:40:24,504 - WARNING - ⚠️ No date found for 0022400625
2026-02-01 14:40:24,505 - WARNING - ⚠️ No date found for 0022400330
2026-02-01 14:40:24,509 - WARNING - ⚠️ No date found for 0022400760
2026-02-01 14:40:24,511 - WARNING - ⚠️ No date found for 0022300858
2026-02-01 14:40:24,513 - WARNING - ⚠️ No date found for 0012400045
2026-02-01 14:40:24,514 - WARNING - ⚠️ No date found for 0022401171
2026-02-01 14:40:24,518 - WARNING - ⚠️ No date found for 0042400212
2026-02-01 14:40:24,519 - WARNING - ⚠️ No date found for 0022301064
2026-02-01 14:40:24,520 - WARNING - ⚠️ No date found for 0022300225
2026-02-01 14:40:24,521 - WARNING - ⚠️ No date found for 0022300675
2026-02-01 14:40:24,524 - WARNING - ⚠️ No date found for 0022300360
2026-02-01 14:40:24,528 - WARNING - ⚠️ No date found for 0022300730
2026-02-01 14:40:24,529 - WARNING - ⚠️ No date found for 0022400808
2026-02-01 14:40:24,530 - WARNING - ⚠️ No date found for 0012300015
2026-02-01 14:40:24,531 - WARNING - ⚠️ No date found for 0022301121
2026-02-01 14:40:24,532 - WARNING - ⚠️ No date found for 0022400672
2026-02-01 14:40:24,533 - WARNING - ⚠️ No date found for 0022300419
2026-02-01 14:40:24,535 - WARNING - ⚠️ No date found for 0022400388
2026-02-01 14:40:24,538 - WARNING - ⚠️ No date found for 0022400222
2026-02-01 14:40:24,539 - WARNING - ⚠️ No date found for 0022300049
2026-02-01 14:40:24,543 - WARNING - ⚠️ No date found for 0022401063
2026-02-01 14:40:24,544 - WARNING - ⚠️ No date found for 0022301208
2026-02-01 14:40:24,546 - WARNING - ⚠️ No date found for 0042300215
2026-02-01 14:40:24,547 - WARNING - ⚠️ No date found for 0022401126
2026-02-01 14:40:24,549 - WARNING - ⚠️ No date found for 0012400012
2026-02-01 14:40:24,553 - WARNING - ⚠️ No date found for 0022400737
2026-02-01 14:40:24,556 - WARNING - ⚠️ No date found for 0022400367
2026-02-01 14:40:24,558 - WARNING - ⚠️ No date found for 0022401204
2026-02-01 14:40:24,559 - WARNING - ⚠️ No date found for 0022400946
2026-02-01 14:40:24,560 - WARNING - ⚠️ No date found for 0022300384
2026-02-01 14:40:24,562 - WARNING - ⚠️ No date found for 0022400415
2026-02-01 14:40:24,566 - WARNING - ⚠️ No date found for 0022400045
2026-02-01 14:40:24,568 - WARNING - ⚠️ No date found for 0022400550
2026-02-01 14:40:24,569 - WARNING - ⚠️ No date found for 0022400100
2026-02-01 14:40:24,572 - WARNING - ⚠️ No date found for 0022300691
2026-02-01 14:40:24,573 - WARNING - ⚠️ No date found for 0022400803
2026-02-01 14:40:24,574 - WARNING - ⚠️ No date found for 0042300137
2026-02-01 14:40:24,575 - WARNING - ⚠️ No date found for 0022301080
2026-02-01 14:40:24,576 - WARNING - ⚠️ No date found for 0022400229
2026-02-01 14:40:24,577 - WARNING - ⚠️ No date found for 0022300042
2026-02-01 14:40:24,578 - WARNING - ⚠️ No date found for 0022400679
2026-02-01 14:40:24,579 - WARNING - ⚠️ No date found for 0022300412
2026-02-01 14:40:24,581 - WARNING - ⚠️ No date found for 0022400383
2026-02-01 14:40:24,582 - WARNING - ⚠️ No date found for 0022300941
2026-02-01 14:40:24,583 - WARNING - ⚠️ No date found for 0022401068
2026-02-01 14:40:24,584 - WARNING - ⚠️ No date found for 0022301203
2026-02-01 14:40:24,586 - WARNING - ⚠️ No date found for 0012400019
2026-02-01 14:40:24,587 - WARNING - ⚠️ No date found for 0022401087
2026-02-01 14:40:24,589 - WARNING - ⚠️ No date found for 0022300804
2026-02-01 14:40:24,590 - WARNING - ⚠️ No date found for 0022400696
2026-02-01 14:40:24,591 - WARNING - ⚠️ No date found for 0022300107
2026-02-01 14:40:24,592 - WARNING - ⚠️ No date found for 0022300557
2026-02-01 14:40:24,594 - WARNING - ⚠️ No date found for 0022300279
2026-02-01 14:40:24,595 - WARNING - ⚠️ No date found for 0022400012
2026-02-01 14:40:24,598 - WARNING - ⚠️ No date found for 0022300783
2026-02-01 14:40:24,599 - WARNING - ⚠️ No date found for 0022300629
2026-02-01 14:40:24,600 - WARNING - ⚠️ No date found for 0022400442
2026-02-01 14:40:24,602 - WARNING - ⚠️ No date found for 0022400911
2026-02-01 14:40:24,603 - WARNING - ⚠️ No date found for 0022301192
2026-02-01 14:40:24,604 - WARNING - ⚠️ No date found for 0022301038
2026-02-01 14:40:24,605 - WARNING - ⚠️ No date found for 0012300049
2026-02-01 14:40:24,607 - WARNING - ⚠️ No date found for 0022400854
2026-02-01 14:40:24,607 - WARNING - ⚠️ No date found for 0032400021
2026-02-01 14:40:24,611 - WARNING - ⚠️ No date found for 0022400157
2026-02-01 14:40:24,612 - WARNING - ⚠️ No date found for 0022300296
2026-02-01 14:40:24,613 - WARNING - ⚠️ No date found for 0022400507
2026-02-01 14:40:24,615 - WARNING - ⚠️ No date found for 0022401195
2026-02-01 14:40:24,617 - WARNING - ⚠️ No date found for 0022300916
2026-02-01 14:40:24,619 - WARNING - ⚠️ No date found for 0022300445
2026-02-01 14:40:24,621 - WARNING - ⚠️ No date found for 0022400784
2026-02-01 14:40:24,622 - WARNING - ⚠️ No date found for 0022300015
2026-02-01 14:40:24,624 - WARNING - ⚠️ No date found for 0022300500
2026-02-01 14:40:24,625 - WARNING - ⚠️ No date found for 0022400291
2026-02-01 14:40:24,629 - WARNING - ⚠️ No date found for 0022300150
2026-02-01 14:40:24,634 - WARNING - ⚠️ No date found for 0022300853
2026-02-01 14:40:24,635 - WARNING - ⚠️ No date found for 0022301184
2026-02-01 14:40:24,636 - WARNING - ⚠️ No date found for 0022400907
2026-02-01 14:40:24,638 - WARNING - ⚠️ No date found for 0022400454
2026-02-01 14:40:24,639 - WARNING - ⚠️ No date found for 0022300795
2026-02-01 14:40:24,643 - WARNING - ⚠️ No date found for 0022400004
2026-02-01 14:40:24,647 - WARNING - ⚠️ No date found for 0022400511
2026-02-01 14:40:24,648 - WARNING - ⚠️ No date found for 0022300280
2026-02-01 14:40:24,650 - WARNING - ⚠️ No date found for 0022400141
2026-02-01 14:40:24,653 - WARNING - ⚠️ No date found for 0022400842
2026-02-01 14:40:24,654 - WARNING - ⚠️ No date found for 0042300176
2026-02-01 14:40:24,655 - WARNING - ⚠️ No date found for 0022300003
2026-02-01 14:40:24,656 - WARNING - ⚠️ No date found for 0022400268
2026-02-01 14:40:24,657 - WARNING - ⚠️ No date found for 0022400792
2026-02-01 14:40:24,658 - WARNING - ⚠️ No date found for 0022300453
2026-02-01 14:40:24,659 - WARNING - ⚠️ No date found for 0022400638
2026-02-01 14:40:24,660 - WARNING - ⚠️ No date found for 0022300900
2026-02-01 14:40:24,661 - WARNING - ⚠️ No date found for 0022401183
2026-02-01 14:40:24,662 - WARNING - ⚠️ No date found for 0022401029
2026-02-01 14:40:24,664 - WARNING - ⚠️ No date found for 0042400171
2026-02-01 14:40:24,665 - WARNING - ⚠️ No date found for 0012400058
2026-02-01 14:40:24,667 - WARNING - ⚠️ No date found for 0022300845
2026-02-01 14:40:24,668 - WARNING - ⚠️ No date found for 0022300146
2026-02-01 14:40:24,670 - WARNING - ⚠️ No date found for 0022400287
2026-02-01 14:40:24,671 - WARNING - ⚠️ No date found for 0022300516
2026-02-01 14:40:24,672 - WARNING - ⚠️ No date found for 0022400053
2026-02-01 14:40:24,673 - WARNING - ⚠️ No date found for 0022300238
2026-02-01 14:40:24,676 - WARNING - ⚠️ No date found for 0022400403
2026-02-01 14:40:24,678 - WARNING - ⚠️ No date found for 0022300668
2026-02-01 14:40:24,679 - WARNING - ⚠️ No date found for 0022300392
2026-02-01 14:40:24,680 - WARNING - ⚠️ No date found for 0022400950
2026-02-01 14:40:24,681 - WARNING - ⚠️ No date found for 0022401212
2026-02-01 14:40:24,682 - WARNING - ⚠️ No date found for 0022301079
2026-02-01 14:40:24,684 - WARNING - ⚠️ No date found for 0022301096
2026-02-01 14:40:24,685 - WARNING - ⚠️ No date found for 0012300008
2026-02-01 14:40:24,687 - WARNING - ⚠️ No date found for 0042300121
2026-02-01 14:40:24,688 - WARNING - ⚠️ No date found for 0022400815
2026-02-01 14:40:24,690 - WARNING - ⚠️ No date found for 0022300687
2026-02-01 14:40:24,694 - WARNING - ⚠️ No date found for 0022400116
2026-02-01 14:40:24,695 - WARNING - ⚠️ No date found for 0022400546
2026-02-01 14:40:24,696 - WARNING - ⚠️ No date found for 0022301215
2026-02-01 14:40:24,698 - WARNING - ⚠️ No date found for 0022300957
2026-02-01 14:40:24,699 - WARNING - ⚠️ No date found for 0022400395
2026-02-01 14:40:24,700 - WARNING - ⚠️ No date found for 0022300404
2026-02-01 14:40:24,701 - WARNING - ⚠️ No date found for 0022300054
2026-02-01 14:40:24,703 - WARNING - ⚠️ No date found for 0022300541
2026-02-01 14:40:24,707 - WARNING - ⚠️ No date found for 0022300111
2026-02-01 14:40:24,708 - WARNING - ⚠️ No date found for 0022400680
2026-02-01 14:40:24,712 - WARNING - ⚠️ No date found for 0022300812
2026-02-01 14:40:24,713 - WARNING - ⚠️ No date found for 0022401091
2026-02-01 14:40:24,714 - WARNING - ⚠️ No date found for 0042400126
2026-02-01 14:40:24,716 - WARNING - ⚠️ No date found for 0012300073
2026-02-01 14:40:24,718 - WARNING - ⚠️ No date found for 0022301147
2026-02-01 14:40:24,719 - WARNING - ⚠️ No date found for 0022400497
2026-02-01 14:40:24,721 - WARNING - ⚠️ No date found for 0022300306
2026-02-01 14:40:24,722 - WARNING - ⚠️ No date found for 0022300756
2026-02-01 14:40:24,724 - WARNING - ⚠️ No date found for 0022300243
2026-02-01 14:40:24,725 - WARNING - ⚠️ No date found for 0022400028
2026-02-01 14:40:24,727 - WARNING - ⚠️ No date found for 0022300613
2026-02-01 14:40:24,729 - WARNING - ⚠️ No date found for 0022400478
2026-02-01 14:40:24,730 - WARNING - ⚠️ No date found for 0022400182
2026-02-01 14:40:24,732 - WARNING - ⚠️ No date found for 0022301002
2026-02-01 14:40:24,733 - WARNING - ⚠️ No date found for 0022400881
2026-02-01 14:40:24,735 - WARNING - ⚠️ No date found for 0022400751
2026-02-01 14:40:24,738 - WARNING - ⚠️ No date found for 0022400301
2026-02-01 14:40:24,739 - WARNING - ⚠️ No date found for 0022300490
2026-02-01 14:40:24,742 - WARNING - ⚠️ No date found for 0022401140
2026-02-01 14:40:24,745 - WARNING - ⚠️ No date found for 0022300869
2026-02-01 14:40:24,746 - WARNING - ⚠️ No date found for 0012400074
2026-02-01 14:40:24,747 - WARNING - ⚠️ No date found for 0022300886
2026-02-01 14:40:24,748 - WARNING - ⚠️ No date found for 0022401005
2026-02-01 14:40:24,750 - WARNING - ⚠️ No date found for 0022300185
2026-02-01 14:40:24,751 - WARNING - ⚠️ No date found for 0022400614
2026-02-01 14:40:24,754 - WARNING - ⚠️ No date found for 0022400244
2026-02-01 14:40:24,755 - WARNING - ⚠️ No date found for 0022300701
2026-02-01 14:40:24,756 - WARNING - ⚠️ No date found for 0022400090
2026-02-01 14:40:24,757 - WARNING - ⚠️ No date found for 0022300351
2026-02-01 14:40:24,760 - WARNING - ⚠️ No date found for 0022301110
2026-02-01 14:40:24,761 - WARNING - ⚠️ No date found for 0022400993
2026-02-01 14:40:24,761 - INFO -    Processed 1000/3390 files...
2026-02-01 14:40:24,762 - WARNING - ⚠️ No date found for 0022400839
2026-02-01 14:40:24,764 - WARNING - ⚠️ No date found for 0012300024
2026-02-01 14:40:24,765 - WARNING - ⚠️ No date found for 0022301055
2026-02-01 14:40:24,766 - WARNING - ⚠️ No date found for 0042400223
2026-02-01 14:40:24,768 - WARNING - ⚠️ No date found for 0022300644
2026-02-01 14:40:24,769 - WARNING - ⚠️ No date found for 0022400585
2026-02-01 14:40:24,770 - WARNING - ⚠️ No date found for 0022300214
2026-02-01 14:40:24,771 - WARNING - ⚠️ No date found for 0012400023
2026-02-01 14:40:24,772 - WARNING - ⚠️ No date found for 0022300994
2026-02-01 14:40:24,773 - WARNING - ⚠️ No date found for 0022401117
2026-02-01 14:40:24,776 - WARNING - ⚠️ No date found for 0022400356
2026-02-01 14:40:24,778 - WARNING - ⚠️ No date found for 0022300097
2026-02-01 14:40:24,780 - WARNING - ⚠️ No date found for 0022400706
2026-02-01 14:40:24,782 - WARNING - ⚠️ No date found for 0022400213
2026-02-01 14:40:24,783 - WARNING - ⚠️ No date found for 0022300078
2026-02-01 14:40:24,784 - WARNING - ⚠️ No date found for 0022300582
2026-02-01 14:40:24,788 - WARNING - ⚠️ No date found for 0022400643
2026-02-01 14:40:24,789 - WARNING - ⚠️ No date found for 0022300428
2026-02-01 14:40:24,793 - WARNING - ⚠️ No date found for 0042300224
2026-02-01 14:40:24,795 - WARNING - ⚠️ No date found for 0022401052
2026-02-01 14:40:24,796 - WARNING - ⚠️ No date found for 0012300032
2026-02-01 14:40:24,798 - WARNING - ⚠️ No date found for 0022400985
2026-02-01 14:40:24,799 - WARNING - ⚠️ No date found for 0022301106
2026-02-01 14:40:24,800 - WARNING - ⚠️ No date found for 0022300347
2026-02-01 14:40:24,801 - WARNING - ⚠️ No date found for 0022400086
2026-02-01 14:40:24,802 - WARNING - ⚠️ No date found for 0022300717
2026-02-01 14:40:24,804 - WARNING - ⚠️ No date found for 0022400069
2026-02-01 14:40:24,805 - WARNING - ⚠️ No date found for 0022300202
2026-02-01 14:40:24,806 - WARNING - ⚠️ No date found for 0022400593
2026-02-01 14:40:24,807 - WARNING - ⚠️ No date found for 0022400439
2026-02-01 14:40:24,808 - WARNING - ⚠️ No date found for 0022300652
2026-02-01 14:40:24,810 - WARNING - ⚠️ No date found for 0042400235
2026-02-01 14:40:24,811 - WARNING - ⚠️ No date found for 0022401228
2026-02-01 14:40:24,812 - WARNING - ⚠️ No date found for 0022301043
2026-02-01 14:40:24,816 - WARNING - ⚠️ No date found for 0022400710
2026-02-01 14:40:24,819 - WARNING - ⚠️ No date found for 0022300081
2026-02-01 14:40:24,820 - WARNING - ⚠️ No date found for 0052300201
2026-02-01 14:40:24,821 - WARNING - ⚠️ No date found for 0022400340
2026-02-01 14:40:24,824 - WARNING - ⚠️ No date found for 0022401101
2026-02-01 14:40:24,826 - WARNING - ⚠️ No date found for 0022300982
2026-02-01 14:40:24,828 - WARNING - ⚠️ No date found for 0022300828
2026-02-01 14:40:24,829 - WARNING - ⚠️ No date found for 0012400035
2026-02-01 14:40:24,830 - WARNING - ⚠️ No date found for 0022401044
2026-02-01 14:40:24,831 - WARNING - ⚠️ No date found for 0042300232
2026-02-01 14:40:24,834 - WARNING - ⚠️ No date found for 0022400655
2026-02-01 14:40:24,837 - WARNING - ⚠️ No date found for 0022300594
2026-02-01 14:40:24,838 - WARNING - ⚠️ No date found for 0022400205
2026-02-01 14:40:24,839 - WARNING - ⚠️ No date found for 0022300740
2026-02-01 14:40:24,840 - WARNING - ⚠️ No date found for 0022300310
2026-02-01 14:40:24,841 - WARNING - ⚠️ No date found for 0022400481
2026-02-01 14:40:24,844 - WARNING - ⚠️ No date found for 0022301151
2026-02-01 14:40:24,846 - WARNING - ⚠️ No date found for 0022400878
2026-02-01 14:40:24,847 - WARNING - ⚠️ No date found for 0012300065
2026-02-01 14:40:24,848 - WARNING - ⚠️ No date found for 0022400897
2026-02-01 14:40:24,849 - WARNING - ⚠️ No date found for 0022301014
2026-02-01 14:40:24,851 - WARNING - ⚠️ No date found for 0022400194
2026-02-01 14:40:24,852 - WARNING - ⚠️ No date found for 0022300605
2026-02-01 14:40:24,853 - WARNING - ⚠️ No date found for 0022300255
2026-02-01 14:40:24,854 - WARNING - ⚠️ No date found for 0012400062
2026-02-01 14:40:24,855 - WARNING - ⚠️ No date found for 0022401156
2026-02-01 14:40:24,858 - WARNING - ⚠️ No date found for 0022300486
2026-02-01 14:40:24,860 - WARNING - ⚠️ No date found for 0022400317
2026-02-01 14:40:24,863 - WARNING - ⚠️ No date found for 0022400747
2026-02-01 14:40:24,864 - WARNING - ⚠️ No date found for 0022300039
2026-02-01 14:40:24,866 - WARNING - ⚠️ No date found for 0022400252
2026-02-01 14:40:24,869 - WARNING - ⚠️ No date found for 0022300469
2026-02-01 14:40:24,870 - WARNING - ⚠️ No date found for 0022400602
2026-02-01 14:40:24,873 - WARNING - ⚠️ No date found for 0022300193
2026-02-01 14:40:24,874 - WARNING - ⚠️ No date found for 0022401013
2026-02-01 14:40:24,876 - WARNING - ⚠️ No date found for 0022300890
2026-02-01 14:40:24,877 - WARNING - ⚠️ No date found for 0022401064
2026-02-01 14:40:24,878 - WARNING - ⚠️ No date found for 0042300212
2026-02-01 14:40:24,881 - WARNING - ⚠️ No date found for 0022400675
2026-02-01 14:40:24,884 - WARNING - ⚠️ No date found for 0022400225
2026-02-01 14:40:24,885 - WARNING - ⚠️ No date found for 0022400730
2026-02-01 14:40:24,888 - WARNING - ⚠️ No date found for 0022400360
2026-02-01 14:40:24,891 - WARNING - ⚠️ No date found for 0022401121
2026-02-01 14:40:24,893 - WARNING - ⚠️ No date found for 0022300808
2026-02-01 14:40:24,894 - WARNING - ⚠️ No date found for 0012400015
2026-02-01 14:40:24,895 - WARNING - ⚠️ No date found for 0022400049
2026-02-01 14:40:24,897 - WARNING - ⚠️ No date found for 0022300222
2026-02-01 14:40:24,902 - WARNING - ⚠️ No date found for 0022400419
2026-02-01 14:40:24,902 - WARNING - ⚠️ No date found for 0022300672
2026-02-01 14:40:24,903 - WARNING - ⚠️ No date found for 0022300388
2026-02-01 14:40:24,904 - WARNING - ⚠️ No date found for 0042400215
2026-02-01 14:40:24,905 - WARNING - ⚠️ No date found for 0022401208
2026-02-01 14:40:24,907 - WARNING - ⚠️ No date found for 0022301063
2026-02-01 14:40:24,908 - WARNING - ⚠️ No date found for 0012300012
2026-02-01 14:40:24,909 - WARNING - ⚠️ No date found for 0022301126
2026-02-01 14:40:24,911 - WARNING - ⚠️ No date found for 0022300367
2026-02-01 14:40:24,912 - WARNING - ⚠️ No date found for 0022300737
2026-02-01 14:40:24,913 - WARNING - ⚠️ No date found for 0022300019
2026-02-01 14:40:24,914 - WARNING - ⚠️ No date found for 0022400272
2026-02-01 14:40:24,915 - WARNING - ⚠️ No date found for 0022400788
2026-02-01 14:40:24,918 - WARNING - ⚠️ No date found for 0022300449
2026-02-01 14:40:24,920 - WARNING - ⚠️ No date found for 0022400622
2026-02-01 14:40:24,923 - WARNING - ⚠️ No date found for 0022401199
2026-02-01 14:40:24,924 - WARNING - ⚠️ No date found for 0022401033
2026-02-01 14:40:24,925 - WARNING - ⚠️ No date found for 0012400042
2026-02-01 14:40:24,929 - WARNING - ⚠️ No date found for 0022401176
2026-02-01 14:40:24,932 - WARNING - ⚠️ No date found for 0022400337
2026-02-01 14:40:24,935 - WARNING - ⚠️ No date found for 0022400767
2026-02-01 14:40:24,936 - WARNING - ⚠️ No date found for 0022301034
2026-02-01 14:40:24,937 - WARNING - ⚠️ No date found for 0022300625
2026-02-01 14:40:24,941 - WARNING - ⚠️ No date found for 0022300275
2026-02-01 14:40:24,943 - WARNING - ⚠️ No date found for 0022300760
2026-02-01 14:40:24,944 - WARNING - ⚠️ No date found for 0022300330
2026-02-01 14:40:24,947 - WARNING - ⚠️ No date found for 0022301171
2026-02-01 14:40:24,948 - WARNING - ⚠️ No date found for 0022400858
2026-02-01 14:40:24,949 - WARNING - ⚠️ No date found for 0012300045
2026-02-01 14:40:24,951 - WARNING - ⚠️ No date found for 0022401025
2026-02-01 14:40:24,954 - WARNING - ⚠️ No date found for 0022400634
2026-02-01 14:40:24,957 - WARNING - ⚠️ No date found for 0022400264
2026-02-01 14:40:24,959 - WARNING - ⚠️ No date found for 0022400771
2026-02-01 14:40:24,962 - WARNING - ⚠️ No date found for 0022400321
2026-02-01 14:40:24,965 - WARNING - ⚠️ No date found for 0022401160
2026-02-01 14:40:24,968 - WARNING - ⚠️ No date found for 0022300849
2026-02-01 14:40:24,970 - WARNING - ⚠️ No date found for 0012400054
2026-02-01 14:40:24,971 - WARNING - ⚠️ No date found for 0022300263
2026-02-01 14:40:24,973 - WARNING - ⚠️ No date found for 0022400008
2026-02-01 14:40:24,974 - WARNING - ⚠️ No date found for 0022300799
2026-02-01 14:40:24,975 - WARNING - ⚠️ No date found for 0022300633
2026-02-01 14:40:24,976 - WARNING - ⚠️ No date found for 0022400458
2026-02-01 14:40:24,977 - WARNING - ⚠️ No date found for 0022301188
2026-02-01 14:40:24,978 - WARNING - ⚠️ No date found for 0022301022
2026-02-01 14:40:24,982 - WARNING - ⚠️ No date found for 0012300053
2026-02-01 14:40:24,983 - WARNING - ⚠️ No date found for 0042400311
2026-02-01 14:40:24,984 - WARNING - ⚠️ No date found for 0022301167
2026-02-01 14:40:24,985 - WARNING - ⚠️ No date found for 0022300326
2026-02-01 14:40:24,986 - WARNING - ⚠️ No date found for 0022300776
2026-02-01 14:40:24,988 - WARNING - ⚠️ No date found for 0022400233
2026-02-01 14:40:24,989 - WARNING - ⚠️ No date found for 0022300058
2026-02-01 14:40:24,991 - WARNING - ⚠️ No date found for 0022400663
2026-02-01 14:40:24,993 - WARNING - ⚠️ No date found for 0022300408
2026-02-01 14:40:24,995 - WARNING - ⚠️ No date found for 0022400399
2026-02-01 14:40:24,998 - WARNING - ⚠️ No date found for 0042300204
2026-02-01 14:40:24,999 - WARNING - ⚠️ No date found for 0022401072
2026-02-01 14:40:25,002 - WARNING - ⚠️ No date found for 0022301219
2026-02-01 14:40:25,003 - WARNING - ⚠️ No date found for 0012400003
2026-02-01 14:40:25,004 - WARNING - ⚠️ No date found for 0022401137
2026-02-01 14:40:25,005 - WARNING - ⚠️ No date found for 0022400376
2026-02-01 14:40:25,007 - WARNING - ⚠️ No date found for 0022400726
2026-02-01 14:40:25,009 - WARNING - ⚠️ No date found for 0022301075
2026-02-01 14:40:25,010 - WARNING - ⚠️ No date found for 0042400203
2026-02-01 14:40:25,011 - WARNING - ⚠️ No date found for 0022300664
2026-02-01 14:40:25,014 - WARNING - ⚠️ No date found for 0022300234
2026-02-01 14:40:25,015 - WARNING - ⚠️ No date found for 0022300721
2026-02-01 14:40:25,017 - WARNING - ⚠️ No date found for 0022300371
2026-02-01 14:40:25,019 - WARNING - ⚠️ No date found for 0022301130
2026-02-01 14:40:25,021 - WARNING - ⚠️ No date found for 0022400819
2026-02-01 14:40:25,022 - WARNING - ⚠️ No date found for 0012300004
2026-02-01 14:40:25,023 - WARNING - ⚠️ No date found for 0042400151
2026-02-01 14:40:25,024 - WARNING - ⚠️ No date found for 0022300865
2026-02-01 14:40:25,027 - WARNING - ⚠️ No date found for 0022300166
2026-02-01 14:40:25,029 - WARNING - ⚠️ No date found for 0022300536
2026-02-01 14:40:25,030 - WARNING - ⚠️ No date found for 0022300023
2026-02-01 14:40:25,031 - WARNING - ⚠️ No date found for 0022400248
2026-02-01 14:40:25,033 - WARNING - ⚠️ No date found for 0022300473
2026-02-01 14:40:25,036 - WARNING - ⚠️ No date found for 0022400618
2026-02-01 14:40:25,037 - WARNING - ⚠️ No date found for 0022300189
2026-02-01 14:40:25,038 - WARNING - ⚠️ No date found for 0022300920
2026-02-01 14:40:25,039 - WARNING - ⚠️ No date found for 0022401009
2026-02-01 14:40:25,041 - WARNING - ⚠️ No date found for 0022400531
2026-02-01 14:40:25,042 - WARNING - ⚠️ No date found for 0022400161
2026-02-01 14:40:25,045 - WARNING - ⚠️ No date found for 0022400862
2026-02-01 14:40:25,046 - WARNING - ⚠️ No date found for 0022400927
2026-02-01 14:40:25,047 - WARNING - ⚠️ No date found for 0022400474
2026-02-01 14:40:25,051 - WARNING - ⚠️ No date found for 0022400024
2026-02-01 14:40:25,052 - WARNING - ⚠️ No date found for 0022300561
2026-02-01 14:40:25,056 - WARNING - ⚠️ No date found for 0022300131
2026-02-01 14:40:25,060 - WARNING - ⚠️ No date found for 0022300998
2026-02-01 14:40:25,061 - WARNING - ⚠️ No date found for 0022300832
2026-02-01 14:40:25,062 - WARNING - ⚠️ No date found for 0022300977
2026-02-01 14:40:25,063 - WARNING - ⚠️ No date found for 0022300424
2026-02-01 14:40:25,064 - WARNING - ⚠️ No date found for 0022300074
2026-02-01 14:40:25,067 - WARNING - ⚠️ No date found for 0012300028
2026-02-01 14:40:25,068 - WARNING - ⚠️ No date found for 0042300101
2026-02-01 14:40:25,069 - WARNING - ⚠️ No date found for 0022400835
2026-02-01 14:40:25,073 - WARNING - ⚠️ No date found for 0022400136
2026-02-01 14:40:25,074 - WARNING - ⚠️ No date found for 0022400566
2026-02-01 14:40:25,075 - WARNING - ⚠️ No date found for 0022400073
2026-02-01 14:40:25,077 - WARNING - ⚠️ No date found for 0022300218
2026-02-01 14:40:25,078 - WARNING - ⚠️ No date found for 0022400589
2026-02-01 14:40:25,080 - WARNING - ⚠️ No date found for 0022400423
2026-02-01 14:40:25,081 - WARNING - ⚠️ No date found for 0022300648
2026-02-01 14:40:25,083 - WARNING - ⚠️ No date found for 0022400970
2026-02-01 14:40:25,084 - WARNING - ⚠️ No date found for 0022301059
2026-02-01 14:40:25,086 - WARNING - ⚠️ No date found for 0012400039
2026-02-01 14:40:25,087 - WARNING - ⚠️ No date found for 0022300824
2026-02-01 14:40:25,088 - WARNING - ⚠️ No date found for 0022300127
2026-02-01 14:40:25,091 - WARNING - ⚠️ No date found for 0022300577
2026-02-01 14:40:25,095 - WARNING - ⚠️ No date found for 0022400209
2026-02-01 14:40:25,096 - WARNING - ⚠️ No date found for 0022300062
2026-02-01 14:40:25,097 - WARNING - ⚠️ No date found for 0022300598
2026-02-01 14:40:25,098 - WARNING - ⚠️ No date found for 0022400659
2026-02-01 14:40:25,099 - WARNING - ⚠️ No date found for 0022300432
2026-02-01 14:40:25,100 - WARNING - ⚠️ No date found for 0022300961
2026-02-01 14:40:25,101 - WARNING - ⚠️ No date found for 0022401048
2026-02-01 14:40:25,102 - WARNING - ⚠️ No date found for 0022301223
2026-02-01 14:40:25,103 - WARNING - ⚠️ No date found for 0042400405
2026-02-01 14:40:25,104 - WARNING - ⚠️ No date found for 0022400570
2026-02-01 14:40:25,106 - WARNING - ⚠️ No date found for 0022400120
2026-02-01 14:40:25,109 - WARNING - ⚠️ No date found for 0022400989
2026-02-01 14:40:25,110 - WARNING - ⚠️ No date found for 0022400823
2026-02-01 14:40:25,111 - WARNING - ⚠️ No date found for 0042300402
2026-02-01 14:40:25,112 - WARNING - ⚠️ No date found for 0022401224
2026-02-01 14:40:25,114 - WARNING - ⚠️ No date found for 0022400966
2026-02-01 14:40:25,115 - WARNING - ⚠️ No date found for 0022400435
2026-02-01 14:40:25,118 - WARNING - ⚠️ No date found for 0022400065
2026-02-01 14:40:25,120 - WARNING - ⚠️ No date found for 0022300520
2026-02-01 14:40:25,123 - WARNING - ⚠️ No date found for 0022300170
2026-02-01 14:40:25,126 - WARNING - ⚠️ No date found for 0032300006
2026-02-01 14:40:25,127 - WARNING - ⚠️ No date found for 0022300873
2026-02-01 14:40:25,128 - WARNING - ⚠️ No date found for 0022300936
2026-02-01 14:40:25,131 - WARNING - ⚠️ No date found for 0022300465
2026-02-01 14:40:25,132 - WARNING - ⚠️ No date found for 0022300035
2026-02-01 14:40:25,133 - WARNING - ⚠️ No date found for 0012300069
2026-02-01 14:40:25,134 - WARNING - ⚠️ No date found for 0022400874
2026-02-01 14:40:25,137 - WARNING - ⚠️ No date found for 0022400177
2026-02-01 14:40:25,138 - WARNING - ⚠️ No date found for 0022400527
2026-02-01 14:40:25,140 - WARNING - ⚠️ No date found for 0022300259
2026-02-01 14:40:25,141 - WARNING - ⚠️ No date found for 0022400032
2026-02-01 14:40:25,144 - WARNING - ⚠️ No date found for 0022300609
2026-02-01 14:40:25,145 - WARNING - ⚠️ No date found for 0022400462
2026-02-01 14:40:25,146 - WARNING - ⚠️ No date found for 0022400198
2026-02-01 14:40:25,148 - WARNING - ⚠️ No date found for 0022400931
2026-02-01 14:40:25,149 - WARNING - ⚠️ No date found for 0022301018
2026-02-01 14:40:25,150 - WARNING - ⚠️ No date found for 0012300068
2026-02-01 14:40:25,151 - WARNING - ⚠️ No date found for 0042300141
2026-02-01 14:40:25,152 - WARNING - ⚠️ No date found for 0022400875
2026-02-01 14:40:25,159 - WARNING - ⚠️ No date found for 0022400176
2026-02-01 14:40:25,160 - WARNING - ⚠️ No date found for 0022400526
2026-02-01 14:40:25,162 - WARNING - ⚠️ No date found for 0022400033
2026-02-01 14:40:25,163 - WARNING - ⚠️ No date found for 0022300258
2026-02-01 14:40:25,165 - WARNING - ⚠️ No date found for 0022400463
2026-02-01 14:40:25,167 - WARNING - ⚠️ No date found for 0022300608
2026-02-01 14:40:25,168 - WARNING - ⚠️ No date found for 0022400199
2026-02-01 14:40:25,169 - WARNING - ⚠️ No date found for 0022400930
2026-02-01 14:40:25,170 - WARNING - ⚠️ No date found for 0022301019
2026-02-01 14:40:25,172 - WARNING - ⚠️ No date found for 0022300521
2026-02-01 14:40:25,175 - WARNING - ⚠️ No date found for 0022300171
2026-02-01 14:40:25,178 - WARNING - ⚠️ No date found for 0022300872
2026-02-01 14:40:25,180 - WARNING - ⚠️ No date found for 0022300937
2026-02-01 14:40:25,181 - WARNING - ⚠️ No date found for 0022300464
2026-02-01 14:40:25,185 - WARNING - ⚠️ No date found for 0022300034
2026-02-01 14:40:25,187 - WARNING - ⚠️ No date found for 0022400571
2026-02-01 14:40:25,188 - WARNING - ⚠️ No date found for 0022400121
2026-02-01 14:40:25,191 - WARNING - ⚠️ No date found for 0022400988
2026-02-01 14:40:25,192 - WARNING - ⚠️ No date found for 0022400822
2026-02-01 14:40:25,193 - WARNING - ⚠️ No date found for 0042300116
2026-02-01 14:40:25,195 - WARNING - ⚠️ No date found for 0042300403
2026-02-01 14:40:25,196 - WARNING - ⚠️ No date found for 0022401225
2026-02-01 14:40:25,197 - WARNING - ⚠️ No date found for 0022400967
2026-02-01 14:40:25,198 - WARNING - ⚠️ No date found for 0022400434
2026-02-01 14:40:25,201 - WARNING - ⚠️ No date found for 0022400064
2026-02-01 14:40:25,202 - WARNING - ⚠️ No date found for 0042400111
2026-02-01 14:40:25,203 - WARNING - ⚠️ No date found for 0012400038
2026-02-01 14:40:25,205 - WARNING - ⚠️ No date found for 0022300825
2026-02-01 14:40:25,206 - WARNING - ⚠️ No date found for 0022300126
2026-02-01 14:40:25,207 - WARNING - ⚠️ No date found for 0022300576
2026-02-01 14:40:25,210 - WARNING - ⚠️ No date found for 0022300063
2026-02-01 14:40:25,214 - WARNING - ⚠️ No date found for 0022400208
2026-02-01 14:40:25,215 - WARNING - ⚠️ No date found for 0022300599
2026-02-01 14:40:25,216 - WARNING - ⚠️ No date found for 0022300433
2026-02-01 14:40:25,217 - WARNING - ⚠️ No date found for 0022400658
2026-02-01 14:40:25,218 - WARNING - ⚠️ No date found for 0022300960
2026-02-01 14:40:25,219 - WARNING - ⚠️ No date found for 0022301222
2026-02-01 14:40:25,220 - WARNING - ⚠️ No date found for 0022401049
2026-02-01 14:40:25,222 - WARNING - ⚠️ No date found for 0042400404
2026-02-01 14:40:25,223 - WARNING - ⚠️ No date found for 0012300029
2026-02-01 14:40:25,224 - WARNING - ⚠️ No date found for 0022400834
2026-02-01 14:40:25,227 - WARNING - ⚠️ No date found for 0022400137
2026-02-01 14:40:25,228 - WARNING - ⚠️ No date found for 0022400567
2026-02-01 14:40:25,229 - WARNING - ⚠️ No date found for 0022300219
2026-02-01 14:40:25,230 - WARNING - ⚠️ No date found for 0022400072
2026-02-01 14:40:25,231 - WARNING - ⚠️ No date found for 0022400588
2026-02-01 14:40:25,235 - WARNING - ⚠️ No date found for 0022300649
2026-02-01 14:40:25,236 - WARNING - ⚠️ No date found for 0022400422
2026-02-01 14:40:25,237 - WARNING - ⚠️ No date found for 0022400971
2026-02-01 14:40:25,238 - WARNING - ⚠️ No date found for 0022301058
2026-02-01 14:40:25,241 - WARNING - ⚠️ No date found for 0022300560
2026-02-01 14:40:25,244 - WARNING - ⚠️ No date found for 0022300130
2026-02-01 14:40:25,248 - WARNING - ⚠️ No date found for 0022300999
2026-02-01 14:40:25,249 - WARNING - ⚠️ No date found for 0022300833
2026-02-01 14:40:25,251 - WARNING - ⚠️ No date found for 0022300976
2026-02-01 14:40:25,252 - WARNING - ⚠️ No date found for 0022300425
2026-02-01 14:40:25,256 - WARNING - ⚠️ No date found for 0022300075
2026-02-01 14:40:25,257 - WARNING - ⚠️ No date found for 0022400530
2026-02-01 14:40:25,259 - WARNING - ⚠️ No date found for 0022400160
2026-02-01 14:40:25,263 - WARNING - ⚠️ No date found for 0022400863
2026-02-01 14:40:25,264 - WARNING - ⚠️ No date found for 0022400926
2026-02-01 14:40:25,265 - WARNING - ⚠️ No date found for 0022400475
2026-02-01 14:40:25,268 - WARNING - ⚠️ No date found for 0022400025
2026-02-01 14:40:25,269 - WARNING - ⚠️ No date found for 0022300864
2026-02-01 14:40:25,270 - WARNING - ⚠️ No date found for 0022300167
2026-02-01 14:40:25,271 - WARNING - ⚠️ No date found for 0022300537
2026-02-01 14:40:25,273 - WARNING - ⚠️ No date found for 0022400249
2026-02-01 14:40:25,274 - WARNING - ⚠️ No date found for 0022300022
2026-02-01 14:40:25,277 - WARNING - ⚠️ No date found for 0022400619
2026-02-01 14:40:25,278 - WARNING - ⚠️ No date found for 0022300472
2026-02-01 14:40:25,280 - WARNING - ⚠️ No date found for 0022300188
2026-02-01 14:40:25,281 - WARNING - ⚠️ No date found for 0022300921
2026-02-01 14:40:25,282 - WARNING - ⚠️ No date found for 0022401008
2026-02-01 14:40:25,283 - WARNING - ⚠️ No date found for 0022301074
2026-02-01 14:40:25,285 - WARNING - ⚠️ No date found for 0062400001
2026-02-01 14:40:25,286 - WARNING - ⚠️ No date found for 0042400202
2026-02-01 14:40:25,289 - WARNING - ⚠️ No date found for 0022300665
2026-02-01 14:40:25,290 - WARNING - ⚠️ No date found for 0022300235
2026-02-01 14:40:25,291 - WARNING - ⚠️ No date found for 0022300720
2026-02-01 14:40:25,292 - WARNING - ⚠️ No date found for 0022300370
2026-02-01 14:40:25,296 - WARNING - ⚠️ No date found for 0022301131
2026-02-01 14:40:25,297 - WARNING - ⚠️ No date found for 0022400818
2026-02-01 14:40:25,298 - WARNING - ⚠️ No date found for 0012300005
2026-02-01 14:40:25,299 - WARNING - ⚠️ No date found for 0022300059
2026-02-01 14:40:25,300 - WARNING - ⚠️ No date found for 0022400232
2026-02-01 14:40:25,303 - WARNING - ⚠️ No date found for 0022300409
2026-02-01 14:40:25,304 - WARNING - ⚠️ No date found for 0022400662
2026-02-01 14:40:25,305 - WARNING - ⚠️ No date found for 0022400398
2026-02-01 14:40:25,308 - WARNING - ⚠️ No date found for 0042300205
2026-02-01 14:40:25,309 - WARNING - ⚠️ No date found for 0022301218
2026-02-01 14:40:25,310 - WARNING - ⚠️ No date found for 0022401073
2026-02-01 14:40:25,311 - WARNING - ⚠️ No date found for 0012400002
2026-02-01 14:40:25,312 - WARNING - ⚠️ No date found for 0022401136
2026-02-01 14:40:25,313 - WARNING - ⚠️ No date found for 0022400377
2026-02-01 14:40:25,317 - WARNING - ⚠️ No date found for 0022400727
2026-02-01 14:40:25,318 - WARNING - ⚠️ No date found for 0022400009
2026-02-01 14:40:25,320 - WARNING - ⚠️ No date found for 0022300262
2026-02-01 14:40:25,321 - WARNING - ⚠️ No date found for 0022300798
2026-02-01 14:40:25,322 - WARNING - ⚠️ No date found for 0022400459
2026-02-01 14:40:25,323 - WARNING - ⚠️ No date found for 0022300632
2026-02-01 14:40:25,325 - WARNING - ⚠️ No date found for 0022301189
2026-02-01 14:40:25,327 - WARNING - ⚠️ No date found for 0022301023
2026-02-01 14:40:25,328 - WARNING - ⚠️ No date found for 0012300052
2026-02-01 14:40:25,330 - WARNING - ⚠️ No date found for 0022301166
2026-02-01 14:40:25,332 - WARNING - ⚠️ No date found for 0022300327
2026-02-01 14:40:25,335 - WARNING - ⚠️ No date found for 0022300777
2026-02-01 14:40:25,336 - WARNING - ⚠️ No date found for 0022401024
2026-02-01 14:40:25,339 - WARNING - ⚠️ No date found for 0022400635
2026-02-01 14:40:25,342 - WARNING - ⚠️ No date found for 0022400265
2026-02-01 14:40:25,343 - WARNING - ⚠️ No date found for 0022400770
2026-02-01 14:40:25,349 - WARNING - ⚠️ No date found for 0022400320
2026-02-01 14:40:25,351 - WARNING - ⚠️ No date found for 0022401161
2026-02-01 14:40:25,355 - WARNING - ⚠️ No date found for 0022300848
2026-02-01 14:40:25,356 - WARNING - ⚠️ No date found for 0012400055
2026-02-01 14:40:25,357 - WARNING - ⚠️ No date found for 0022301035
2026-02-01 14:40:25,358 - WARNING - ⚠️ No date found for 0022300624
2026-02-01 14:40:25,360 - WARNING - ⚠️ No date found for 0022300274
2026-02-01 14:40:25,361 - WARNING - ⚠️ No date found for 0022300761
2026-02-01 14:40:25,364 - WARNING - ⚠️ No date found for 0022300331
2026-02-01 14:40:25,368 - WARNING - ⚠️ No date found for 0022301170
2026-02-01 14:40:25,369 - WARNING - ⚠️ No date found for 0022400859
2026-02-01 14:40:25,372 - WARNING - ⚠️ No date found for 0012300044
2026-02-01 14:40:25,374 - WARNING - ⚠️ No date found for 0042400306
2026-02-01 14:40:25,375 - WARNING - ⚠️ No date found for 0022400273
2026-02-01 14:40:25,377 - WARNING - ⚠️ No date found for 0022300018
2026-02-01 14:40:25,378 - WARNING - ⚠️ No date found for 0022400789
2026-02-01 14:40:25,382 - WARNING - ⚠️ No date found for 0022400623
2026-02-01 14:40:25,383 - WARNING - ⚠️ No date found for 0022300448
2026-02-01 14:40:25,386 - WARNING - ⚠️ No date found for 0022401198
2026-02-01 14:40:25,388 - WARNING - ⚠️ No date found for 0022401032
2026-02-01 14:40:25,389 - WARNING - ⚠️ No date found for 0012400043
2026-02-01 14:40:25,390 - WARNING - ⚠️ No date found for 0042300301
2026-02-01 14:40:25,394 - WARNING - ⚠️ No date found for 0022401177
2026-02-01 14:40:25,397 - WARNING - ⚠️ No date found for 0022400336
2026-02-01 14:40:25,401 - WARNING - ⚠️ No date found for 0022400766
2026-02-01 14:40:25,402 - WARNING - ⚠️ No date found for 0022300223
2026-02-01 14:40:25,403 - WARNING - ⚠️ No date found for 0022400048
2026-02-01 14:40:25,405 - WARNING - ⚠️ No date found for 0022300673
2026-02-01 14:40:25,408 - WARNING - ⚠️ No date found for 0022400418
2026-02-01 14:40:25,409 - WARNING - ⚠️ No date found for 0022300389
2026-02-01 14:40:25,411 - WARNING - ⚠️ No date found for 0042400214
2026-02-01 14:40:25,412 - WARNING - ⚠️ No date found for 0022301062
2026-02-01 14:40:25,413 - WARNING - ⚠️ No date found for 0022401209
2026-02-01 14:40:25,414 - WARNING - ⚠️ No date found for 0012300013
2026-02-01 14:40:25,416 - WARNING - ⚠️ No date found for 0022301127
2026-02-01 14:40:25,417 - WARNING - ⚠️ No date found for 0022300366
2026-02-01 14:40:25,419 - WARNING - ⚠️ No date found for 0022300736
2026-02-01 14:40:25,420 - WARNING - ⚠️ No date found for 0022401065
2026-02-01 14:40:25,421 - WARNING - ⚠️ No date found for 0042300213
2026-02-01 14:40:25,424 - WARNING - ⚠️ No date found for 0022400674
2026-02-01 14:40:25,428 - WARNING - ⚠️ No date found for 0022400224
2026-02-01 14:40:25,429 - WARNING - ⚠️ No date found for 0022400731
2026-02-01 14:40:25,433 - WARNING - ⚠️ No date found for 0022400361
2026-02-01 14:40:25,436 - WARNING - ⚠️ No date found for 0022401120
2026-02-01 14:40:25,438 - WARNING - ⚠️ No date found for 0022300809
2026-02-01 14:40:25,440 - WARNING - ⚠️ No date found for 0012400014
2026-02-01 14:40:25,441 - WARNING - ⚠️ No date found for 0012400063
2026-02-01 14:40:25,443 - WARNING - ⚠️ No date found for 0022401157
2026-02-01 14:40:25,444 - WARNING - ⚠️ No date found for 0022300487
2026-02-01 14:40:25,448 - WARNING - ⚠️ No date found for 0022400316
2026-02-01 14:40:25,451 - WARNING - ⚠️ No date found for 0022400746
2026-02-01 14:40:25,452 - WARNING - ⚠️ No date found for 0022400253
2026-02-01 14:40:25,454 - WARNING - ⚠️ No date found for 0022300038
2026-02-01 14:40:25,457 - WARNING - ⚠️ No date found for 0022400603
2026-02-01 14:40:25,458 - WARNING - ⚠️ No date found for 0022300468
2026-02-01 14:40:25,460 - WARNING - ⚠️ No date found for 0022300192
2026-02-01 14:40:25,463 - WARNING - ⚠️ No date found for 0022401012
2026-02-01 14:40:25,464 - WARNING - ⚠️ No date found for 0022300891
2026-02-01 14:40:25,466 - WARNING - ⚠️ No date found for 0022300741
2026-02-01 14:40:25,466 - INFO -    Processed 1500/3390 files...
2026-02-01 14:40:25,468 - WARNING - ⚠️ No date found for 0022300311
2026-02-01 14:40:25,469 - WARNING - ⚠️ No date found for 0022400480
2026-02-01 14:40:25,473 - WARNING - ⚠️ No date found for 0022301150
2026-02-01 14:40:25,474 - WARNING - ⚠️ No date found for 0022400879
2026-02-01 14:40:25,475 - WARNING - ⚠️ No date found for 0012300064
2026-02-01 14:40:25,477 - WARNING - ⚠️ No date found for 0022400896
2026-02-01 14:40:25,478 - WARNING - ⚠️ No date found for 0022301015
2026-02-01 14:40:25,480 - WARNING - ⚠️ No date found for 0022400195
2026-02-01 14:40:25,481 - WARNING - ⚠️ No date found for 0022300604
2026-02-01 14:40:25,483 - WARNING - ⚠️ No date found for 0022300254
2026-02-01 14:40:25,487 - WARNING - ⚠️ No date found for 0022400711
2026-02-01 14:40:25,488 - WARNING - ⚠️ No date found for 0022300080
2026-02-01 14:40:25,493 - WARNING - ⚠️ No date found for 0022400341
2026-02-01 14:40:25,497 - WARNING - ⚠️ No date found for 0022401100
2026-02-01 14:40:25,499 - WARNING - ⚠️ No date found for 0022300983
2026-02-01 14:40:25,500 - WARNING - ⚠️ No date found for 0022300829
2026-02-01 14:40:25,502 - WARNING - ⚠️ No date found for 0012400034
2026-02-01 14:40:25,503 - WARNING - ⚠️ No date found for 0022401045
2026-02-01 14:40:25,505 - WARNING - ⚠️ No date found for 0042300233
2026-02-01 14:40:25,508 - WARNING - ⚠️ No date found for 0022400654
2026-02-01 14:40:25,509 - WARNING - ⚠️ No date found for 0022300595
2026-02-01 14:40:25,513 - WARNING - ⚠️ No date found for 0022400204
2026-02-01 14:40:25,514 - WARNING - ⚠️ No date found for 0012300033
2026-02-01 14:40:25,516 - WARNING - ⚠️ No date found for 0022400984
2026-02-01 14:40:25,518 - WARNING - ⚠️ No date found for 0022301107
2026-02-01 14:40:25,519 - WARNING - ⚠️ No date found for 0022300346
2026-02-01 14:40:25,520 - WARNING - ⚠️ No date found for 0022400087
2026-02-01 14:40:25,522 - WARNING - ⚠️ No date found for 0022300716
2026-02-01 14:40:25,523 - WARNING - ⚠️ No date found for 0022300203
2026-02-01 14:40:25,525 - WARNING - ⚠️ No date found for 0022400068
2026-02-01 14:40:25,527 - WARNING - ⚠️ No date found for 0022400592
2026-02-01 14:40:25,529 - WARNING - ⚠️ No date found for 0022300653
2026-02-01 14:40:25,530 - WARNING - ⚠️ No date found for 0022400438
2026-02-01 14:40:25,531 - WARNING - ⚠️ No date found for 0042400234
2026-02-01 14:40:25,533 - WARNING - ⚠️ No date found for 0022301042
2026-02-01 14:40:25,534 - WARNING - ⚠️ No date found for 0022401229
2026-02-01 14:40:25,536 - WARNING - ⚠️ No date found for 0012400022
2026-02-01 14:40:25,537 - WARNING - ⚠️ No date found for 0022300995
2026-02-01 14:40:25,539 - WARNING - ⚠️ No date found for 0022401116
2026-02-01 14:40:25,543 - WARNING - ⚠️ No date found for 0022400357
2026-02-01 14:40:25,546 - WARNING - ⚠️ No date found for 0022300096
2026-02-01 14:40:25,547 - WARNING - ⚠️ No date found for 0022400707
2026-02-01 14:40:25,548 - WARNING - ⚠️ No date found for 0022300079
2026-02-01 14:40:25,551 - WARNING - ⚠️ No date found for 0022400212
2026-02-01 14:40:25,554 - WARNING - ⚠️ No date found for 0022300583
2026-02-01 14:40:25,555 - WARNING - ⚠️ No date found for 0022300429
2026-02-01 14:40:25,557 - WARNING - ⚠️ No date found for 0022400642
2026-02-01 14:40:25,560 - WARNING - ⚠️ No date found for 0042300225
2026-02-01 14:40:25,562 - WARNING - ⚠️ No date found for 0022401053
2026-02-01 14:40:25,564 - WARNING - ⚠️ No date found for 0022300700
2026-02-01 14:40:25,566 - WARNING - ⚠️ No date found for 0052400211
2026-02-01 14:40:25,567 - WARNING - ⚠️ No date found for 0022400091
2026-02-01 14:40:25,569 - WARNING - ⚠️ No date found for 0022300350
2026-02-01 14:40:25,572 - WARNING - ⚠️ No date found for 0022301111
2026-02-01 14:40:25,573 - WARNING - ⚠️ No date found for 0022400992
2026-02-01 14:40:25,575 - WARNING - ⚠️ No date found for 0022400838
2026-02-01 14:40:25,577 - WARNING - ⚠️ No date found for 0012300025
2026-02-01 14:40:25,578 - WARNING - ⚠️ No date found for 0022301054
2026-02-01 14:40:25,579 - WARNING - ⚠️ No date found for 0042400222
2026-02-01 14:40:25,581 - WARNING - ⚠️ No date found for 0022300645
2026-02-01 14:40:25,583 - WARNING - ⚠️ No date found for 0022400584
2026-02-01 14:40:25,584 - WARNING - ⚠️ No date found for 0022300215
2026-02-01 14:40:25,585 - WARNING - ⚠️ No date found for 0022400750
2026-02-01 14:40:25,589 - WARNING - ⚠️ No date found for 0022400300
2026-02-01 14:40:25,592 - WARNING - ⚠️ No date found for 0022300491
2026-02-01 14:40:25,593 - WARNING - ⚠️ No date found for 0022401141
2026-02-01 14:40:25,596 - WARNING - ⚠️ No date found for 0022300868
2026-02-01 14:40:25,598 - WARNING - ⚠️ No date found for 0022300887
2026-02-01 14:40:25,599 - WARNING - ⚠️ No date found for 0022401004
2026-02-01 14:40:25,601 - WARNING - ⚠️ No date found for 0022300184
2026-02-01 14:40:25,603 - WARNING - ⚠️ No date found for 0022400615
2026-02-01 14:40:25,606 - WARNING - ⚠️ No date found for 0022400245
2026-02-01 14:40:25,608 - WARNING - ⚠️ No date found for 0012300072
2026-02-01 14:40:25,609 - WARNING - ⚠️ No date found for 0022301146
2026-02-01 14:40:25,610 - WARNING - ⚠️ No date found for 0022400496
2026-02-01 14:40:25,612 - WARNING - ⚠️ No date found for 0022300307
2026-02-01 14:40:25,613 - WARNING - ⚠️ No date found for 0022300757
2026-02-01 14:40:25,614 - WARNING - ⚠️ No date found for 0022400029
2026-02-01 14:40:25,615 - WARNING - ⚠️ No date found for 0022300242
2026-02-01 14:40:25,617 - WARNING - ⚠️ No date found for 0022400479
2026-02-01 14:40:25,618 - WARNING - ⚠️ No date found for 0022300612
2026-02-01 14:40:25,619 - WARNING - ⚠️ No date found for 0022400183
2026-02-01 14:40:25,621 - WARNING - ⚠️ No date found for 0022301003
2026-02-01 14:40:25,622 - WARNING - ⚠️ No date found for 0022400880
2026-02-01 14:40:25,624 - WARNING - ⚠️ No date found for 0022301214
2026-02-01 14:40:25,625 - WARNING - ⚠️ No date found for 0022300956
2026-02-01 14:40:25,627 - WARNING - ⚠️ No date found for 0022400394
2026-02-01 14:40:25,629 - WARNING - ⚠️ No date found for 0022300405
2026-02-01 14:40:25,630 - WARNING - ⚠️ No date found for 0022300055
2026-02-01 14:40:25,632 - WARNING - ⚠️ No date found for 0022300540
2026-02-01 14:40:25,636 - WARNING - ⚠️ No date found for 0022300110
2026-02-01 14:40:25,637 - WARNING - ⚠️ No date found for 0022400681
2026-02-01 14:40:25,641 - WARNING - ⚠️ No date found for 0022300813
2026-02-01 14:40:25,642 - WARNING - ⚠️ No date found for 0022401090
2026-02-01 14:40:25,643 - WARNING - ⚠️ No date found for 0022300239
2026-02-01 14:40:25,645 - WARNING - ⚠️ No date found for 0022400052
2026-02-01 14:40:25,648 - WARNING - ⚠️ No date found for 0022300669
2026-02-01 14:40:25,649 - WARNING - ⚠️ No date found for 0022400402
2026-02-01 14:40:25,651 - WARNING - ⚠️ No date found for 0022300393
2026-02-01 14:40:25,652 - WARNING - ⚠️ No date found for 0022400951
2026-02-01 14:40:25,653 - WARNING - ⚠️ No date found for 0022301078
2026-02-01 14:40:25,655 - WARNING - ⚠️ No date found for 0022401213
2026-02-01 14:40:25,656 - WARNING - ⚠️ No date found for 0012300009
2026-02-01 14:40:25,658 - WARNING - ⚠️ No date found for 0022301097
2026-02-01 14:40:25,659 - WARNING - ⚠️ No date found for 0022400814
2026-02-01 14:40:25,663 - WARNING - ⚠️ No date found for 0022300686
2026-02-01 14:40:25,665 - WARNING - ⚠️ No date found for 0022400117
2026-02-01 14:40:25,666 - WARNING - ⚠️ No date found for 0022400547
2026-02-01 14:40:25,668 - WARNING - ⚠️ No date found for 0022400269
2026-02-01 14:40:25,669 - WARNING - ⚠️ No date found for 0022300002
2026-02-01 14:40:25,671 - WARNING - ⚠️ No date found for 0022400793
2026-02-01 14:40:25,673 - WARNING - ⚠️ No date found for 0022400639
2026-02-01 14:40:25,674 - WARNING - ⚠️ No date found for 0022300452
2026-02-01 14:40:25,676 - WARNING - ⚠️ No date found for 0022300901
2026-02-01 14:40:25,677 - WARNING - ⚠️ No date found for 0022401182
2026-02-01 14:40:25,678 - WARNING - ⚠️ No date found for 0022401028
2026-02-01 14:40:25,679 - WARNING - ⚠️ No date found for 0012400059
2026-02-01 14:40:25,680 - WARNING - ⚠️ No date found for 0022300844
2026-02-01 14:40:25,681 - WARNING - ⚠️ No date found for 0022300147
2026-02-01 14:40:25,683 - WARNING - ⚠️ No date found for 0022400286
2026-02-01 14:40:25,684 - WARNING - ⚠️ No date found for 0022300517
2026-02-01 14:40:25,686 - WARNING - ⚠️ No date found for 0022301185
2026-02-01 14:40:25,687 - WARNING - ⚠️ No date found for 0022400906
2026-02-01 14:40:25,688 - WARNING - ⚠️ No date found for 0022400455
2026-02-01 14:40:25,691 - WARNING - ⚠️ No date found for 0022300794
2026-02-01 14:40:25,693 - WARNING - ⚠️ No date found for 0022400005
2026-02-01 14:40:25,696 - WARNING - ⚠️ No date found for 0022400510
2026-02-01 14:40:25,698 - WARNING - ⚠️ No date found for 0022300281
2026-02-01 14:40:25,700 - WARNING - ⚠️ No date found for 0022400140
2026-02-01 14:40:25,703 - WARNING - ⚠️ No date found for 0022400843
2026-02-01 14:40:25,705 - WARNING - ⚠️ No date found for 0022401194
2026-02-01 14:40:25,706 - WARNING - ⚠️ No date found for 0022300917
2026-02-01 14:40:25,707 - WARNING - ⚠️ No date found for 0022300444
2026-02-01 14:40:25,709 - WARNING - ⚠️ No date found for 0022400785
2026-02-01 14:40:25,710 - WARNING - ⚠️ No date found for 0022300014
2026-02-01 14:40:25,711 - WARNING - ⚠️ No date found for 0022300501
2026-02-01 14:40:25,713 - WARNING - ⚠️ No date found for 0022400290
2026-02-01 14:40:25,717 - WARNING - ⚠️ No date found for 0022300151
2026-02-01 14:40:25,723 - WARNING - ⚠️ No date found for 0022300852
2026-02-01 14:40:25,725 - WARNING - ⚠️ No date found for 0022400013
2026-02-01 14:40:25,726 - WARNING - ⚠️ No date found for 0022300278
2026-02-01 14:40:25,729 - WARNING - ⚠️ No date found for 0022300782
2026-02-01 14:40:25,732 - WARNING - ⚠️ No date found for 0022400443
2026-02-01 14:40:25,733 - WARNING - ⚠️ No date found for 0022300628
2026-02-01 14:40:25,734 - WARNING - ⚠️ No date found for 0022400910
2026-02-01 14:40:25,736 - WARNING - ⚠️ No date found for 0022301193
2026-02-01 14:40:25,737 - WARNING - ⚠️ No date found for 0022301039
2026-02-01 14:40:25,739 - WARNING - ⚠️ No date found for 0012300048
2026-02-01 14:40:25,740 - WARNING - ⚠️ No date found for 0042300161
2026-02-01 14:40:25,741 - WARNING - ⚠️ No date found for 0022400855
2026-02-01 14:40:25,745 - WARNING - ⚠️ No date found for 0022400156
2026-02-01 14:40:25,746 - WARNING - ⚠️ No date found for 0022300297
2026-02-01 14:40:25,747 - WARNING - ⚠️ No date found for 0022400506
2026-02-01 14:40:25,748 - WARNING - ⚠️ No date found for 0022300043
2026-02-01 14:40:25,750 - WARNING - ⚠️ No date found for 0022400228
2026-02-01 14:40:25,751 - WARNING - ⚠️ No date found for 0022300413
2026-02-01 14:40:25,752 - WARNING - ⚠️ No date found for 0022400678
2026-02-01 14:40:25,754 - WARNING - ⚠️ No date found for 0022400382
2026-02-01 14:40:25,755 - WARNING - ⚠️ No date found for 0022300940
2026-02-01 14:40:25,756 - WARNING - ⚠️ No date found for 0022301202
2026-02-01 14:40:25,758 - WARNING - ⚠️ No date found for 0022401069
2026-02-01 14:40:25,760 - WARNING - ⚠️ No date found for 0022401086
2026-02-01 14:40:25,761 - WARNING - ⚠️ No date found for 0042400131
2026-02-01 14:40:25,763 - WARNING - ⚠️ No date found for 0012400018
2026-02-01 14:40:25,764 - WARNING - ⚠️ No date found for 0022300805
2026-02-01 14:40:25,766 - WARNING - ⚠️ No date found for 0022400697
2026-02-01 14:40:25,767 - WARNING - ⚠️ No date found for 0022300106
2026-02-01 14:40:25,769 - WARNING - ⚠️ No date found for 0022300556
2026-02-01 14:40:25,771 - WARNING - ⚠️ No date found for 0022401205
2026-02-01 14:40:25,773 - WARNING - ⚠️ No date found for 0022400947
2026-02-01 14:40:25,776 - WARNING - ⚠️ No date found for 0022300385
2026-02-01 14:40:25,777 - WARNING - ⚠️ No date found for 0022400414
2026-02-01 14:40:25,780 - WARNING - ⚠️ No date found for 0022400044
2026-02-01 14:40:25,781 - WARNING - ⚠️ No date found for 0022400551
2026-02-01 14:40:25,782 - WARNING - ⚠️ No date found for 0022400101
2026-02-01 14:40:25,783 - WARNING - ⚠️ No date found for 0022300690
2026-02-01 14:40:25,786 - WARNING - ⚠️ No date found for 0022400802
2026-02-01 14:40:25,788 - WARNING - ⚠️ No date found for 0022301081
2026-02-01 14:40:25,789 - WARNING - ⚠️ No date found for 0042300136
2026-02-01 14:40:25,790 - WARNING - ⚠️ No date found for 0022300938
2026-02-01 14:40:25,791 - WARNING - ⚠️ No date found for 0022401011
2026-02-01 14:40:25,792 - WARNING - ⚠️ No date found for 0022300892
2026-02-01 14:40:25,794 - WARNING - ⚠️ No date found for 0022400250
2026-02-01 14:40:25,797 - WARNING - ⚠️ No date found for 0022400600
2026-02-01 14:40:25,801 - WARNING - ⚠️ No date found for 0022300191
2026-02-01 14:40:25,804 - WARNING - ⚠️ No date found for 0022300484
2026-02-01 14:40:25,807 - WARNING - ⚠️ No date found for 0022400315
2026-02-01 14:40:25,811 - WARNING - ⚠️ No date found for 0022400745
2026-02-01 14:40:25,812 - WARNING - ⚠️ No date found for 0012400060
2026-02-01 14:40:25,814 - WARNING - ⚠️ No date found for 0022401154
2026-02-01 14:40:25,815 - WARNING - ⚠️ No date found for 0022400196
2026-02-01 14:40:25,817 - WARNING - ⚠️ No date found for 0022300607
2026-02-01 14:40:25,818 - WARNING - ⚠️ No date found for 0022300257
2026-02-01 14:40:25,820 - WARNING - ⚠️ No date found for 0022400895
2026-02-01 14:40:25,822 - WARNING - ⚠️ No date found for 0022301016
2026-02-01 14:40:25,823 - WARNING - ⚠️ No date found for 0022301153
2026-02-01 14:40:25,824 - WARNING - ⚠️ No date found for 0012300067
2026-02-01 14:40:25,826 - WARNING - ⚠️ No date found for 0022300742
2026-02-01 14:40:25,827 - WARNING - ⚠️ No date found for 0022400529
2026-02-01 14:40:25,828 - WARNING - ⚠️ No date found for 0022300312
2026-02-01 14:40:25,830 - WARNING - ⚠️ No date found for 0022400179
2026-02-01 14:40:25,831 - WARNING - ⚠️ No date found for 0022400483
2026-02-01 14:40:25,835 - WARNING - ⚠️ No date found for 0022400657
2026-02-01 14:40:25,837 - WARNING - ⚠️ No date found for 0022300596
2026-02-01 14:40:25,839 - WARNING - ⚠️ No date found for 0022400207
2026-02-01 14:40:25,841 - WARNING - ⚠️ No date found for 0022401046
2026-02-01 14:40:25,842 - WARNING - ⚠️ No date found for 0022401103
2026-02-01 14:40:25,843 - WARNING - ⚠️ No date found for 0022300980
2026-02-01 14:40:25,845 - WARNING - ⚠️ No date found for 0012400037
2026-02-01 14:40:25,846 - WARNING - ⚠️ No date found for 0022400712
2026-02-01 14:40:25,847 - WARNING - ⚠️ No date found for 0022300579
2026-02-01 14:40:25,849 - WARNING - ⚠️ No date found for 0022300083
2026-02-01 14:40:25,852 - WARNING - ⚠️ No date found for 0022400342
2026-02-01 14:40:25,853 - WARNING - ⚠️ No date found for 0022300129
2026-02-01 14:40:25,857 - WARNING - ⚠️ No date found for 0022400968
2026-02-01 14:40:25,858 - WARNING - ⚠️ No date found for 0022301041
2026-02-01 14:40:25,859 - WARNING - ⚠️ No date found for 0022300200
2026-02-01 14:40:25,863 - WARNING - ⚠️ No date found for 0022400591
2026-02-01 14:40:25,864 - WARNING - ⚠️ No date found for 0022300650
2026-02-01 14:40:25,865 - WARNING - ⚠️ No date found for 0022300345
2026-02-01 14:40:25,866 - WARNING - ⚠️ No date found for 0022400084
2026-02-01 14:40:25,868 - WARNING - ⚠️ No date found for 0022300715
2026-02-01 14:40:25,869 - WARNING - ⚠️ No date found for 0012300030
2026-02-01 14:40:25,870 - WARNING - ⚠️ No date found for 0022400987
2026-02-01 14:40:25,872 - WARNING - ⚠️ No date found for 0022301104
2026-02-01 14:40:25,873 - WARNING - ⚠️ No date found for 0022300979
2026-02-01 14:40:25,874 - WARNING - ⚠️ No date found for 0042300226
2026-02-01 14:40:25,875 - WARNING - ⚠️ No date found for 0022401050
2026-02-01 14:40:25,877 - WARNING - ⚠️ No date found for 0022400211
2026-02-01 14:40:25,882 - WARNING - ⚠️ No date found for 0022300580
2026-02-01 14:40:25,884 - WARNING - ⚠️ No date found for 0022400641
2026-02-01 14:40:25,890 - WARNING - ⚠️ No date found for 0022400354
2026-02-01 14:40:25,893 - WARNING - ⚠️ No date found for 0022300095
2026-02-01 14:40:25,895 - WARNING - ⚠️ No date found for 0022400704
2026-02-01 14:40:25,896 - WARNING - ⚠️ No date found for 0012400021
2026-02-01 14:40:25,898 - WARNING - ⚠️ No date found for 0022300996
2026-02-01 14:40:25,899 - WARNING - ⚠️ No date found for 0022401115
2026-02-01 14:40:25,900 - WARNING - ⚠️ No date found for 0022300646
2026-02-01 14:40:25,902 - WARNING - ⚠️ No date found for 0022400587
2026-02-01 14:40:25,903 - WARNING - ⚠️ No date found for 0022300216
2026-02-01 14:40:25,904 - WARNING - ⚠️ No date found for 0022301057
2026-02-01 14:40:25,906 - WARNING - ⚠️ No date found for 0042400221
2026-02-01 14:40:25,907 - WARNING - ⚠️ No date found for 0022301112
2026-02-01 14:40:25,909 - WARNING - ⚠️ No date found for 0022400991
2026-02-01 14:40:25,911 - WARNING - ⚠️ No date found for 0012300026
2026-02-01 14:40:25,912 - WARNING - ⚠️ No date found for 0022400568
2026-02-01 14:40:25,913 - WARNING - ⚠️ No date found for 0022300703
2026-02-01 14:40:25,914 - WARNING - ⚠️ No date found for 0022400092
2026-02-01 14:40:25,915 - WARNING - ⚠️ No date found for 0022400138
2026-02-01 14:40:25,916 - WARNING - ⚠️ No date found for 0022300353
2026-02-01 14:40:25,917 - WARNING - ⚠️ No date found for 0022300187
2026-02-01 14:40:25,919 - WARNING - ⚠️ No date found for 0022400616
2026-02-01 14:40:25,922 - WARNING - ⚠️ No date found for 0022400246
2026-02-01 14:40:25,923 - WARNING - ⚠️ No date found for 0022300884
2026-02-01 14:40:25,924 - WARNING - ⚠️ No date found for 0022401007
2026-02-01 14:40:25,926 - WARNING - ⚠️ No date found for 0022401142
2026-02-01 14:40:25,929 - WARNING - ⚠️ No date found for 0022300538
2026-02-01 14:40:25,930 - WARNING - ⚠️ No date found for 0022400753
2026-02-01 14:40:25,934 - WARNING - ⚠️ No date found for 0022300168
2026-02-01 14:40:25,936 - WARNING - ⚠️ No date found for 0022400303
2026-02-01 14:40:25,939 - WARNING - ⚠️ No date found for 0022300492
2026-02-01 14:40:25,940 - WARNING - ⚠️ No date found for 0022400929
2026-02-01 14:40:25,941 - WARNING - ⚠️ No date found for 0022301000
2026-02-01 14:40:25,943 - WARNING - ⚠️ No date found for 0022400883
2026-02-01 14:40:25,944 - WARNING - ⚠️ No date found for 0022300241
2026-02-01 14:40:25,946 - WARNING - ⚠️ No date found for 0022300611
2026-02-01 14:40:25,948 - WARNING - ⚠️ No date found for 0022400180
2026-02-01 14:40:25,949 - WARNING - ⚠️ No date found for 0022400495
2026-02-01 14:40:25,950 - WARNING - ⚠️ No date found for 0022300304
2026-02-01 14:40:25,951 - WARNING - ⚠️ No date found for 0022300754
2026-02-01 14:40:25,952 - WARNING - ⚠️ No date found for 0012300071
2026-02-01 14:40:25,954 - WARNING - ⚠️ No date found for 0022301145
2026-02-01 14:40:25,955 - WARNING - ⚠️ No date found for 0022401139
2026-02-01 14:40:25,957 - WARNING - ⚠️ No date found for 0022300810
2026-02-01 14:40:25,958 - WARNING - ⚠️ No date found for 0042400124
2026-02-01 14:40:25,959 - WARNING - ⚠️ No date found for 0022401093
2026-02-01 14:40:25,960 - WARNING - ⚠️ No date found for 0022400728
2026-02-01 14:40:25,962 - WARNING - ⚠️ No date found for 0022300543
2026-02-01 14:40:25,963 - WARNING - ⚠️ No date found for 0022400378
2026-02-01 14:40:25,964 - WARNING - ⚠️ No date found for 0022300113
2026-02-01 14:40:25,966 - WARNING - ⚠️ No date found for 0022400682
2026-02-01 14:40:25,967 - WARNING - ⚠️ No date found for 0022400397
2026-02-01 14:40:25,968 - WARNING - ⚠️ No date found for 0022300406
2026-02-01 14:40:25,969 - WARNING - ⚠️ No date found for 0022300056
2026-02-01 14:40:25,971 - WARNING - ⚠️ No date found for 0022301217
2026-02-01 14:40:25,972 - WARNING - ⚠️ No date found for 0022300955
2026-02-01 14:40:25,975 - WARNING - ⚠️ No date found for 0022300685
2026-02-01 14:40:25,976 - WARNING - ⚠️ No date found for 0022400114
2026-02-01 14:40:25,978 - WARNING - ⚠️ No date found for 0022400544
2026-02-01 14:40:25,979 - WARNING - ⚠️ No date found for 0042300123
2026-02-01 14:40:25,980 - WARNING - ⚠️ No date found for 0022301094
2026-02-01 14:40:25,981 - WARNING - ⚠️ No date found for 0022400817
2026-02-01 14:40:25,983 - WARNING - ⚠️ No date found for 0022400952
2026-02-01 14:40:25,985 - WARNING - ⚠️ No date found for 0022401210
2026-02-01 14:40:25,986 - WARNING - ⚠️ No date found for 0022400051
2026-02-01 14:40:25,990 - WARNING - ⚠️ No date found for 0022400401
2026-02-01 14:40:25,993 - WARNING - ⚠️ No date found for 0022300390
2026-02-01 14:40:25,995 - WARNING - ⚠️ No date found for 0022300144
2026-02-01 14:40:25,996 - WARNING - ⚠️ No date found for 0022400285
2026-02-01 14:40:25,997 - WARNING - ⚠️ No date found for 0022300514
2026-02-01 14:40:25,999 - WARNING - ⚠️ No date found for 0042400173
2026-02-01 14:40:26,000 - WARNING - ⚠️ No date found for 0022300847
2026-02-01 14:40:26,002 - WARNING - ⚠️ No date found for 0022300902
2026-02-01 14:40:26,003 - WARNING - ⚠️ No date found for 0022401181
2026-02-01 14:40:26,005 - WARNING - ⚠️ No date found for 0022300001
2026-02-01 14:40:26,008 - WARNING - ⚠️ No date found for 0022400790
2026-02-01 14:40:26,010 - WARNING - ⚠️ No date found for 0022300451
2026-02-01 14:40:26,013 - WARNING - ⚠️ No date found for 0022301169
2026-02-01 14:40:26,014 - WARNING - ⚠️ No date found for 0022400840
2026-02-01 14:40:26,015 - WARNING - ⚠️ No date found for 0042300174
2026-02-01 14:40:26,016 - WARNING - ⚠️ No date found for 0022300778
2026-02-01 14:40:26,017 - WARNING - ⚠️ No date found for 0022400513
2026-02-01 14:40:26,019 - WARNING - ⚠️ No date found for 0022300282
2026-02-01 14:40:26,020 - WARNING - ⚠️ No date found for 0022300328
2026-02-01 14:40:26,021 - WARNING - ⚠️ No date found for 0022400143
2026-02-01 14:40:26,024 - WARNING - ⚠️ No date found for 0022400456
2026-02-01 14:40:26,027 - WARNING - ⚠️ No date found for 0022300797
2026-02-01 14:40:26,029 - WARNING - ⚠️ No date found for 0022400006
2026-02-01 14:40:26,030 - WARNING - ⚠️ No date found for 0022301186
2026-02-01 14:40:26,031 - WARNING - ⚠️ No date found for 0022400905
2026-02-01 14:40:26,032 - WARNING - ⚠️ No date found for 0022401178
2026-02-01 14:40:26,034 - WARNING - ⚠️ No date found for 0022300851
2026-02-01 14:40:26,035 - WARNING - ⚠️ No date found for 0042400165
2026-02-01 14:40:26,036 - WARNING - ⚠️ No date found for 0022300502
2026-02-01 14:40:26,037 - WARNING - ⚠️ No date found for 0022400769
2026-02-01 14:40:26,039 - WARNING - ⚠️ No date found for 0022400293
2026-02-01 14:40:26,040 - WARNING - ⚠️ No date found for 0022300152
2026-02-01 14:40:26,041 - WARNING - ⚠️ No date found for 0022400339
2026-02-01 14:40:26,043 - WARNING - ⚠️ No date found for 0022300447
2026-02-01 14:40:26,044 - WARNING - ⚠️ No date found for 0022400786
2026-02-01 14:40:26,045 - WARNING - ⚠️ No date found for 0022300017
2026-02-01 14:40:26,047 - WARNING - ⚠️ No date found for 0022401197
2026-02-01 14:40:26,048 - WARNING - ⚠️ No date found for 0022300914
2026-02-01 14:40:26,051 - WARNING - ⚠️ No date found for 0022400155
2026-02-01 14:40:26,052 - WARNING - ⚠️ No date found for 0022300294
2026-02-01 14:40:26,053 - WARNING - ⚠️ No date found for 0022400505
2026-02-01 14:40:26,054 - WARNING - ⚠️ No date found for 0042300162
2026-02-01 14:40:26,056 - WARNING - ⚠️ No date found for 0022400856
2026-02-01 14:40:26,057 - WARNING - ⚠️ No date found for 0022400913
2026-02-01 14:40:26,058 - WARNING - ⚠️ No date found for 0022301190
2026-02-01 14:40:26,059 - WARNING - ⚠️ No date found for 0022400010
2026-02-01 14:40:26,061 - WARNING - ⚠️ No date found for 0022300781
2026-02-01 14:40:26,064 - WARNING - ⚠️ No date found for 0022400440
2026-02-01 14:40:26,065 - WARNING - ⚠️ No date found for 0022400694
2026-02-01 14:40:26,067 - WARNING - ⚠️ No date found for 0022300105
2026-02-01 14:40:26,068 - WARNING - ⚠️ No date found for 0022300555
2026-02-01 14:40:26,069 - WARNING - ⚠️ No date found for 0022401085
2026-02-01 14:40:26,071 - WARNING - ⚠️ No date found for 0042400132
2026-02-01 14:40:26,072 - WARNING - ⚠️ No date found for 0022300806
2026-02-01 14:40:26,073 - WARNING - ⚠️ No date found for 0022300943
2026-02-01 14:40:26,075 - WARNING - ⚠️ No date found for 0022301201
2026-02-01 14:40:26,076 - WARNING - ⚠️ No date found for 0022300040
2026-02-01 14:40:26,079 - WARNING - ⚠️ No date found for 0022300410
2026-02-01 14:40:26,080 - WARNING - ⚠️ No date found for 0052400101
2026-02-01 14:40:26,083 - WARNING - ⚠️ No date found for 0022400381
2026-02-01 14:40:26,084 - WARNING - ⚠️ No date found for 0022301128
2026-02-01 14:40:26,085 - WARNING - ⚠️ No date found for 0022400801
2026-02-01 14:40:26,087 - WARNING - ⚠️ No date found for 0022301082
2026-02-01 14:40:26,088 - WARNING - ⚠️ No date found for 0042300135
2026-02-01 14:40:26,089 - WARNING - ⚠️ No date found for 0022400552
2026-02-01 14:40:26,091 - WARNING - ⚠️ No date found for 0022300739
2026-02-01 14:40:26,092 - WARNING - ⚠️ No date found for 0022400102
2026-02-01 14:40:26,094 - WARNING - ⚠️ No date found for 0022300369
2026-02-01 14:40:26,095 - WARNING - ⚠️ No date found for 0022300693
2026-02-01 14:40:26,099 - WARNING - ⚠️ No date found for 0022300386
2026-02-01 14:40:26,101 - WARNING - ⚠️ No date found for 0022400417
2026-02-01 14:40:26,104 - WARNING - ⚠️ No date found for 0022400047
2026-02-01 14:40:26,106 - WARNING - ⚠️ No date found for 0022401206
2026-02-01 14:40:26,107 - WARNING - ⚠️ No date found for 0022400944
2026-02-01 14:40:26,109 - WARNING - ⚠️ No date found for 0022400933
2026-02-01 14:40:26,110 - WARNING - ⚠️ No date found for 0022400899
2026-02-01 14:40:26,111 - WARNING - ⚠️ No date found for 0022400030
2026-02-01 14:40:26,115 - WARNING - ⚠️ No date found for 0022400460
2026-02-01 14:40:26,119 - WARNING - ⚠️ No date found for 0022400175
2026-02-01 14:40:26,121 - WARNING - ⚠️ No date found for 0022400525
2026-02-01 14:40:26,122 - WARNING - ⚠️ No date found for 0042300142
2026-02-01 14:40:26,124 - WARNING - ⚠️ No date found for 0022400876
2026-02-01 14:40:26,126 - WARNING - ⚠️ No date found for 0022300467
2026-02-01 14:40:26,130 - WARNING - ⚠️ No date found for 0022300037
2026-02-01 14:40:26,131 - WARNING - ⚠️ No date found for 0022300934
2026-02-01 14:40:26,133 - WARNING - ⚠️ No date found for 0022401158
2026-02-01 14:40:26,134 - WARNING - ⚠️ No date found for 0032300004
2026-02-01 14:40:26,135 - WARNING - ⚠️ No date found for 0022300871
2026-02-01 14:40:26,136 - WARNING - ⚠️ No date found for 0022300522
2026-02-01 14:40:26,138 - WARNING - ⚠️ No date found for 0022400749
2026-02-01 14:40:26,139 - WARNING - ⚠️ No date found for 0022300172
2026-02-01 14:40:26,141 - WARNING - ⚠️ No date found for 0022400319
2026-02-01 14:40:26,142 - WARNING - ⚠️ No date found for 0022300488
2026-02-01 14:40:26,144 - WARNING - ⚠️ No date found for 0022400437
2026-02-01 14:40:26,147 - WARNING - ⚠️ No date found for 0022400067
2026-02-01 14:40:26,148 - WARNING - ⚠️ No date found for 0022401226
2026-02-01 14:40:26,149 - WARNING - ⚠️ No date found for 0022400964
2026-02-01 14:40:26,150 - WARNING - ⚠️ No date found for 0022301108
2026-02-01 14:40:26,152 - WARNING - ⚠️ No date found for 0022400821
2026-02-01 14:40:26,153 - WARNING - ⚠️ No date found for 0042300115
2026-02-01 14:40:26,155 - WARNING - ⚠️ No date found for 0022400572
2026-02-01 14:40:26,156 - WARNING - ⚠️ No date found for 0022300719
2026-02-01 14:40:26,157 - WARNING - ⚠️ No date found for 0022400088
2026-02-01 14:40:26,159 - WARNING - ⚠️ No date found for 0022400122
2026-02-01 14:40:26,160 - WARNING - ⚠️ No date found for 0022300349
2026-02-01 14:40:26,163 - WARNING - ⚠️ No date found for 0022300963
2026-02-01 14:40:26,164 - WARNING - ⚠️ No date found for 0022301221
2026-02-01 14:40:26,166 - WARNING - ⚠️ No date found for 0042400407
2026-02-01 14:40:26,167 - WARNING - ⚠️ No date found for 0022300060
2026-02-01 14:40:26,172 - WARNING - ⚠️ No date found for 0022300430
2026-02-01 14:40:26,173 - WARNING - ⚠️ No date found for 0052400121
2026-02-01 14:40:26,177 - WARNING - ⚠️ No date found for 0022300125
2026-02-01 14:40:26,178 - WARNING - ⚠️ No date found for 0022300575
2026-02-01 14:40:26,182 - WARNING - ⚠️ No date found for 0042400112
2026-02-01 14:40:26,183 - WARNING - ⚠️ No date found for 0022300826
2026-02-01 14:40:26,184 - WARNING - ⚠️ No date found for 0022400972
2026-02-01 14:40:26,186 - WARNING - ⚠️ No date found for 0022401230
2026-02-01 14:40:26,187 - WARNING - ⚠️ No date found for 0022400071
2026-02-01 14:40:26,190 - WARNING - ⚠️ No date found for 0022400421
2026-02-01 14:40:26,195 - WARNING - ⚠️ No date found for 0022400134
2026-02-01 14:40:26,197 - WARNING - ⚠️ No date found for 0022400564
2026-02-01 14:40:26,198 - WARNING - ⚠️ No date found for 0042300103
2026-02-01 14:40:26,200 - WARNING - ⚠️ No date found for 0022400837
2026-02-01 14:40:26,201 - WARNING - ⚠️ No date found for 0022300426
2026-02-01 14:40:26,204 - WARNING - ⚠️ No date found for 0022300076
2026-02-01 14:40:26,206 - WARNING - ⚠️ No date found for 0022300975
2026-02-01 14:40:26,207 - WARNING - ⚠️ No date found for 0022401119
2026-02-01 14:40:26,208 - WARNING - ⚠️ No date found for 0022300830
2026-02-01 14:40:26,210 - WARNING - ⚠️ No date found for 0042400104
2026-02-01 14:40:26,211 - WARNING - ⚠️ No date found for 0022400708
2026-02-01 14:40:26,213 - INFO -    Processed 2000/3390 files...
2026-02-01 14:40:26,214 - WARNING - ⚠️ No date found for 0022300563
2026-02-01 14:40:26,216 - WARNING - ⚠️ No date found for 0022300099
2026-02-01 14:40:26,217 - WARNING - ⚠️ No date found for 0022400358
2026-02-01 14:40:26,218 - WARNING - ⚠️ No date found for 0022300133
2026-02-01 14:40:26,219 - WARNING - ⚠️ No date found for 0022400476
2026-02-01 14:40:26,223 - WARNING - ⚠️ No date found for 0022400026
2026-02-01 14:40:26,224 - WARNING - ⚠️ No date found for 0022400925
2026-02-01 14:40:26,226 - WARNING - ⚠️ No date found for 0022301149
2026-02-01 14:40:26,227 - WARNING - ⚠️ No date found for 0022400860
2026-02-01 14:40:26,228 - WARNING - ⚠️ No date found for 0042300154
2026-02-01 14:40:26,230 - WARNING - ⚠️ No date found for 0022300758
2026-02-01 14:40:26,231 - WARNING - ⚠️ No date found for 0022400533
2026-02-01 14:40:26,232 - WARNING - ⚠️ No date found for 0022300308
2026-02-01 14:40:26,234 - WARNING - ⚠️ No date found for 0022400163
2026-02-01 14:40:26,237 - WARNING - ⚠️ No date found for 0022400499
2026-02-01 14:40:26,238 - WARNING - ⚠️ No date found for 0022300922
2026-02-01 14:40:26,239 - WARNING - ⚠️ No date found for 0022300888
2026-02-01 14:40:26,241 - WARNING - ⚠️ No date found for 0022300021
2026-02-01 14:40:26,246 - WARNING - ⚠️ No date found for 0022300471
2026-02-01 14:40:26,247 - WARNING - ⚠️ No date found for 0022300164
2026-02-01 14:40:26,249 - WARNING - ⚠️ No date found for 0022300534
2026-02-01 14:40:26,250 - WARNING - ⚠️ No date found for 0042400153
2026-02-01 14:40:26,252 - WARNING - ⚠️ No date found for 0022300867
2026-02-01 14:40:26,253 - WARNING - ⚠️ No date found for 0022301132
2026-02-01 14:40:26,254 - WARNING - ⚠️ No date found for 0022301098
2026-02-01 14:40:26,256 - WARNING - ⚠️ No date found for 0012300006
2026-02-01 14:40:26,257 - WARNING - ⚠️ No date found for 0022400548
2026-02-01 14:40:26,258 - WARNING - ⚠️ No date found for 0022300723
2026-02-01 14:40:26,260 - WARNING - ⚠️ No date found for 0022400118
2026-02-01 14:40:26,261 - WARNING - ⚠️ No date found for 0022300373
2026-02-01 14:40:26,262 - WARNING - ⚠️ No date found for 0022300689
2026-02-01 14:40:26,266 - WARNING - ⚠️ No date found for 0022300666
2026-02-01 14:40:26,267 - WARNING - ⚠️ No date found for 0022300236
2026-02-01 14:40:26,269 - WARNING - ⚠️ No date found for 0022301077
2026-02-01 14:40:26,270 - WARNING - ⚠️ No date found for 0042400201
2026-02-01 14:40:26,271 - WARNING - ⚠️ No date found for 0022400374
2026-02-01 14:40:26,275 - WARNING - ⚠️ No date found for 0022400724
2026-02-01 14:40:26,276 - WARNING - ⚠️ No date found for 0012400001
2026-02-01 14:40:26,278 - WARNING - ⚠️ No date found for 0022401135
2026-02-01 14:40:26,279 - WARNING - ⚠️ No date found for 0022300959
2026-02-01 14:40:26,280 - WARNING - ⚠️ No date found for 0022401070
2026-02-01 14:40:26,282 - WARNING - ⚠️ No date found for 0022400231
2026-02-01 14:40:26,285 - WARNING - ⚠️ No date found for 0022400661
2026-02-01 14:40:26,289 - WARNING - ⚠️ No date found for 0022300324
2026-02-01 14:40:26,292 - WARNING - ⚠️ No date found for 0022300774
2026-02-01 14:40:26,293 - WARNING - ⚠️ No date found for 0042400313
2026-02-01 14:40:26,294 - WARNING - ⚠️ No date found for 0012300051
2026-02-01 14:40:26,296 - WARNING - ⚠️ No date found for 0022301165
2026-02-01 14:40:26,297 - WARNING - ⚠️ No date found for 0022400909
2026-02-01 14:40:26,299 - WARNING - ⚠️ No date found for 0022301020
2026-02-01 14:40:26,301 - WARNING - ⚠️ No date found for 0022300261
2026-02-01 14:40:26,304 - WARNING - ⚠️ No date found for 0022300631
2026-02-01 14:40:26,305 - WARNING - ⚠️ No date found for 0022401162
2026-02-01 14:40:26,307 - WARNING - ⚠️ No date found for 0042300314
2026-02-01 14:40:26,308 - WARNING - ⚠️ No date found for 0012400056
2026-02-01 14:40:26,310 - WARNING - ⚠️ No date found for 0022300518
2026-02-01 14:40:26,311 - WARNING - ⚠️ No date found for 0022400773
2026-02-01 14:40:26,315 - WARNING - ⚠️ No date found for 0022400289
2026-02-01 14:40:26,316 - WARNING - ⚠️ No date found for 0022300148
2026-02-01 14:40:26,317 - WARNING - ⚠️ No date found for 0022400323
2026-02-01 14:40:26,323 - WARNING - ⚠️ No date found for 0022400636
2026-02-01 14:40:26,327 - WARNING - ⚠️ No date found for 0022400266
2026-02-01 14:40:26,329 - WARNING - ⚠️ No date found for 0022401027
2026-02-01 14:40:26,330 - WARNING - ⚠️ No date found for 0022301173
2026-02-01 14:40:26,331 - WARNING - ⚠️ No date found for 0012300047
2026-02-01 14:40:26,332 - WARNING - ⚠️ No date found for 0042400305
2026-02-01 14:40:26,333 - WARNING - ⚠️ No date found for 0022300762
2026-02-01 14:40:26,334 - WARNING - ⚠️ No date found for 0022400509
2026-02-01 14:40:26,337 - WARNING - ⚠️ No date found for 0022300298
2026-02-01 14:40:26,339 - WARNING - ⚠️ No date found for 0022300332
2026-02-01 14:40:26,340 - WARNING - ⚠️ No date found for 0022400159
2026-02-01 14:40:26,342 - WARNING - ⚠️ No date found for 0022300627
2026-02-01 14:40:26,344 - WARNING - ⚠️ No date found for 0022300277
2026-02-01 14:40:26,347 - WARNING - ⚠️ No date found for 0022301036
2026-02-01 14:40:26,351 - WARNING - ⚠️ No date found for 0022400335
2026-02-01 14:40:26,353 - WARNING - ⚠️ No date found for 0022400765
2026-02-01 14:40:26,355 - WARNING - ⚠️ No date found for 0012400040
2026-02-01 14:40:26,356 - WARNING - ⚠️ No date found for 0042300302
2026-02-01 14:40:26,359 - WARNING - ⚠️ No date found for 0022401174
2026-02-01 14:40:26,361 - WARNING - ⚠️ No date found for 0022300918
2026-02-01 14:40:26,362 - WARNING - ⚠️ No date found for 0022401031
2026-02-01 14:40:26,364 - WARNING - ⚠️ No date found for 0022400270
2026-02-01 14:40:26,367 - WARNING - ⚠️ No date found for 0022400620
2026-02-01 14:40:26,370 - WARNING - ⚠️ No date found for 0022300365
2026-02-01 14:40:26,371 - WARNING - ⚠️ No date found for 0022300735
2026-02-01 14:40:26,373 - WARNING - ⚠️ No date found for 0012300010
2026-02-01 14:40:26,374 - WARNING - ⚠️ No date found for 0022301124
2026-02-01 14:40:26,375 - WARNING - ⚠️ No date found for 0022400948
2026-02-01 14:40:26,376 - WARNING - ⚠️ No date found for 0022301061
2026-02-01 14:40:26,377 - WARNING - ⚠️ No date found for 0022300220
2026-02-01 14:40:26,380 - WARNING - ⚠️ No date found for 0022300670
2026-02-01 14:40:26,384 - WARNING - ⚠️ No date found for 0022401123
2026-02-01 14:40:26,385 - WARNING - ⚠️ No date found for 0012400017
2026-02-01 14:40:26,387 - WARNING - ⚠️ No date found for 0022401089
2026-02-01 14:40:26,388 - WARNING - ⚠️ No date found for 0022400732
2026-02-01 14:40:26,389 - WARNING - ⚠️ No date found for 0022300559
2026-02-01 14:40:26,393 - WARNING - ⚠️ No date found for 0022400362
2026-02-01 14:40:26,394 - WARNING - ⚠️ No date found for 0022300109
2026-02-01 14:40:26,395 - WARNING - ⚠️ No date found for 0022400698
2026-02-01 14:40:26,399 - WARNING - ⚠️ No date found for 0022400677
2026-02-01 14:40:26,402 - WARNING - ⚠️ No date found for 0022400227
2026-02-01 14:40:26,403 - WARNING - ⚠️ No date found for 0022401066
2026-02-01 14:40:26,405 - WARNING - ⚠️ No date found for 0022401122
2026-02-01 14:40:26,406 - WARNING - ⚠️ No date found for 0022401088
2026-02-01 14:40:26,407 - WARNING - ⚠️ No date found for 0012400016
2026-02-01 14:40:26,409 - WARNING - ⚠️ No date found for 0022300558
2026-02-01 14:40:26,410 - WARNING - ⚠️ No date found for 0022400733
2026-02-01 14:40:26,413 - WARNING - ⚠️ No date found for 0022300108
2026-02-01 14:40:26,415 - WARNING - ⚠️ No date found for 0022400363
2026-02-01 14:40:26,418 - WARNING - ⚠️ No date found for 0022400699
2026-02-01 14:40:26,421 - WARNING - ⚠️ No date found for 0022400676
2026-02-01 14:40:26,424 - WARNING - ⚠️ No date found for 0022400226
2026-02-01 14:40:26,425 - WARNING - ⚠️ No date found for 0022401067
2026-02-01 14:40:26,427 - WARNING - ⚠️ No date found for 0042300211
2026-02-01 14:40:26,429 - WARNING - ⚠️ No date found for 0022300364
2026-02-01 14:40:26,430 - WARNING - ⚠️ No date found for 0022300734
2026-02-01 14:40:26,432 - WARNING - ⚠️ No date found for 0012300011
2026-02-01 14:40:26,433 - WARNING - ⚠️ No date found for 0022301125
2026-02-01 14:40:26,434 - WARNING - ⚠️ No date found for 0022400949
2026-02-01 14:40:26,436 - WARNING - ⚠️ No date found for 0042400216
2026-02-01 14:40:26,437 - WARNING - ⚠️ No date found for 0022301060
2026-02-01 14:40:26,438 - WARNING - ⚠️ No date found for 0022300221
2026-02-01 14:40:26,443 - WARNING - ⚠️ No date found for 0022300671
2026-02-01 14:40:26,446 - WARNING - ⚠️ No date found for 0022400334
2026-02-01 14:40:26,450 - WARNING - ⚠️ No date found for 0022400764
2026-02-01 14:40:26,451 - WARNING - ⚠️ No date found for 0042300303
2026-02-01 14:40:26,453 - WARNING - ⚠️ No date found for 0012400041
2026-02-01 14:40:26,456 - WARNING - ⚠️ No date found for 0022401175
2026-02-01 14:40:26,457 - WARNING - ⚠️ No date found for 0022300919
2026-02-01 14:40:26,459 - WARNING - ⚠️ No date found for 0022401030
2026-02-01 14:40:26,460 - WARNING - ⚠️ No date found for 0022400271
2026-02-01 14:40:26,464 - WARNING - ⚠️ No date found for 0022400621
2026-02-01 14:40:26,468 - WARNING - ⚠️ No date found for 0022301172
2026-02-01 14:40:26,470 - WARNING - ⚠️ No date found for 0042400304
2026-02-01 14:40:26,471 - WARNING - ⚠️ No date found for 0012300046
2026-02-01 14:40:26,472 - WARNING - ⚠️ No date found for 0022400508
2026-02-01 14:40:26,476 - WARNING - ⚠️ No date found for 0022300763
2026-02-01 14:40:26,478 - WARNING - ⚠️ No date found for 0022300299
2026-02-01 14:40:26,479 - WARNING - ⚠️ No date found for 0022400158
2026-02-01 14:40:26,481 - WARNING - ⚠️ No date found for 0022300333
2026-02-01 14:40:26,482 - WARNING - ⚠️ No date found for 0022300626
2026-02-01 14:40:26,485 - WARNING - ⚠️ No date found for 0022300276
2026-02-01 14:40:26,487 - WARNING - ⚠️ No date found for 0022301037
2026-02-01 14:40:26,489 - WARNING - ⚠️ No date found for 0022401163
2026-02-01 14:40:26,493 - WARNING - ⚠️ No date found for 0012400057
2026-02-01 14:40:26,495 - WARNING - ⚠️ No date found for 0042300315
2026-02-01 14:40:26,496 - WARNING - ⚠️ No date found for 0022400772
2026-02-01 14:40:26,497 - WARNING - ⚠️ No date found for 0022300519
2026-02-01 14:40:26,501 - WARNING - ⚠️ No date found for 0022400288
2026-02-01 14:40:26,502 - WARNING - ⚠️ No date found for 0022400322
2026-02-01 14:40:26,504 - WARNING - ⚠️ No date found for 0022300149
2026-02-01 14:40:26,509 - WARNING - ⚠️ No date found for 0022400637
2026-02-01 14:40:26,513 - WARNING - ⚠️ No date found for 0022400267
2026-02-01 14:40:26,514 - WARNING - ⚠️ No date found for 0022401026
2026-02-01 14:40:26,515 - WARNING - ⚠️ No date found for 0022300325
2026-02-01 14:40:26,517 - WARNING - ⚠️ No date found for 0022300775
2026-02-01 14:40:26,520 - WARNING - ⚠️ No date found for 0012300050
2026-02-01 14:40:26,521 - WARNING - ⚠️ No date found for 0042400312
2026-02-01 14:40:26,522 - WARNING - ⚠️ No date found for 0022301164
2026-02-01 14:40:26,524 - WARNING - ⚠️ No date found for 0022400908
2026-02-01 14:40:26,525 - WARNING - ⚠️ No date found for 0022301021
2026-02-01 14:40:26,526 - WARNING - ⚠️ No date found for 0022300260
2026-02-01 14:40:26,530 - WARNING - ⚠️ No date found for 0022300630
2026-02-01 14:40:26,531 - WARNING - ⚠️ No date found for 0022400375
2026-02-01 14:40:26,536 - WARNING - ⚠️ No date found for 0022400725
2026-02-01 14:40:26,537 - WARNING - ⚠️ No date found for 0022401134
2026-02-01 14:40:26,538 - WARNING - ⚠️ No date found for 0022300958
2026-02-01 14:40:26,539 - WARNING - ⚠️ No date found for 0022401071
2026-02-01 14:40:26,541 - WARNING - ⚠️ No date found for 0022400230
2026-02-01 14:40:26,544 - WARNING - ⚠️ No date found for 0022400660
2026-02-01 14:40:26,547 - WARNING - ⚠️ No date found for 0022301133
2026-02-01 14:40:26,549 - WARNING - ⚠️ No date found for 0012300007
2026-02-01 14:40:26,550 - WARNING - ⚠️ No date found for 0022301099
2026-02-01 14:40:26,552 - WARNING - ⚠️ No date found for 0022300722
2026-02-01 14:40:26,553 - WARNING - ⚠️ No date found for 0022400549
2026-02-01 14:40:26,555 - WARNING - ⚠️ No date found for 0022300372
2026-02-01 14:40:26,556 - WARNING - ⚠️ No date found for 0022400119
2026-02-01 14:40:26,557 - WARNING - ⚠️ No date found for 0022300688
2026-02-01 14:40:26,559 - WARNING - ⚠️ No date found for 0022300667
2026-02-01 14:40:26,562 - WARNING - ⚠️ No date found for 0022300237
2026-02-01 14:40:26,563 - WARNING - ⚠️ No date found for 0022301076
2026-02-01 14:40:26,565 - WARNING - ⚠️ No date found for 0022300923
2026-02-01 14:40:26,566 - WARNING - ⚠️ No date found for 0022300889
2026-02-01 14:40:26,568 - WARNING - ⚠️ No date found for 0022300020
2026-02-01 14:40:26,571 - WARNING - ⚠️ No date found for 0022300470
2026-02-01 14:40:26,574 - WARNING - ⚠️ No date found for 0022300165
2026-02-01 14:40:26,575 - WARNING - ⚠️ No date found for 0022300535
2026-02-01 14:40:26,576 - WARNING - ⚠️ No date found for 0042400152
2026-02-01 14:40:26,578 - WARNING - ⚠️ No date found for 0022300866
2026-02-01 14:40:26,579 - WARNING - ⚠️ No date found for 0022400477
2026-02-01 14:40:26,582 - WARNING - ⚠️ No date found for 0022400027
2026-02-01 14:40:26,584 - WARNING - ⚠️ No date found for 0022400924
2026-02-01 14:40:26,585 - WARNING - ⚠️ No date found for 0022301148
2026-02-01 14:40:26,586 - WARNING - ⚠️ No date found for 0022400861
2026-02-01 14:40:26,587 - WARNING - ⚠️ No date found for 0042300155
2026-02-01 14:40:26,588 - WARNING - ⚠️ No date found for 0022400532
2026-02-01 14:40:26,590 - WARNING - ⚠️ No date found for 0022300759
2026-02-01 14:40:26,591 - WARNING - ⚠️ No date found for 0022400162
2026-02-01 14:40:26,593 - WARNING - ⚠️ No date found for 0022300309
2026-02-01 14:40:26,597 - WARNING - ⚠️ No date found for 0022400498
2026-02-01 14:40:26,598 - WARNING - ⚠️ No date found for 0022300427
2026-02-01 14:40:26,600 - WARNING - ⚠️ No date found for 0022300077
2026-02-01 14:40:26,603 - WARNING - ⚠️ No date found for 0022300974
2026-02-01 14:40:26,605 - WARNING - ⚠️ No date found for 0022401118
2026-02-01 14:40:26,606 - WARNING - ⚠️ No date found for 0022300831
2026-02-01 14:40:26,607 - WARNING - ⚠️ No date found for 0022300562
2026-02-01 14:40:26,609 - WARNING - ⚠️ No date found for 0022400709
2026-02-01 14:40:26,612 - WARNING - ⚠️ No date found for 0022300098
2026-02-01 14:40:26,613 - WARNING - ⚠️ No date found for 0022300132
2026-02-01 14:40:26,615 - WARNING - ⚠️ No date found for 0022400359
2026-02-01 14:40:26,616 - WARNING - ⚠️ No date found for 0022400973
2026-02-01 14:40:26,617 - WARNING - ⚠️ No date found for 0022400070
2026-02-01 14:40:26,621 - WARNING - ⚠️ No date found for 0022400420
2026-02-01 14:40:26,622 - WARNING - ⚠️ No date found for 0052300131
2026-02-01 14:40:26,626 - WARNING - ⚠️ No date found for 0022400135
2026-02-01 14:40:26,627 - WARNING - ⚠️ No date found for 0022400565
2026-02-01 14:40:26,628 - WARNING - ⚠️ No date found for 0042300102
2026-02-01 14:40:26,629 - WARNING - ⚠️ No date found for 0022400836
2026-02-01 14:40:26,630 - WARNING - ⚠️ No date found for 0022300962
2026-02-01 14:40:26,631 - WARNING - ⚠️ No date found for 0022301220
2026-02-01 14:40:26,633 - WARNING - ⚠️ No date found for 0042400406
2026-02-01 14:40:26,636 - WARNING - ⚠️ No date found for 0022300061
2026-02-01 14:40:26,640 - WARNING - ⚠️ No date found for 0022300431
2026-02-01 14:40:26,644 - WARNING - ⚠️ No date found for 0022300124
2026-02-01 14:40:26,647 - WARNING - ⚠️ No date found for 0022300574
2026-02-01 14:40:26,648 - WARNING - ⚠️ No date found for 0042400113
2026-02-01 14:40:26,649 - WARNING - ⚠️ No date found for 0022300827
2026-02-01 14:40:26,651 - WARNING - ⚠️ No date found for 0022400436
2026-02-01 14:40:26,655 - WARNING - ⚠️ No date found for 0022400066
2026-02-01 14:40:26,657 - WARNING - ⚠️ No date found for 0042300401
2026-02-01 14:40:26,658 - WARNING - ⚠️ No date found for 0022401227
2026-02-01 14:40:26,660 - WARNING - ⚠️ No date found for 0022400965
2026-02-01 14:40:26,662 - WARNING - ⚠️ No date found for 0022301109
2026-02-01 14:40:26,663 - WARNING - ⚠️ No date found for 0022400820
2026-02-01 14:40:26,665 - WARNING - ⚠️ No date found for 0042300114
2026-02-01 14:40:26,666 - WARNING - ⚠️ No date found for 0022300718
2026-02-01 14:40:26,667 - WARNING - ⚠️ No date found for 0022400573
2026-02-01 14:40:26,668 - WARNING - ⚠️ No date found for 0022400089
2026-02-01 14:40:26,670 - WARNING - ⚠️ No date found for 0022300348
2026-02-01 14:40:26,671 - WARNING - ⚠️ No date found for 0022400123
2026-02-01 14:40:26,677 - WARNING - ⚠️ No date found for 0022300466
2026-02-01 14:40:26,678 - WARNING - ⚠️ No date found for 0022300036
2026-02-01 14:40:26,679 - WARNING - ⚠️ No date found for 0022300935
2026-02-01 14:40:26,680 - WARNING - ⚠️ No date found for 0022401159
2026-02-01 14:40:26,681 - WARNING - ⚠️ No date found for 0032300005
2026-02-01 14:40:26,683 - WARNING - ⚠️ No date found for 0022300870
2026-02-01 14:40:26,684 - WARNING - ⚠️ No date found for 0042400144
2026-02-01 14:40:26,685 - WARNING - ⚠️ No date found for 0022400748
2026-02-01 14:40:26,686 - WARNING - ⚠️ No date found for 0022300523
2026-02-01 14:40:26,688 - WARNING - ⚠️ No date found for 0022400318
2026-02-01 14:40:26,689 - WARNING - ⚠️ No date found for 0022300173
2026-02-01 14:40:26,690 - WARNING - ⚠️ No date found for 0022300489
2026-02-01 14:40:26,692 - WARNING - ⚠️ No date found for 0022400932
2026-02-01 14:40:26,693 - WARNING - ⚠️ No date found for 0022400898
2026-02-01 14:40:26,695 - WARNING - ⚠️ No date found for 0022400031
2026-02-01 14:40:26,698 - WARNING - ⚠️ No date found for 0022400461
2026-02-01 14:40:26,702 - WARNING - ⚠️ No date found for 0022400174
2026-02-01 14:40:26,703 - WARNING - ⚠️ No date found for 0022400524
2026-02-01 14:40:26,704 - WARNING - ⚠️ No date found for 0042300143
2026-02-01 14:40:26,705 - WARNING - ⚠️ No date found for 0022400877
2026-02-01 14:40:26,707 - WARNING - ⚠️ No date found for 0022301129
2026-02-01 14:40:26,708 - WARNING - ⚠️ No date found for 0022400800
2026-02-01 14:40:26,709 - WARNING - ⚠️ No date found for 0042300134
2026-02-01 14:40:26,711 - WARNING - ⚠️ No date found for 0022301083
2026-02-01 14:40:26,712 - WARNING - ⚠️ No date found for 0022300738
2026-02-01 14:40:26,714 - WARNING - ⚠️ No date found for 0022400553
2026-02-01 14:40:26,715 - WARNING - ⚠️ No date found for 0022300368
2026-02-01 14:40:26,716 - WARNING - ⚠️ No date found for 0022400103
2026-02-01 14:40:26,720 - WARNING - ⚠️ No date found for 0022300692
2026-02-01 14:40:26,721 - WARNING - ⚠️ No date found for 0022300387
2026-02-01 14:40:26,722 - WARNING - ⚠️ No date found for 0022400416
2026-02-01 14:40:26,726 - WARNING - ⚠️ No date found for 0022400046
2026-02-01 14:40:26,727 - WARNING - ⚠️ No date found for 0022401207
2026-02-01 14:40:26,728 - WARNING - ⚠️ No date found for 0022400945
2026-02-01 14:40:26,730 - WARNING - ⚠️ No date found for 0022400695
2026-02-01 14:40:26,731 - WARNING - ⚠️ No date found for 0022300104
2026-02-01 14:40:26,732 - WARNING - ⚠️ No date found for 0022300554
2026-02-01 14:40:26,734 - WARNING - ⚠️ No date found for 0042400133
2026-02-01 14:40:26,736 - WARNING - ⚠️ No date found for 0022401084
2026-02-01 14:40:26,737 - WARNING - ⚠️ No date found for 0022300807
2026-02-01 14:40:26,738 - WARNING - ⚠️ No date found for 0022300942
2026-02-01 14:40:26,739 - WARNING - ⚠️ No date found for 0022301200
2026-02-01 14:40:26,741 - WARNING - ⚠️ No date found for 0022300041
2026-02-01 14:40:26,744 - WARNING - ⚠️ No date found for 0022300411
2026-02-01 14:40:26,747 - WARNING - ⚠️ No date found for 0022400380
2026-02-01 14:40:26,752 - WARNING - ⚠️ No date found for 0022400154
2026-02-01 14:40:26,753 - WARNING - ⚠️ No date found for 0022300295
2026-02-01 14:40:26,755 - WARNING - ⚠️ No date found for 0022400504
2026-02-01 14:40:26,756 - WARNING - ⚠️ No date found for 0042300163
2026-02-01 14:40:26,758 - WARNING - ⚠️ No date found for 0022400857
2026-02-01 14:40:26,759 - WARNING - ⚠️ No date found for 0022400912
2026-02-01 14:40:26,760 - WARNING - ⚠️ No date found for 0022301191
2026-02-01 14:40:26,762 - WARNING - ⚠️ No date found for 0022400011
2026-02-01 14:40:26,766 - WARNING - ⚠️ No date found for 0022300780
2026-02-01 14:40:26,767 - WARNING - ⚠️ No date found for 0022400441
2026-02-01 14:40:26,769 - WARNING - ⚠️ No date found for 0022401179
2026-02-01 14:40:26,770 - WARNING - ⚠️ No date found for 0022300850
2026-02-01 14:40:26,771 - WARNING - ⚠️ No date found for 0042400164
2026-02-01 14:40:26,772 - WARNING - ⚠️ No date found for 0022400768
2026-02-01 14:40:26,773 - WARNING - ⚠️ No date found for 0022300503
2026-02-01 14:40:26,775 - WARNING - ⚠️ No date found for 0022400292
2026-02-01 14:40:26,776 - WARNING - ⚠️ No date found for 0022400338
2026-02-01 14:40:26,777 - WARNING - ⚠️ No date found for 0022300153
2026-02-01 14:40:26,779 - WARNING - ⚠️ No date found for 0022300446
2026-02-01 14:40:26,780 - WARNING - ⚠️ No date found for 0022400787
2026-02-01 14:40:26,781 - WARNING - ⚠️ No date found for 0022300016
2026-02-01 14:40:26,783 - WARNING - ⚠️ No date found for 0022401196
2026-02-01 14:40:26,784 - WARNING - ⚠️ No date found for 0022300915
2026-02-01 14:40:26,786 - WARNING - ⚠️ No date found for 0022301168
2026-02-01 14:40:26,787 - WARNING - ⚠️ No date found for 0022400841
2026-02-01 14:40:26,788 - WARNING - ⚠️ No date found for 0042300175
2026-02-01 14:40:26,790 - WARNING - ⚠️ No date found for 0022400512
2026-02-01 14:40:26,791 - WARNING - ⚠️ No date found for 0022300779
2026-02-01 14:40:26,793 - WARNING - ⚠️ No date found for 0022300283
2026-02-01 14:40:26,795 - WARNING - ⚠️ No date found for 0022400142
2026-02-01 14:40:26,797 - WARNING - ⚠️ No date found for 0022300329
2026-02-01 14:40:26,800 - WARNING - ⚠️ No date found for 0022400457
2026-02-01 14:40:26,801 - WARNING - ⚠️ No date found for 0022300796
2026-02-01 14:40:26,804 - WARNING - ⚠️ No date found for 0022400007
2026-02-01 14:40:26,806 - WARNING - ⚠️ No date found for 0022301187
2026-02-01 14:40:26,807 - WARNING - ⚠️ No date found for 0022400904
2026-02-01 14:40:26,809 - WARNING - ⚠️ No date found for 0022300145
2026-02-01 14:40:26,810 - WARNING - ⚠️ No date found for 0022400284
2026-02-01 14:40:26,811 - WARNING - ⚠️ No date found for 0022300515
2026-02-01 14:40:26,812 - WARNING - ⚠️ No date found for 0042400172
2026-02-01 14:40:26,813 - WARNING - ⚠️ No date found for 0022300846
2026-02-01 14:40:26,815 - WARNING - ⚠️ No date found for 0022300903
2026-02-01 14:40:26,816 - WARNING - ⚠️ No date found for 0022401180
2026-02-01 14:40:26,819 - WARNING - ⚠️ No date found for 0022400791
2026-02-01 14:40:26,821 - WARNING - ⚠️ No date found for 0022300450
2026-02-01 14:40:26,824 - WARNING - ⚠️ No date found for 0022300684
2026-02-01 14:40:26,828 - WARNING - ⚠️ No date found for 0022400115
2026-02-01 14:40:26,830 - WARNING - ⚠️ No date found for 0022400545
2026-02-01 14:40:26,832 - WARNING - ⚠️ No date found for 0022301095
2026-02-01 14:40:26,833 - WARNING - ⚠️ No date found for 0042300122
2026-02-01 14:40:26,835 - WARNING - ⚠️ No date found for 0022400816
2026-02-01 14:40:26,836 - WARNING - ⚠️ No date found for 0022400953
2026-02-01 14:40:26,837 - WARNING - ⚠️ No date found for 0022401211
2026-02-01 14:40:26,839 - WARNING - ⚠️ No date found for 0022400050
2026-02-01 14:40:26,842 - WARNING - ⚠️ No date found for 0022400400
2026-02-01 14:40:26,845 - WARNING - ⚠️ No date found for 0022300391
2026-02-01 14:40:26,846 - WARNING - ⚠️ No date found for 0052300111
2026-02-01 14:40:26,847 - WARNING - ⚠️ No date found for 0022401138
2026-02-01 14:40:26,849 - WARNING - ⚠️ No date found for 0022300811
2026-02-01 14:40:26,850 - WARNING - ⚠️ No date found for 0022401092
2026-02-01 14:40:26,851 - WARNING - ⚠️ No date found for 0042400125
2026-02-01 14:40:26,853 - WARNING - ⚠️ No date found for 0022300542
2026-02-01 14:40:26,854 - WARNING - ⚠️ No date found for 0022400729
2026-02-01 14:40:26,855 - WARNING - ⚠️ No date found for 0022300112
2026-02-01 14:40:26,857 - WARNING - ⚠️ No date found for 0022400379
2026-02-01 14:40:26,858 - WARNING - ⚠️ No date found for 0022400683
2026-02-01 14:40:26,860 - WARNING - ⚠️ No date found for 0022400396
2026-02-01 14:40:26,861 - WARNING - ⚠️ No date found for 0022300407
2026-02-01 14:40:26,862 - WARNING - ⚠️ No date found for 0022300057
2026-02-01 14:40:26,864 - WARNING - ⚠️ No date found for 0022301216
2026-02-01 14:40:26,866 - WARNING - ⚠️ No date found for 0022300954
2026-02-01 14:40:26,868 - WARNING - ⚠️ No date found for 0022400928
2026-02-01 14:40:26,870 - WARNING - ⚠️ No date found for 0022301001
2026-02-01 14:40:26,871 - WARNING - ⚠️ No date found for 0022400882
2026-02-01 14:40:26,872 - WARNING - ⚠️ No date found for 0022300240
2026-02-01 14:40:26,875 - WARNING - ⚠️ No date found for 0022300610
2026-02-01 14:40:26,877 - WARNING - ⚠️ No date found for 0022400181
2026-02-01 14:40:26,878 - WARNING - ⚠️ No date found for 0022400494
2026-02-01 14:40:26,879 - WARNING - ⚠️ No date found for 0022300305
2026-02-01 14:40:26,881 - WARNING - ⚠️ No date found for 0022300755
2026-02-01 14:40:26,882 - WARNING - ⚠️ No date found for 0012300070
2026-02-01 14:40:26,883 - WARNING - ⚠️ No date found for 0022301144
2026-02-01 14:40:26,884 - WARNING - ⚠️ No date found for 0022300186
2026-02-01 14:40:26,886 - WARNING - ⚠️ No date found for 0022400617
2026-02-01 14:40:26,890 - WARNING - ⚠️ No date found for 0022400247
2026-02-01 14:40:26,891 - WARNING - ⚠️ No date found for 0022300885
2026-02-01 14:40:26,893 - WARNING - ⚠️ No date found for 0022401006
2026-02-01 14:40:26,895 - WARNING - ⚠️ No date found for 0022401143
2026-02-01 14:40:26,899 - WARNING - ⚠️ No date found for 0022400752
2026-02-01 14:40:26,900 - WARNING - ⚠️ No date found for 0022300539
2026-02-01 14:40:26,903 - WARNING - ⚠️ No date found for 0022400302
2026-02-01 14:40:26,904 - WARNING - ⚠️ No date found for 0022300169
2026-02-01 14:40:26,905 - WARNING - ⚠️ No date found for 0022300493
2026-02-01 14:40:26,908 - WARNING - ⚠️ No date found for 0022300647
2026-02-01 14:40:26,910 - WARNING - ⚠️ No date found for 0022400586
2026-02-01 14:40:26,911 - WARNING - ⚠️ No date found for 0022300217
2026-02-01 14:40:26,913 - WARNING - ⚠️ No date found for 0022301056
2026-02-01 14:40:26,914 - WARNING - ⚠️ No date found for 0022301113
2026-02-01 14:40:26,915 - WARNING - ⚠️ No date found for 0022400990
2026-02-01 14:40:26,917 - WARNING - ⚠️ No date found for 0012300027
2026-02-01 14:40:26,918 - WARNING - ⚠️ No date found for 0022300702
2026-02-01 14:40:26,919 - WARNING - ⚠️ No date found for 0022400569
2026-02-01 14:40:26,920 - WARNING - ⚠️ No date found for 0022400093
2026-02-01 14:40:26,922 - WARNING - ⚠️ No date found for 0022300352
2026-02-01 14:40:26,923 - WARNING - ⚠️ No date found for 0022400139
2026-02-01 14:40:26,924 - WARNING - ⚠️ No date found for 0022300978
2026-02-01 14:40:26,926 - WARNING - ⚠️ No date found for 0022401051
2026-02-01 14:40:26,928 - WARNING - ⚠️ No date found for 0022400210
2026-02-01 14:40:26,931 - WARNING - ⚠️ No date found for 0022300581
2026-02-01 14:40:26,934 - WARNING - ⚠️ No date found for 0022400640
2026-02-01 14:40:26,939 - WARNING - ⚠️ No date found for 0022400355
2026-02-01 14:40:26,940 - WARNING - ⚠️ No date found for 0022300094
2026-02-01 14:40:26,944 - WARNING - ⚠️ No date found for 0022400705
2026-02-01 14:40:26,946 - WARNING - ⚠️ No date found for 0012400020
2026-02-01 14:40:26,947 - WARNING - ⚠️ No date found for 0022300997
2026-02-01 14:40:26,949 - WARNING - ⚠️ No date found for 0022401114
2026-02-01 14:40:26,950 - WARNING - ⚠️ No date found for 0022400969
2026-02-01 14:40:26,951 - WARNING - ⚠️ No date found for 0022301040
2026-02-01 14:40:26,953 - WARNING - ⚠️ No date found for 0022300201
2026-02-01 14:40:26,956 - WARNING - ⚠️ No date found for 0022400590
2026-02-01 14:40:26,957 - WARNING - ⚠️ No date found for 0022300651
2026-02-01 14:40:26,959 - WARNING - ⚠️ No date found for 0022300344
2026-02-01 14:40:26,960 - WARNING - ⚠️ No date found for 0022400085
2026-02-01 14:40:26,961 - WARNING - ⚠️ No date found for 0022300714
2026-02-01 14:40:26,961 - INFO -    Processed 2500/3390 files...
2026-02-01 14:40:26,963 - WARNING - ⚠️ No date found for 0012300031
2026-02-01 14:40:26,964 - WARNING - ⚠️ No date found for 0022400986
2026-02-01 14:40:26,965 - WARNING - ⚠️ No date found for 0022301105
2026-02-01 14:40:26,970 - WARNING - ⚠️ No date found for 0022400656
2026-02-01 14:40:26,973 - WARNING - ⚠️ No date found for 0022300597
2026-02-01 14:40:26,974 - WARNING - ⚠️ No date found for 0022400206
2026-02-01 14:40:26,976 - WARNING - ⚠️ No date found for 0022401047
2026-02-01 14:40:26,977 - WARNING - ⚠️ No date found for 0042300231
2026-02-01 14:40:26,978 - WARNING - ⚠️ No date found for 0022401102
2026-02-01 14:40:26,979 - WARNING - ⚠️ No date found for 0022300981
2026-02-01 14:40:26,981 - WARNING - ⚠️ No date found for 0012400036
2026-02-01 14:40:26,982 - WARNING - ⚠️ No date found for 0022300578
2026-02-01 14:40:26,983 - WARNING - ⚠️ No date found for 0022400713
2026-02-01 14:40:26,987 - WARNING - ⚠️ No date found for 0022300082
2026-02-01 14:40:26,988 - WARNING - ⚠️ No date found for 0022300128
2026-02-01 14:40:26,990 - WARNING - ⚠️ No date found for 0022400343
2026-02-01 14:40:26,993 - WARNING - ⚠️ No date found for 0022400197
2026-02-01 14:40:26,994 - WARNING - ⚠️ No date found for 0022300606
2026-02-01 14:40:26,995 - WARNING - ⚠️ No date found for 0022300256
2026-02-01 14:40:26,996 - WARNING - ⚠️ No date found for 0022400894
2026-02-01 14:40:26,998 - WARNING - ⚠️ No date found for 0022301017
2026-02-01 14:40:26,999 - WARNING - ⚠️ No date found for 0022301152
2026-02-01 14:40:27,001 - WARNING - ⚠️ No date found for 0012300066
2026-02-01 14:40:27,002 - WARNING - ⚠️ No date found for 0022400528
2026-02-01 14:40:27,003 - WARNING - ⚠️ No date found for 0022300743
2026-02-01 14:40:27,004 - WARNING - ⚠️ No date found for 0022400178
2026-02-01 14:40:27,006 - WARNING - ⚠️ No date found for 0022300313
2026-02-01 14:40:27,007 - WARNING - ⚠️ No date found for 0022400482
2026-02-01 14:40:27,009 - WARNING - ⚠️ No date found for 0022300939
2026-02-01 14:40:27,010 - WARNING - ⚠️ No date found for 0022401010
2026-02-01 14:40:27,011 - WARNING - ⚠️ No date found for 0022300893
2026-02-01 14:40:27,012 - WARNING - ⚠️ No date found for 0022400251
2026-02-01 14:40:27,016 - WARNING - ⚠️ No date found for 0022400601
2026-02-01 14:40:27,021 - WARNING - ⚠️ No date found for 0022300190
2026-02-01 14:40:27,025 - WARNING - ⚠️ No date found for 0022300485
2026-02-01 14:40:27,027 - WARNING - ⚠️ No date found for 0022400314
2026-02-01 14:40:27,031 - WARNING - ⚠️ No date found for 0022400744
2026-02-01 14:40:27,032 - WARNING - ⚠️ No date found for 0012400061
2026-02-01 14:40:27,033 - WARNING - ⚠️ No date found for 0022401155
2026-02-01 14:40:27,037 - WARNING - ⚠️ No date found for 0022400036
2026-02-01 14:40:27,039 - WARNING - ⚠️ No date found for 0022400466
2026-02-01 14:40:27,040 - WARNING - ⚠️ No date found for 0022400935
2026-02-01 14:40:27,041 - WARNING - ⚠️ No date found for 0022400870
2026-02-01 14:40:27,042 - WARNING - ⚠️ No date found for 0042300144
2026-02-01 14:40:27,044 - WARNING - ⚠️ No date found for 0022301159
2026-02-01 14:40:27,045 - WARNING - ⚠️ No date found for 0032400005
2026-02-01 14:40:27,046 - WARNING - ⚠️ No date found for 0022400173
2026-02-01 14:40:27,047 - WARNING - ⚠️ No date found for 0022300318
2026-02-01 14:40:27,051 - WARNING - ⚠️ No date found for 0022400489
2026-02-01 14:40:27,052 - WARNING - ⚠️ No date found for 0022400523
2026-02-01 14:40:27,054 - WARNING - ⚠️ No date found for 0022300748
2026-02-01 14:40:27,055 - WARNING - ⚠️ No date found for 0022300898
2026-02-01 14:40:27,056 - WARNING - ⚠️ No date found for 0022300932
2026-02-01 14:40:27,058 - WARNING - ⚠️ No date found for 0022300461
2026-02-01 14:40:27,061 - WARNING - ⚠️ No date found for 0022300031
2026-02-01 14:40:27,064 - WARNING - ⚠️ No date found for 0022300524
2026-02-01 14:40:27,065 - WARNING - ⚠️ No date found for 0022300174
2026-02-01 14:40:27,067 - WARNING - ⚠️ No date found for 0042400143
2026-02-01 14:40:27,068 - WARNING - ⚠️ No date found for 0022300877
2026-02-01 14:40:27,069 - WARNING - ⚠️ No date found for 0022401220
2026-02-01 14:40:27,071 - WARNING - ⚠️ No date found for 0022400962
2026-02-01 14:40:27,072 - WARNING - ⚠️ No date found for 0022400431
2026-02-01 14:40:27,073 - WARNING - ⚠️ No date found for 0022400061
2026-02-01 14:40:27,076 - WARNING - ⚠️ No date found for 0022400574
2026-02-01 14:40:27,079 - WARNING - ⚠️ No date found for 0022400124
2026-02-01 14:40:27,080 - WARNING - ⚠️ No date found for 0042300113
2026-02-01 14:40:27,082 - WARNING - ⚠️ No date found for 0022400827
2026-02-01 14:40:27,083 - WARNING - ⚠️ No date found for 0022300066
2026-02-01 14:40:27,087 - WARNING - ⚠️ No date found for 0022300436
2026-02-01 14:40:27,088 - WARNING - ⚠️ No date found for 0022300965
2026-02-01 14:40:27,089 - WARNING - ⚠️ No date found for 0042400401
2026-02-01 14:40:27,090 - WARNING - ⚠️ No date found for 0022301227
2026-02-01 14:40:27,092 - WARNING - ⚠️ No date found for 0022300820
2026-02-01 14:40:27,093 - WARNING - ⚠️ No date found for 0042400114
2026-02-01 14:40:27,095 - WARNING - ⚠️ No date found for 0022401109
2026-02-01 14:40:27,096 - WARNING - ⚠️ No date found for 0022300123
2026-02-01 14:40:27,097 - WARNING - ⚠️ No date found for 0022400348
2026-02-01 14:40:27,098 - WARNING - ⚠️ No date found for 0022300573
2026-02-01 14:40:27,099 - WARNING - ⚠️ No date found for 0022400718
2026-02-01 14:40:27,103 - WARNING - ⚠️ No date found for 0022300089
2026-02-01 14:40:27,106 - WARNING - ⚠️ No date found for 0022400077
2026-02-01 14:40:27,107 - WARNING - ⚠️ No date found for 0022400427
2026-02-01 14:40:27,108 - WARNING - ⚠️ No date found for 0022400974
2026-02-01 14:40:27,109 - WARNING - ⚠️ No date found for 0022400831
2026-02-01 14:40:27,110 - WARNING - ⚠️ No date found for 0042300105
2026-02-01 14:40:27,111 - WARNING - ⚠️ No date found for 0022301118
2026-02-01 14:40:27,113 - WARNING - ⚠️ No date found for 0022300359
2026-02-01 14:40:27,114 - WARNING - ⚠️ No date found for 0022400132
2026-02-01 14:40:27,117 - WARNING - ⚠️ No date found for 0022300709
2026-02-01 14:40:27,118 - WARNING - ⚠️ No date found for 0022400562
2026-02-01 14:40:27,119 - WARNING - ⚠️ No date found for 0022400098
2026-02-01 14:40:27,121 - WARNING - ⚠️ No date found for 0022300973
2026-02-01 14:40:27,122 - WARNING - ⚠️ No date found for 0022300420
2026-02-01 14:40:27,124 - WARNING - ⚠️ No date found for 0052400131
2026-02-01 14:40:27,128 - WARNING - ⚠️ No date found for 0022300070
2026-02-01 14:40:27,133 - WARNING - ⚠️ No date found for 0022300565
2026-02-01 14:40:27,134 - WARNING - ⚠️ No date found for 0022300135
2026-02-01 14:40:27,135 - WARNING - ⚠️ No date found for 0042400102
2026-02-01 14:40:27,136 - WARNING - ⚠️ No date found for 0022300836
2026-02-01 14:40:27,138 - WARNING - ⚠️ No date found for 0022400889
2026-02-01 14:40:27,139 - WARNING - ⚠️ No date found for 0022400923
2026-02-01 14:40:27,140 - WARNING - ⚠️ No date found for 0022400470
2026-02-01 14:40:27,142 - WARNING - ⚠️ No date found for 0022400020
2026-02-01 14:40:27,145 - WARNING - ⚠️ No date found for 0022400535
2026-02-01 14:40:27,149 - WARNING - ⚠️ No date found for 0022400165
2026-02-01 14:40:27,151 - WARNING - ⚠️ No date found for 0042300152
2026-02-01 14:40:27,152 - WARNING - ⚠️ No date found for 0022400866
2026-02-01 14:40:27,153 - WARNING - ⚠️ No date found for 0022300027
2026-02-01 14:40:27,157 - WARNING - ⚠️ No date found for 0022300477
2026-02-01 14:40:27,158 - WARNING - ⚠️ No date found for 0022300924
2026-02-01 14:40:27,160 - WARNING - ⚠️ No date found for 0022300861
2026-02-01 14:40:27,161 - WARNING - ⚠️ No date found for 0042400155
2026-02-01 14:40:27,162 - WARNING - ⚠️ No date found for 0022401148
2026-02-01 14:40:27,164 - WARNING - ⚠️ No date found for 0022400309
2026-02-01 14:40:27,165 - WARNING - ⚠️ No date found for 0022300162
2026-02-01 14:40:27,167 - WARNING - ⚠️ No date found for 0022300498
2026-02-01 14:40:27,168 - WARNING - ⚠️ No date found for 0022400759
2026-02-01 14:40:27,169 - WARNING - ⚠️ No date found for 0022300532
2026-02-01 14:40:27,171 - WARNING - ⚠️ No date found for 0022300725
2026-02-01 14:40:27,172 - WARNING - ⚠️ No date found for 0022300375
2026-02-01 14:40:27,174 - WARNING - ⚠️ No date found for 0022301134
2026-02-01 14:40:27,175 - WARNING - ⚠️ No date found for 0022301071
2026-02-01 14:40:27,176 - WARNING - ⚠️ No date found for 0022400958
2026-02-01 14:40:27,180 - WARNING - ⚠️ No date found for 0022300660
2026-02-01 14:40:27,181 - WARNING - ⚠️ No date found for 0022300230
2026-02-01 14:40:27,184 - WARNING - ⚠️ No date found for 0022401099
2026-02-01 14:40:27,185 - WARNING - ⚠️ No date found for 0012400007
2026-02-01 14:40:27,186 - WARNING - ⚠️ No date found for 0022401133
2026-02-01 14:40:27,188 - WARNING - ⚠️ No date found for 0022300119
2026-02-01 14:40:27,189 - WARNING - ⚠️ No date found for 0022400372
2026-02-01 14:40:27,193 - WARNING - ⚠️ No date found for 0022400688
2026-02-01 14:40:27,195 - WARNING - ⚠️ No date found for 0022300549
2026-02-01 14:40:27,196 - WARNING - ⚠️ No date found for 0022400722
2026-02-01 14:40:27,202 - WARNING - ⚠️ No date found for 0022400237
2026-02-01 14:40:27,205 - WARNING - ⚠️ No date found for 0022400667
2026-02-01 14:40:27,206 - WARNING - ⚠️ No date found for 0022401076
2026-02-01 14:40:27,207 - WARNING - ⚠️ No date found for 0042400315
2026-02-01 14:40:27,209 - WARNING - ⚠️ No date found for 0012300057
2026-02-01 14:40:27,210 - WARNING - ⚠️ No date found for 0022301163
2026-02-01 14:40:27,211 - WARNING - ⚠️ No date found for 0022400149
2026-02-01 14:40:27,213 - WARNING - ⚠️ No date found for 0022300322
2026-02-01 14:40:27,214 - WARNING - ⚠️ No date found for 0022400519
2026-02-01 14:40:27,219 - WARNING - ⚠️ No date found for 0022300772
2026-02-01 14:40:27,220 - WARNING - ⚠️ No date found for 0022300288
2026-02-01 14:40:27,222 - WARNING - ⚠️ No date found for 0022300267
2026-02-01 14:40:27,223 - WARNING - ⚠️ No date found for 0022300637
2026-02-01 14:40:27,224 - WARNING - ⚠️ No date found for 0022301026
2026-02-01 14:40:27,228 - WARNING - ⚠️ No date found for 0022400775
2026-02-01 14:40:27,231 - WARNING - ⚠️ No date found for 0022400325
2026-02-01 14:40:27,236 - WARNING - ⚠️ No date found for 0022401164
2026-02-01 14:40:27,237 - WARNING - ⚠️ No date found for 0042300312
2026-02-01 14:40:27,238 - WARNING - ⚠️ No date found for 0012400050
2026-02-01 14:40:27,239 - WARNING - ⚠️ No date found for 0022401021
2026-02-01 14:40:27,241 - WARNING - ⚠️ No date found for 0022300908
2026-02-01 14:40:27,242 - WARNING - ⚠️ No date found for 0022400630
2026-02-01 14:40:27,245 - WARNING - ⚠️ No date found for 0022400260
2026-02-01 14:40:27,248 - WARNING - ⚠️ No date found for 0022300764
2026-02-01 14:40:27,252 - WARNING - ⚠️ No date found for 0022300334
2026-02-01 14:40:27,253 - WARNING - ⚠️ No date found for 0022301175
2026-02-01 14:40:27,255 - WARNING - ⚠️ No date found for 0012300041
2026-02-01 14:40:27,256 - WARNING - ⚠️ No date found for 0042400303
2026-02-01 14:40:27,257 - WARNING - ⚠️ No date found for 0022301030
2026-02-01 14:40:27,259 - WARNING - ⚠️ No date found for 0022400919
2026-02-01 14:40:27,262 - WARNING - ⚠️ No date found for 0022300621
2026-02-01 14:40:27,263 - WARNING - ⚠️ No date found for 0022300271
2026-02-01 14:40:27,268 - WARNING - ⚠️ No date found for 0012400046
2026-02-01 14:40:27,270 - WARNING - ⚠️ No date found for 0042300304
2026-02-01 14:40:27,271 - WARNING - ⚠️ No date found for 0022401172
2026-02-01 14:40:27,274 - WARNING - ⚠️ No date found for 0022400333
2026-02-01 14:40:27,276 - WARNING - ⚠️ No date found for 0022300158
2026-02-01 14:40:27,279 - WARNING - ⚠️ No date found for 0022400763
2026-02-01 14:40:27,280 - WARNING - ⚠️ No date found for 0022300508
2026-02-01 14:40:27,284 - WARNING - ⚠️ No date found for 0022400299
2026-02-01 14:40:27,288 - WARNING - ⚠️ No date found for 0022400276
2026-02-01 14:40:27,292 - WARNING - ⚠️ No date found for 0022400626
2026-02-01 14:40:27,293 - WARNING - ⚠️ No date found for 0022401037
2026-02-01 14:40:27,295 - WARNING - ⚠️ No date found for 0012300016
2026-02-01 14:40:27,296 - WARNING - ⚠️ No date found for 0022301088
2026-02-01 14:40:27,297 - WARNING - ⚠️ No date found for 0022301122
2026-02-01 14:40:27,299 - WARNING - ⚠️ No date found for 0022300363
2026-02-01 14:40:27,300 - WARNING - ⚠️ No date found for 0022400108
2026-02-01 14:40:27,302 - WARNING - ⚠️ No date found for 0022300699
2026-02-01 14:40:27,303 - WARNING - ⚠️ No date found for 0022300733
2026-02-01 14:40:27,304 - WARNING - ⚠️ No date found for 0022400558
2026-02-01 14:40:27,306 - WARNING - ⚠️ No date found for 0022300226
2026-02-01 14:40:27,307 - WARNING - ⚠️ No date found for 0022300676
2026-02-01 14:40:27,310 - WARNING - ⚠️ No date found for 0042400211
2026-02-01 14:40:27,311 - WARNING - ⚠️ No date found for 0022301067
2026-02-01 14:40:27,315 - WARNING - ⚠️ No date found for 0022400734
2026-02-01 14:40:27,319 - WARNING - ⚠️ No date found for 0022400364
2026-02-01 14:40:27,320 - WARNING - ⚠️ No date found for 0022401125
2026-02-01 14:40:27,321 - WARNING - ⚠️ No date found for 0012400011
2026-02-01 14:40:27,323 - WARNING - ⚠️ No date found for 0022401060
2026-02-01 14:40:27,324 - WARNING - ⚠️ No date found for 0022300949
2026-02-01 14:40:27,326 - WARNING - ⚠️ No date found for 0042300216
2026-02-01 14:40:27,328 - WARNING - ⚠️ No date found for 0022400671
2026-02-01 14:40:27,331 - WARNING - ⚠️ No date found for 0022400221
2026-02-01 14:40:27,338 - WARNING - ⚠️ No date found for 0022400256
2026-02-01 14:40:27,339 - WARNING - ⚠️ No date found for 0022300197
2026-02-01 14:40:27,341 - WARNING - ⚠️ No date found for 0022400606
2026-02-01 14:40:27,342 - WARNING - ⚠️ No date found for 0022300894
2026-02-01 14:40:27,344 - WARNING - ⚠️ No date found for 0022401017
2026-02-01 14:40:27,345 - WARNING - ⚠️ No date found for 0012400066
2026-02-01 14:40:27,346 - WARNING - ⚠️ No date found for 0022401152
2026-02-01 14:40:27,349 - WARNING - ⚠️ No date found for 0022400313
2026-02-01 14:40:27,350 - WARNING - ⚠️ No date found for 0022300178
2026-02-01 14:40:27,351 - WARNING - ⚠️ No date found for 0022300482
2026-02-01 14:40:27,355 - WARNING - ⚠️ No date found for 0022400743
2026-02-01 14:40:27,358 - WARNING - ⚠️ No date found for 0022300528
2026-02-01 14:40:27,363 - WARNING - ⚠️ No date found for 0022301010
2026-02-01 14:40:27,365 - WARNING - ⚠️ No date found for 0022400893
2026-02-01 14:40:27,366 - WARNING - ⚠️ No date found for 0022400939
2026-02-01 14:40:27,368 - WARNING - ⚠️ No date found for 0022300601
2026-02-01 14:40:27,369 - WARNING - ⚠️ No date found for 0022400190
2026-02-01 14:40:27,370 - WARNING - ⚠️ No date found for 0022300251
2026-02-01 14:40:27,374 - WARNING - ⚠️ No date found for 0022300744
2026-02-01 14:40:27,375 - WARNING - ⚠️ No date found for 0022400485
2026-02-01 14:40:27,377 - WARNING - ⚠️ No date found for 0022300314
2026-02-01 14:40:27,378 - WARNING - ⚠️ No date found for 0022301155
2026-02-01 14:40:27,379 - WARNING - ⚠️ No date found for 0012300061
2026-02-01 14:40:27,380 - WARNING - ⚠️ No date found for 0022401040
2026-02-01 14:40:27,382 - WARNING - ⚠️ No date found for 0022300969
2026-02-01 14:40:27,384 - WARNING - ⚠️ No date found for 0042300236
2026-02-01 14:40:27,385 - WARNING - ⚠️ No date found for 0022400651
2026-02-01 14:40:27,388 - WARNING - ⚠️ No date found for 0022400201
2026-02-01 14:40:27,392 - WARNING - ⚠️ No date found for 0022300590
2026-02-01 14:40:27,395 - WARNING - ⚠️ No date found for 0022300085
2026-02-01 14:40:27,399 - WARNING - ⚠️ No date found for 0022400714
2026-02-01 14:40:27,402 - WARNING - ⚠️ No date found for 0022400344
2026-02-01 14:40:27,404 - WARNING - ⚠️ No date found for 0022300986
2026-02-01 14:40:27,405 - WARNING - ⚠️ No date found for 0022401105
2026-02-01 14:40:27,406 - WARNING - ⚠️ No date found for 0012400031
2026-02-01 14:40:27,408 - WARNING - ⚠️ No date found for 0022400597
2026-02-01 14:40:27,410 - WARNING - ⚠️ No date found for 0022300206
2026-02-01 14:40:27,411 - WARNING - ⚠️ No date found for 0022300656
2026-02-01 14:40:27,412 - WARNING - ⚠️ No date found for 0042400231
2026-02-01 14:40:27,413 - WARNING - ⚠️ No date found for 0022301047
2026-02-01 14:40:27,415 - WARNING - ⚠️ No date found for 0012300036
2026-02-01 14:40:27,416 - WARNING - ⚠️ No date found for 0022301102
2026-02-01 14:40:27,418 - WARNING - ⚠️ No date found for 0022400981
2026-02-01 14:40:27,419 - WARNING - ⚠️ No date found for 0022300343
2026-02-01 14:40:27,420 - WARNING - ⚠️ No date found for 0022400128
2026-02-01 14:40:27,421 - WARNING - ⚠️ No date found for 0022300713
2026-02-01 14:40:27,423 - WARNING - ⚠️ No date found for 0022400578
2026-02-01 14:40:27,424 - WARNING - ⚠️ No date found for 0022400082
2026-02-01 14:40:27,427 - WARNING - ⚠️ No date found for 0022300586
2026-02-01 14:40:27,429 - WARNING - ⚠️ No date found for 0022400217
2026-02-01 14:40:27,432 - WARNING - ⚠️ No date found for 0022400647
2026-02-01 14:40:27,434 - WARNING - ⚠️ No date found for 0022401056
2026-02-01 14:40:27,435 - WARNING - ⚠️ No date found for 0012400027
2026-02-01 14:40:27,437 - WARNING - ⚠️ No date found for 0022401113
2026-02-01 14:40:27,438 - WARNING - ⚠️ No date found for 0022300990
2026-02-01 14:40:27,439 - WARNING - ⚠️ No date found for 0022300139
2026-02-01 14:40:27,440 - WARNING - ⚠️ No date found for 0022400352
2026-02-01 14:40:27,444 - WARNING - ⚠️ No date found for 0022300569
2026-02-01 14:40:27,446 - WARNING - ⚠️ No date found for 0022400702
2026-02-01 14:40:27,449 - WARNING - ⚠️ No date found for 0022300093
2026-02-01 14:40:27,451 - WARNING - ⚠️ No date found for 0022301051
2026-02-01 14:40:27,452 - WARNING - ⚠️ No date found for 0022400978
2026-02-01 14:40:27,454 - WARNING - ⚠️ No date found for 0042400227
2026-02-01 14:40:27,455 - WARNING - ⚠️ No date found for 0022300640
2026-02-01 14:40:27,457 - WARNING - ⚠️ No date found for 0022300210
2026-02-01 14:40:27,460 - WARNING - ⚠️ No date found for 0022400581
2026-02-01 14:40:27,462 - WARNING - ⚠️ No date found for 0022400094
2026-02-01 14:40:27,464 - WARNING - ⚠️ No date found for 0022300705
2026-02-01 14:40:27,465 - WARNING - ⚠️ No date found for 0022300355
2026-02-01 14:40:27,466 - WARNING - ⚠️ No date found for 0022400997
2026-02-01 14:40:27,467 - WARNING - ⚠️ No date found for 0022301114
2026-02-01 14:40:27,468 - WARNING - ⚠️ No date found for 0012300020
2026-02-01 14:40:27,470 - WARNING - ⚠️ No date found for 0022401001
2026-02-01 14:40:27,471 - WARNING - ⚠️ No date found for 0022300882
2026-02-01 14:40:27,473 - WARNING - ⚠️ No date found for 0022300928
2026-02-01 14:40:27,474 - WARNING - ⚠️ No date found for 0022400610
2026-02-01 14:40:27,477 - WARNING - ⚠️ No date found for 0022300181
2026-02-01 14:40:27,478 - WARNING - ⚠️ No date found for 0022400240
2026-02-01 14:40:27,484 - WARNING - ⚠️ No date found for 0022400755
2026-02-01 14:40:27,487 - WARNING - ⚠️ No date found for 0022300494
2026-02-01 14:40:27,488 - WARNING - ⚠️ No date found for 0022400305
2026-02-01 14:40:27,491 - WARNING - ⚠️ No date found for 0022401144
2026-02-01 14:40:27,492 - WARNING - ⚠️ No date found for 0012400070
2026-02-01 14:40:27,494 - WARNING - ⚠️ No date found for 0022300247
2026-02-01 14:40:27,495 - WARNING - ⚠️ No date found for 0022400186
2026-02-01 14:40:27,496 - WARNING - ⚠️ No date found for 0022300617
2026-02-01 14:40:27,497 - WARNING - ⚠️ No date found for 0022400885
2026-02-01 14:40:27,499 - WARNING - ⚠️ No date found for 0022301006
2026-02-01 14:40:27,500 - WARNING - ⚠️ No date found for 0022301143
2026-02-01 14:40:27,501 - WARNING - ⚠️ No date found for 0022400169
2026-02-01 14:40:27,502 - WARNING - ⚠️ No date found for 0022300302
2026-02-01 14:40:27,503 - WARNING - ⚠️ No date found for 0022400493
2026-02-01 14:40:27,504 - WARNING - ⚠️ No date found for 0022400539
2026-02-01 14:40:27,505 - WARNING - ⚠️ No date found for 0022300752
2026-02-01 14:40:27,506 - WARNING - ⚠️ No date found for 0022300545
2026-02-01 14:40:27,508 - WARNING - ⚠️ No date found for 0022400684
2026-02-01 14:40:27,509 - WARNING - ⚠️ No date found for 0022300115
2026-02-01 14:40:27,510 - WARNING - ⚠️ No date found for 0042400122
2026-02-01 14:40:27,511 - WARNING - ⚠️ No date found for 0022401095
2026-02-01 14:40:27,512 - WARNING - ⚠️ No date found for 0022300816
2026-02-01 14:40:27,513 - WARNING - ⚠️ No date found for 0022301211
2026-02-01 14:40:27,514 - WARNING - ⚠️ No date found for 0022300953
2026-02-01 14:40:27,515 - WARNING - ⚠️ No date found for 0022300400
2026-02-01 14:40:27,519 - WARNING - ⚠️ No date found for 0022400391
2026-02-01 14:40:27,520 - WARNING - ⚠️ No date found for 0052400111
2026-02-01 14:40:27,521 - WARNING - ⚠️ No date found for 0022300050
2026-02-01 14:40:27,524 - WARNING - ⚠️ No date found for 0022400811
2026-02-01 14:40:27,525 - WARNING - ⚠️ No date found for 0042300125
2026-02-01 14:40:27,527 - WARNING - ⚠️ No date found for 0022301092
2026-02-01 14:40:27,528 - WARNING - ⚠️ No date found for 0022301138
2026-02-01 14:40:27,529 - WARNING - ⚠️ No date found for 0022300379
2026-02-01 14:40:27,531 - WARNING - ⚠️ No date found for 0022400112
2026-02-01 14:40:27,534 - WARNING - ⚠️ No date found for 0022300683
2026-02-01 14:40:27,535 - WARNING - ⚠️ No date found for 0022300729
2026-02-01 14:40:27,536 - WARNING - ⚠️ No date found for 0022400542
2026-02-01 14:40:27,540 - WARNING - ⚠️ No date found for 0022400057
2026-02-01 14:40:27,542 - WARNING - ⚠️ No date found for 0022300396
2026-02-01 14:40:27,543 - WARNING - ⚠️ No date found for 0022400407
2026-02-01 14:40:27,544 - WARNING - ⚠️ No date found for 0022400954
2026-02-01 14:40:27,545 - WARNING - ⚠️ No date found for 0022401216
2026-02-01 14:40:27,547 - WARNING - ⚠️ No date found for 0022300841
2026-02-01 14:40:27,548 - WARNING - ⚠️ No date found for 0042400175
2026-02-01 14:40:27,549 - WARNING - ⚠️ No date found for 0022401168
2026-02-01 14:40:27,550 - WARNING - ⚠️ No date found for 0022400329
2026-02-01 14:40:27,552 - WARNING - ⚠️ No date found for 0022300142
2026-02-01 14:40:27,553 - WARNING - ⚠️ No date found for 0022400779
2026-02-01 14:40:27,554 - WARNING - ⚠️ No date found for 0022300512
2026-02-01 14:40:27,556 - WARNING - ⚠️ No date found for 0022400283
2026-02-01 14:40:27,557 - WARNING - ⚠️ No date found for 0022400796
2026-02-01 14:40:27,558 - WARNING - ⚠️ No date found for 0022300007
2026-02-01 14:40:27,560 - WARNING - ⚠️ No date found for 0022300457
2026-02-01 14:40:27,561 - WARNING - ⚠️ No date found for 0022401187
2026-02-01 14:40:27,562 - WARNING - ⚠️ No date found for 0022300904
2026-02-01 14:40:27,564 - WARNING - ⚠️ No date found for 0022300284
2026-02-01 14:40:27,565 - WARNING - ⚠️ No date found for 0022400515
2026-02-01 14:40:27,569 - WARNING - ⚠️ No date found for 0022400145
2026-02-01 14:40:27,571 - WARNING - ⚠️ No date found for 0042300172
2026-02-01 14:40:27,572 - WARNING - ⚠️ No date found for 0022400846
2026-02-01 14:40:27,573 - WARNING - ⚠️ No date found for 0022400903
2026-02-01 14:40:27,575 - WARNING - ⚠️ No date found for 0022301180
2026-02-01 14:40:27,576 - WARNING - ⚠️ No date found for 0022400450
2026-02-01 14:40:27,579 - WARNING - ⚠️ No date found for 0022300791
2026-02-01 14:40:27,581 - WARNING - ⚠️ No date found for 0022400295
2026-02-01 14:40:27,582 - WARNING - ⚠️ No date found for 0022300504
2026-02-01 14:40:27,583 - WARNING - ⚠️ No date found for 0022300154
2026-02-01 14:40:27,584 - WARNING - ⚠️ No date found for 0042400163
2026-02-01 14:40:27,585 - WARNING - ⚠️ No date found for 0022300857
2026-02-01 14:40:27,586 - WARNING - ⚠️ No date found for 0022300912
2026-02-01 14:40:27,588 - WARNING - ⚠️ No date found for 0022401191
2026-02-01 14:40:27,589 - WARNING - ⚠️ No date found for 0022300441
2026-02-01 14:40:27,592 - WARNING - ⚠️ No date found for 0022300011
2026-02-01 14:40:27,596 - WARNING - ⚠️ No date found for 0022400780
2026-02-01 14:40:27,597 - WARNING - ⚠️ No date found for 0022400850
2026-02-01 14:40:27,598 - WARNING - ⚠️ No date found for 0042300164
2026-02-01 14:40:27,599 - WARNING - ⚠️ No date found for 0022301179
2026-02-01 14:40:27,601 - WARNING - ⚠️ No date found for 0022400153
2026-02-01 14:40:27,602 - WARNING - ⚠️ No date found for 0022300338
2026-02-01 14:40:27,605 - WARNING - ⚠️ No date found for 0022400503
2026-02-01 14:40:27,607 - WARNING - ⚠️ No date found for 0022300768
2026-02-01 14:40:27,608 - WARNING - ⚠️ No date found for 0022300292
2026-02-01 14:40:27,610 - WARNING - ⚠️ No date found for 0022300787
2026-02-01 14:40:27,613 - WARNING - ⚠️ No date found for 0022400016
2026-02-01 14:40:27,615 - WARNING - ⚠️ No date found for 0022400446
2026-02-01 14:40:27,616 - WARNING - ⚠️ No date found for 0022301196
2026-02-01 14:40:27,618 - WARNING - ⚠️ No date found for 0022400915
2026-02-01 14:40:27,619 - WARNING - ⚠️ No date found for 0022300800
2026-02-01 14:40:27,620 - WARNING - ⚠️ No date found for 0022401083
2026-02-01 14:40:27,621 - WARNING - ⚠️ No date found for 0042400134
2026-02-01 14:40:27,622 - WARNING - ⚠️ No date found for 0022401129
2026-02-01 14:40:27,624 - WARNING - ⚠️ No date found for 0022300103
2026-02-01 14:40:27,625 - WARNING - ⚠️ No date found for 0022400368
2026-02-01 14:40:27,627 - WARNING - ⚠️ No date found for 0022400692
2026-02-01 14:40:27,628 - WARNING - ⚠️ No date found for 0022300553
2026-02-01 14:40:27,629 - WARNING - ⚠️ No date found for 0022400738
2026-02-01 14:40:27,631 - WARNING - ⚠️ No date found for 0022300046
2026-02-01 14:40:27,632 - WARNING - ⚠️ No date found for 0022400387
2026-02-01 14:40:27,634 - WARNING - ⚠️ No date found for 0022300416
2026-02-01 14:40:27,635 - WARNING - ⚠️ No date found for 0022300945
2026-02-01 14:40:27,636 - WARNING - ⚠️ No date found for 0022301207
2026-02-01 14:40:27,638 - WARNING - ⚠️ No date found for 0022400554
2026-02-01 14:40:27,640 - WARNING - ⚠️ No date found for 0022300695
2026-02-01 14:40:27,643 - WARNING - ⚠️ No date found for 0022400104
2026-02-01 14:40:27,645 - WARNING - ⚠️ No date found for 0022301084
2026-02-01 14:40:27,646 - WARNING - ⚠️ No date found for 0042300133
2026-02-01 14:40:27,648 - WARNING - ⚠️ No date found for 0022400807
2026-02-01 14:40:27,649 - WARNING - ⚠️ No date found for 0022401200
2026-02-01 14:40:27,650 - WARNING - ⚠️ No date found for 0022400942
2026-02-01 14:40:27,651 - WARNING - ⚠️ No date found for 0022400411
2026-02-01 14:40:27,654 - WARNING - ⚠️ No date found for 0022300380
2026-02-01 14:40:27,656 - WARNING - ⚠️ No date found for 0022400041
2026-02-01 14:40:27,660 - WARNING - ⚠️ No date found for 0022400555
2026-02-01 14:40:27,663 - WARNING - ⚠️ No date found for 0022300694
2026-02-01 14:40:27,665 - WARNING - ⚠️ No date found for 0022400105
2026-02-01 14:40:27,666 - WARNING - ⚠️ No date found for 0042300132
2026-02-01 14:40:27,668 - WARNING - ⚠️ No date found for 0022301085
2026-02-01 14:40:27,670 - WARNING - ⚠️ No date found for 0022400806
2026-02-01 14:40:27,671 - WARNING - ⚠️ No date found for 0022401201
2026-02-01 14:40:27,672 - WARNING - ⚠️ No date found for 0022400943
2026-02-01 14:40:27,674 - WARNING - ⚠️ No date found for 0022400410
2026-02-01 14:40:27,678 - WARNING - ⚠️ No date found for 0052300101
2026-02-01 14:40:27,679 - WARNING - ⚠️ No date found for 0022300381
2026-02-01 14:40:27,680 - WARNING - ⚠️ No date found for 0022400040
2026-02-01 14:40:27,684 - WARNING - ⚠️ No date found for 0022300801
2026-02-01 14:40:27,685 - WARNING - ⚠️ No date found for 0042400135
2026-02-01 14:40:27,686 - WARNING - ⚠️ No date found for 0022401082
2026-02-01 14:40:27,687 - WARNING - ⚠️ No date found for 0022401128
2026-02-01 14:40:27,688 - WARNING - ⚠️ No date found for 0022400369
2026-02-01 14:40:27,689 - WARNING - ⚠️ No date found for 0022300102
2026-02-01 14:40:27,691 - WARNING - ⚠️ No date found for 0022400693
2026-02-01 14:40:27,692 - WARNING - ⚠️ No date found for 0022400739
2026-02-01 14:40:27,694 - WARNING - ⚠️ No date found for 0022300552
2026-02-01 14:40:27,696 - WARNING - ⚠️ No date found for 0022300047
2026-02-01 14:40:27,697 - WARNING - ⚠️ No date found for 0022400386
2026-02-01 14:40:27,699 - WARNING - ⚠️ No date found for 0022300417
2026-02-01 14:40:27,700 - WARNING - ⚠️ No date found for 0022300944
2026-02-01 14:40:27,701 - WARNING - ⚠️ No date found for 0022301206
2026-02-01 14:40:27,703 - WARNING - ⚠️ No date found for 0022400851
2026-02-01 14:40:27,703 - INFO -    Processed 3000/3390 files...
2026-02-01 14:40:27,704 - WARNING - ⚠️ No date found for 0022301178
2026-02-01 14:40:27,705 - WARNING - ⚠️ No date found for 0022300339
2026-02-01 14:40:27,706 - WARNING - ⚠️ No date found for 0022400152
2026-02-01 14:40:27,710 - WARNING - ⚠️ No date found for 0022300769
2026-02-01 14:40:27,711 - WARNING - ⚠️ No date found for 0022400502
2026-02-01 14:40:27,712 - WARNING - ⚠️ No date found for 0022300293
2026-02-01 14:40:27,715 - WARNING - ⚠️ No date found for 0022300786
2026-02-01 14:40:27,717 - WARNING - ⚠️ No date found for 0022400017
2026-02-01 14:40:27,719 - WARNING - ⚠️ No date found for 0022400447
2026-02-01 14:40:27,720 - WARNING - ⚠️ No date found for 0022301197
2026-02-01 14:40:27,722 - WARNING - ⚠️ No date found for 0022400914
2026-02-01 14:40:27,723 - WARNING - ⚠️ No date found for 0022400294
2026-02-01 14:40:27,724 - WARNING - ⚠️ No date found for 0022300505
2026-02-01 14:40:27,725 - WARNING - ⚠️ No date found for 0022300155
2026-02-01 14:40:27,727 - WARNING - ⚠️ No date found for 0042400162
2026-02-01 14:40:27,728 - WARNING - ⚠️ No date found for 0022300856
2026-02-01 14:40:27,729 - WARNING - ⚠️ No date found for 0022300913
2026-02-01 14:40:27,730 - WARNING - ⚠️ No date found for 0022401190
2026-02-01 14:40:27,732 - WARNING - ⚠️ No date found for 0022300440
2026-02-01 14:40:27,735 - WARNING - ⚠️ No date found for 0022300010
2026-02-01 14:40:27,738 - WARNING - ⚠️ No date found for 0022400781
2026-02-01 14:40:27,739 - WARNING - ⚠️ No date found for 0022300285
2026-02-01 14:40:27,741 - WARNING - ⚠️ No date found for 0022400514
2026-02-01 14:40:27,744 - WARNING - ⚠️ No date found for 0022400144
2026-02-01 14:40:27,745 - WARNING - ⚠️ No date found for 0042300173
2026-02-01 14:40:27,747 - WARNING - ⚠️ No date found for 0022400847
2026-02-01 14:40:27,748 - WARNING - ⚠️ No date found for 0022400902
2026-02-01 14:40:27,749 - WARNING - ⚠️ No date found for 0022301181
2026-02-01 14:40:27,751 - WARNING - ⚠️ No date found for 0022400451
2026-02-01 14:40:27,752 - WARNING - ⚠️ No date found for 0022400001
2026-02-01 14:40:27,753 - WARNING - ⚠️ No date found for 0022300790
2026-02-01 14:40:27,757 - WARNING - ⚠️ No date found for 0022300840
2026-02-01 14:40:27,758 - WARNING - ⚠️ No date found for 0042400174
2026-02-01 14:40:27,760 - WARNING - ⚠️ No date found for 0022401169
2026-02-01 14:40:27,761 - WARNING - ⚠️ No date found for 0022300143
2026-02-01 14:40:27,763 - WARNING - ⚠️ No date found for 0022400328
2026-02-01 14:40:27,764 - WARNING - ⚠️ No date found for 0022300513
2026-02-01 14:40:27,765 - WARNING - ⚠️ No date found for 0022400778
2026-02-01 14:40:27,767 - WARNING - ⚠️ No date found for 0022400282
2026-02-01 14:40:27,768 - WARNING - ⚠️ No date found for 0022400797
2026-02-01 14:40:27,769 - WARNING - ⚠️ No date found for 0022300006
2026-02-01 14:40:27,771 - WARNING - ⚠️ No date found for 0022300456
2026-02-01 14:40:27,772 - WARNING - ⚠️ No date found for 0022401186
2026-02-01 14:40:27,774 - WARNING - ⚠️ No date found for 0022300905
2026-02-01 14:40:27,775 - WARNING - ⚠️ No date found for 0022400810
2026-02-01 14:40:27,777 - WARNING - ⚠️ No date found for 0022301093
2026-02-01 14:40:27,778 - WARNING - ⚠️ No date found for 0042300124
2026-02-01 14:40:27,780 - WARNING - ⚠️ No date found for 0022301139
2026-02-01 14:40:27,781 - WARNING - ⚠️ No date found for 0022400113
2026-02-01 14:40:27,782 - WARNING - ⚠️ No date found for 0022300378
2026-02-01 14:40:27,784 - WARNING - ⚠️ No date found for 0022300682
2026-02-01 14:40:27,788 - WARNING - ⚠️ No date found for 0022400543
2026-02-01 14:40:27,789 - WARNING - ⚠️ No date found for 0022300728
2026-02-01 14:40:27,792 - WARNING - ⚠️ No date found for 0022400056
2026-02-01 14:40:27,793 - WARNING - ⚠️ No date found for 0022300397
2026-02-01 14:40:27,794 - WARNING - ⚠️ No date found for 0022400406
2026-02-01 14:40:27,795 - WARNING - ⚠️ No date found for 0022400955
2026-02-01 14:40:27,796 - WARNING - ⚠️ No date found for 0022401217
2026-02-01 14:40:27,797 - WARNING - ⚠️ No date found for 0022300544
2026-02-01 14:40:27,798 - WARNING - ⚠️ No date found for 0022400685
2026-02-01 14:40:27,800 - WARNING - ⚠️ No date found for 0022300114
2026-02-01 14:40:27,801 - WARNING - ⚠️ No date found for 0022401094
2026-02-01 14:40:27,803 - WARNING - ⚠️ No date found for 0042400123
2026-02-01 14:40:27,804 - WARNING - ⚠️ No date found for 0022300817
2026-02-01 14:40:27,805 - WARNING - ⚠️ No date found for 0022301210
2026-02-01 14:40:27,807 - WARNING - ⚠️ No date found for 0022300952
2026-02-01 14:40:27,808 - WARNING - ⚠️ No date found for 0022300401
2026-02-01 14:40:27,811 - WARNING - ⚠️ No date found for 0022400390
2026-02-01 14:40:27,812 - WARNING - ⚠️ No date found for 0022300051
2026-02-01 14:40:27,815 - WARNING - ⚠️ No date found for 0022300246
2026-02-01 14:40:27,816 - WARNING - ⚠️ No date found for 0022400187
2026-02-01 14:40:27,817 - WARNING - ⚠️ No date found for 0022300616
2026-02-01 14:40:27,818 - WARNING - ⚠️ No date found for 0022400884
2026-02-01 14:40:27,819 - WARNING - ⚠️ No date found for 0022301007
2026-02-01 14:40:27,821 - WARNING - ⚠️ No date found for 0022301142
2026-02-01 14:40:27,823 - WARNING - ⚠️ No date found for 0022300303
2026-02-01 14:40:27,825 - WARNING - ⚠️ No date found for 0022400168
2026-02-01 14:40:27,827 - WARNING - ⚠️ No date found for 0022400492
2026-02-01 14:40:27,829 - WARNING - ⚠️ No date found for 0022300753
2026-02-01 14:40:27,831 - WARNING - ⚠️ No date found for 0022400538
2026-02-01 14:40:27,832 - WARNING - ⚠️ No date found for 0022401000
2026-02-01 14:40:27,834 - WARNING - ⚠️ No date found for 0022300883
2026-02-01 14:40:27,835 - WARNING - ⚠️ No date found for 0022300929
2026-02-01 14:40:27,837 - WARNING - ⚠️ No date found for 0022400611
2026-02-01 14:40:27,840 - WARNING - ⚠️ No date found for 0022300180
2026-02-01 14:40:27,842 - WARNING - ⚠️ No date found for 0022400241
2026-02-01 14:40:27,846 - WARNING - ⚠️ No date found for 0022400754
2026-02-01 14:40:27,847 - WARNING - ⚠️ No date found for 0022300495
2026-02-01 14:40:27,851 - WARNING - ⚠️ No date found for 0022400304
2026-02-01 14:40:27,854 - WARNING - ⚠️ No date found for 0022401145
2026-02-01 14:40:27,855 - WARNING - ⚠️ No date found for 0012400071
2026-02-01 14:40:27,857 - WARNING - ⚠️ No date found for 0022301050
2026-02-01 14:40:27,858 - WARNING - ⚠️ No date found for 0022400979
2026-02-01 14:40:27,859 - WARNING - ⚠️ No date found for 0042400226
2026-02-01 14:40:27,861 - WARNING - ⚠️ No date found for 0022300641
2026-02-01 14:40:27,862 - WARNING - ⚠️ No date found for 0022300211
2026-02-01 14:40:27,865 - WARNING - ⚠️ No date found for 0022400580
2026-02-01 14:40:27,866 - WARNING - ⚠️ No date found for 0022400095
2026-02-01 14:40:27,867 - WARNING - ⚠️ No date found for 0022300704
2026-02-01 14:40:27,869 - WARNING - ⚠️ No date found for 0022300354
2026-02-01 14:40:27,870 - WARNING - ⚠️ No date found for 0022400996
2026-02-01 14:40:27,871 - WARNING - ⚠️ No date found for 0022301115
2026-02-01 14:40:27,873 - WARNING - ⚠️ No date found for 0012300021
2026-02-01 14:40:27,874 - WARNING - ⚠️ No date found for 0022300587
2026-02-01 14:40:27,878 - WARNING - ⚠️ No date found for 0022400216
2026-02-01 14:40:27,881 - WARNING - ⚠️ No date found for 0022400646
2026-02-01 14:40:27,882 - WARNING - ⚠️ No date found for 0042300221
2026-02-01 14:40:27,884 - WARNING - ⚠️ No date found for 0022401057
2026-02-01 14:40:27,885 - WARNING - ⚠️ No date found for 0012400026
2026-02-01 14:40:27,887 - WARNING - ⚠️ No date found for 0022401112
2026-02-01 14:40:27,888 - WARNING - ⚠️ No date found for 0022300991
2026-02-01 14:40:27,889 - WARNING - ⚠️ No date found for 0022400353
2026-02-01 14:40:27,890 - WARNING - ⚠️ No date found for 0022300138
2026-02-01 14:40:27,894 - WARNING - ⚠️ No date found for 0022400703
2026-02-01 14:40:27,895 - WARNING - ⚠️ No date found for 0022300568
2026-02-01 14:40:27,896 - WARNING - ⚠️ No date found for 0022300092
2026-02-01 14:40:27,899 - WARNING - ⚠️ No date found for 0022400596
2026-02-01 14:40:27,901 - WARNING - ⚠️ No date found for 0022300207
2026-02-01 14:40:27,902 - WARNING - ⚠️ No date found for 0022300657
2026-02-01 14:40:27,903 - WARNING - ⚠️ No date found for 0022301046
2026-02-01 14:40:27,905 - WARNING - ⚠️ No date found for 0012300037
2026-02-01 14:40:27,906 - WARNING - ⚠️ No date found for 0022301103
2026-02-01 14:40:27,907 - WARNING - ⚠️ No date found for 0022400980
2026-02-01 14:40:27,909 - WARNING - ⚠️ No date found for 0022400129
2026-02-01 14:40:27,910 - WARNING - ⚠️ No date found for 0022300342
2026-02-01 14:40:27,911 - WARNING - ⚠️ No date found for 0022400579
2026-02-01 14:40:27,913 - WARNING - ⚠️ No date found for 0022300712
2026-02-01 14:40:27,914 - WARNING - ⚠️ No date found for 0022400083
2026-02-01 14:40:27,916 - WARNING - ⚠️ No date found for 0022401041
2026-02-01 14:40:27,917 - WARNING - ⚠️ No date found for 0022300968
2026-02-01 14:40:27,919 - WARNING - ⚠️ No date found for 0042300237
2026-02-01 14:40:27,920 - WARNING - ⚠️ No date found for 0022400650
2026-02-01 14:40:27,924 - WARNING - ⚠️ No date found for 0022400200
2026-02-01 14:40:27,931 - WARNING - ⚠️ No date found for 0022300591
2026-02-01 14:40:27,934 - WARNING - ⚠️ No date found for 0022300084
2026-02-01 14:40:27,935 - WARNING - ⚠️ No date found for 0022400715
2026-02-01 14:40:27,939 - WARNING - ⚠️ No date found for 0022400345
2026-02-01 14:40:27,940 - WARNING - ⚠️ No date found for 0022300987
2026-02-01 14:40:27,941 - WARNING - ⚠️ No date found for 0022401104
2026-02-01 14:40:27,943 - WARNING - ⚠️ No date found for 0022301011
2026-02-01 14:40:27,944 - WARNING - ⚠️ No date found for 0022400892
2026-02-01 14:40:27,945 - WARNING - ⚠️ No date found for 0022400938
2026-02-01 14:40:27,946 - WARNING - ⚠️ No date found for 0022300600
2026-02-01 14:40:27,948 - WARNING - ⚠️ No date found for 0022400191
2026-02-01 14:40:27,949 - WARNING - ⚠️ No date found for 0022300250
2026-02-01 14:40:27,952 - WARNING - ⚠️ No date found for 0022300745
2026-02-01 14:40:27,953 - WARNING - ⚠️ No date found for 0022400484
2026-02-01 14:40:27,955 - WARNING - ⚠️ No date found for 0022300315
2026-02-01 14:40:27,956 - WARNING - ⚠️ No date found for 0022301154
2026-02-01 14:40:27,957 - WARNING - ⚠️ No date found for 0012300060
2026-02-01 14:40:27,962 - WARNING - ⚠️ No date found for 0022400257
2026-02-01 14:40:27,963 - WARNING - ⚠️ No date found for 0022300196
2026-02-01 14:40:27,964 - WARNING - ⚠️ No date found for 0022400607
2026-02-01 14:40:27,966 - WARNING - ⚠️ No date found for 0022300895
2026-02-01 14:40:27,967 - WARNING - ⚠️ No date found for 0022401016
2026-02-01 14:40:27,968 - WARNING - ⚠️ No date found for 0012400067
2026-02-01 14:40:27,969 - WARNING - ⚠️ No date found for 0022401153
2026-02-01 14:40:27,970 - WARNING - ⚠️ No date found for 0022300179
2026-02-01 14:40:27,972 - WARNING - ⚠️ No date found for 0022400312
2026-02-01 14:40:27,976 - WARNING - ⚠️ No date found for 0022300483
2026-02-01 14:40:27,977 - WARNING - ⚠️ No date found for 0022300529
2026-02-01 14:40:27,978 - WARNING - ⚠️ No date found for 0022400742
2026-02-01 14:40:27,984 - WARNING - ⚠️ No date found for 0022400735
2026-02-01 14:40:27,987 - WARNING - ⚠️ No date found for 0022400365
2026-02-01 14:40:27,989 - WARNING - ⚠️ No date found for 0022401124
2026-02-01 14:40:27,991 - WARNING - ⚠️ No date found for 0012400010
2026-02-01 14:40:27,992 - WARNING - ⚠️ No date found for 0022401061
2026-02-01 14:40:27,994 - WARNING - ⚠️ No date found for 0022300948
2026-02-01 14:40:27,995 - WARNING - ⚠️ No date found for 0042300217
2026-02-01 14:40:27,997 - WARNING - ⚠️ No date found for 0022400670
2026-02-01 14:40:28,001 - WARNING - ⚠️ No date found for 0022400220
2026-02-01 14:40:28,005 - WARNING - ⚠️ No date found for 0022301089
2026-02-01 14:40:28,007 - WARNING - ⚠️ No date found for 0012300017
2026-02-01 14:40:28,009 - WARNING - ⚠️ No date found for 0022301123
2026-02-01 14:40:28,011 - WARNING - ⚠️ No date found for 0022400109
2026-02-01 14:40:28,012 - WARNING - ⚠️ No date found for 0022300362
2026-02-01 14:40:28,014 - WARNING - ⚠️ No date found for 0022300698
2026-02-01 14:40:28,015 - WARNING - ⚠️ No date found for 0022400559
2026-02-01 14:40:28,016 - WARNING - ⚠️ No date found for 0022300732
2026-02-01 14:40:28,018 - WARNING - ⚠️ No date found for 0022300227
2026-02-01 14:40:28,021 - WARNING - ⚠️ No date found for 0022300677
2026-02-01 14:40:28,023 - WARNING - ⚠️ No date found for 0022301066
2026-02-01 14:40:28,024 - WARNING - ⚠️ No date found for 0012400047
2026-02-01 14:40:28,025 - WARNING - ⚠️ No date found for 0022401173
2026-02-01 14:40:28,028 - WARNING - ⚠️ No date found for 0022300159
2026-02-01 14:40:28,029 - WARNING - ⚠️ No date found for 0022400332
2026-02-01 14:40:28,033 - WARNING - ⚠️ No date found for 0022300509
2026-02-01 14:40:28,034 - WARNING - ⚠️ No date found for 0022400762
2026-02-01 14:40:28,038 - WARNING - ⚠️ No date found for 0022400298
2026-02-01 14:40:28,041 - WARNING - ⚠️ No date found for 0022400277
2026-02-01 14:40:28,044 - WARNING - ⚠️ No date found for 0022400627
2026-02-01 14:40:28,045 - WARNING - ⚠️ No date found for 0022401036
2026-02-01 14:40:28,047 - WARNING - ⚠️ No date found for 0022300765
2026-02-01 14:40:28,049 - WARNING - ⚠️ No date found for 0022300335
2026-02-01 14:40:28,050 - WARNING - ⚠️ No date found for 0022301174
2026-02-01 14:40:28,052 - WARNING - ⚠️ No date found for 0042400302
2026-02-01 14:40:28,053 - WARNING - ⚠️ No date found for 0012300040
2026-02-01 14:40:28,054 - WARNING - ⚠️ No date found for 0022301031
2026-02-01 14:40:28,056 - WARNING - ⚠️ No date found for 0022400918
2026-02-01 14:40:28,057 - WARNING - ⚠️ No date found for 0022300620
2026-02-01 14:40:28,062 - WARNING - ⚠️ No date found for 0022300270
2026-02-01 14:40:28,067 - WARNING - ⚠️ No date found for 0022400774
2026-02-01 14:40:28,071 - WARNING - ⚠️ No date found for 0022400324
2026-02-01 14:40:28,075 - WARNING - ⚠️ No date found for 0022401165
2026-02-01 14:40:28,076 - WARNING - ⚠️ No date found for 0012400051
2026-02-01 14:40:28,078 - WARNING - ⚠️ No date found for 0042300313
2026-02-01 14:40:28,079 - WARNING - ⚠️ No date found for 0022401020
2026-02-01 14:40:28,080 - WARNING - ⚠️ No date found for 0022300909
2026-02-01 14:40:28,081 - WARNING - ⚠️ No date found for 0022400631
2026-02-01 14:40:28,085 - WARNING - ⚠️ No date found for 0022400261
2026-02-01 14:40:28,089 - WARNING - ⚠️ No date found for 0012300056
2026-02-01 14:40:28,090 - WARNING - ⚠️ No date found for 0042400314
2026-02-01 14:40:28,092 - WARNING - ⚠️ No date found for 0022301162
2026-02-01 14:40:28,093 - WARNING - ⚠️ No date found for 0022300323
2026-02-01 14:40:28,095 - WARNING - ⚠️ No date found for 0022400148
2026-02-01 14:40:28,096 - WARNING - ⚠️ No date found for 0022300773
2026-02-01 14:40:28,097 - WARNING - ⚠️ No date found for 0022400518
2026-02-01 14:40:28,101 - WARNING - ⚠️ No date found for 0022300289
2026-02-01 14:40:28,102 - WARNING - ⚠️ No date found for 0022300266
2026-02-01 14:40:28,103 - WARNING - ⚠️ No date found for 0022300636
2026-02-01 14:40:28,104 - WARNING - ⚠️ No date found for 0022301027
2026-02-01 14:40:28,106 - WARNING - ⚠️ No date found for 0012400006
2026-02-01 14:40:28,107 - WARNING - ⚠️ No date found for 0022401098
2026-02-01 14:40:28,108 - WARNING - ⚠️ No date found for 0022401132
2026-02-01 14:40:28,109 - WARNING - ⚠️ No date found for 0022400373
2026-02-01 14:40:28,111 - WARNING - ⚠️ No date found for 0022300118
2026-02-01 14:40:28,114 - WARNING - ⚠️ No date found for 0022400689
2026-02-01 14:40:28,116 - WARNING - ⚠️ No date found for 0022400723
2026-02-01 14:40:28,119 - WARNING - ⚠️ No date found for 0022300548
2026-02-01 14:40:28,123 - WARNING - ⚠️ No date found for 0022400236
2026-02-01 14:40:28,126 - WARNING - ⚠️ No date found for 0022400666
2026-02-01 14:40:28,127 - WARNING - ⚠️ No date found for 0042300201
2026-02-01 14:40:28,128 - WARNING - ⚠️ No date found for 0022401077
2026-02-01 14:40:28,130 - WARNING - ⚠️ No date found for 0022300724
2026-02-01 14:40:28,131 - WARNING - ⚠️ No date found for 0022300374
2026-02-01 14:40:28,133 - WARNING - ⚠️ No date found for 0022301135
2026-02-01 14:40:28,135 - WARNING - ⚠️ No date found for 0012300001
2026-02-01 14:40:28,136 - WARNING - ⚠️ No date found for 0022301070
2026-02-01 14:40:28,137 - WARNING - ⚠️ No date found for 0022400959
2026-02-01 14:40:28,138 - WARNING - ⚠️ No date found for 0022300661
2026-02-01 14:40:28,141 - WARNING - ⚠️ No date found for 0022300231
2026-02-01 14:40:28,144 - WARNING - ⚠️ No date found for 0022300026
2026-02-01 14:40:28,145 - WARNING - ⚠️ No date found for 0022300476
2026-02-01 14:40:28,148 - WARNING - ⚠️ No date found for 0022300925
2026-02-01 14:40:28,149 - WARNING - ⚠️ No date found for 0022300860
2026-02-01 14:40:28,150 - WARNING - ⚠️ No date found for 0042400154
2026-02-01 14:40:28,153 - WARNING - ⚠️ No date found for 0022401149
2026-02-01 14:40:28,155 - WARNING - ⚠️ No date found for 0022300163
2026-02-01 14:40:28,156 - WARNING - ⚠️ No date found for 0022400308
2026-02-01 14:40:28,157 - WARNING - ⚠️ No date found for 0022300499
2026-02-01 14:40:28,158 - WARNING - ⚠️ No date found for 0022300533
2026-02-01 14:40:28,160 - WARNING - ⚠️ No date found for 0022400758
2026-02-01 14:40:28,162 - WARNING - ⚠️ No date found for 0022400888
2026-02-01 14:40:28,163 - WARNING - ⚠️ No date found for 0022400922
2026-02-01 14:40:28,165 - WARNING - ⚠️ No date found for 0022400471
2026-02-01 14:40:28,166 - WARNING - ⚠️ No date found for 0022400021
2026-02-01 14:40:28,169 - WARNING - ⚠️ No date found for 0022400534
2026-02-01 14:40:28,171 - WARNING - ⚠️ No date found for 0022400164
2026-02-01 14:40:28,172 - WARNING - ⚠️ No date found for 0042300153
2026-02-01 14:40:28,173 - WARNING - ⚠️ No date found for 0022400867
2026-02-01 14:40:28,174 - WARNING - ⚠️ No date found for 0022301230
2026-02-01 14:40:28,175 - WARNING - ⚠️ No date found for 0022300972
2026-02-01 14:40:28,177 - WARNING - ⚠️ No date found for 0022300421
2026-02-01 14:40:28,180 - WARNING - ⚠️ No date found for 0022300071
2026-02-01 14:40:28,185 - WARNING - ⚠️ No date found for 0022300564
2026-02-01 14:40:28,189 - WARNING - ⚠️ No date found for 0022300134
2026-02-01 14:40:28,190 - WARNING - ⚠️ No date found for 0042400103
2026-02-01 14:40:28,191 - WARNING - ⚠️ No date found for 0022300837
2026-02-01 14:40:28,195 - WARNING - ⚠️ No date found for 0022400076
2026-02-01 14:40:28,197 - WARNING - ⚠️ No date found for 0022400426
2026-02-01 14:40:28,198 - WARNING - ⚠️ No date found for 0022400975
2026-02-01 14:40:28,200 - WARNING - ⚠️ No date found for 0022400830
2026-02-01 14:40:28,201 - WARNING - ⚠️ No date found for 0042300104
2026-02-01 14:40:28,202 - WARNING - ⚠️ No date found for 0022301119
2026-02-01 14:40:28,204 - WARNING - ⚠️ No date found for 0022400133
2026-02-01 14:40:28,205 - WARNING - ⚠️ No date found for 0022300358
2026-02-01 14:40:28,209 - WARNING - ⚠️ No date found for 0022400563
2026-02-01 14:40:28,210 - WARNING - ⚠️ No date found for 0022300708
2026-02-01 14:40:28,212 - WARNING - ⚠️ No date found for 0022400099
2026-02-01 14:40:28,215 - WARNING - ⚠️ No date found for 0022300067
2026-02-01 14:40:28,217 - WARNING - ⚠️ No date found for 0022300437
2026-02-01 14:40:28,218 - WARNING - ⚠️ No date found for 0022300964
2026-02-01 14:40:28,219 - WARNING - ⚠️ No date found for 0022301226
2026-02-01 14:40:28,221 - WARNING - ⚠️ No date found for 0022300821
2026-02-01 14:40:28,222 - WARNING - ⚠️ No date found for 0042400115
2026-02-01 14:40:28,223 - WARNING - ⚠️ No date found for 0022401108
2026-02-01 14:40:28,225 - WARNING - ⚠️ No date found for 0022400349
2026-02-01 14:40:28,226 - WARNING - ⚠️ No date found for 0022300122
2026-02-01 14:40:28,227 - WARNING - ⚠️ No date found for 0022400719
2026-02-01 14:40:28,230 - WARNING - ⚠️ No date found for 0022300572
2026-02-01 14:40:28,232 - WARNING - ⚠️ No date found for 0022300088
2026-02-01 14:40:28,234 - WARNING - ⚠️ No date found for 0022401221
2026-02-01 14:40:28,235 - WARNING - ⚠️ No date found for 0022400963
2026-02-01 14:40:28,237 - WARNING - ⚠️ No date found for 0022400430
2026-02-01 14:40:28,238 - WARNING - ⚠️ No date found for 0052300121
2026-02-01 14:40:28,239 - WARNING - ⚠️ No date found for 0022400060
2026-02-01 14:40:28,242 - WARNING - ⚠️ No date found for 0022400575
2026-02-01 14:40:28,245 - WARNING - ⚠️ No date found for 0022400125
2026-02-01 14:40:28,247 - WARNING - ⚠️ No date found for 0042300112
2026-02-01 14:40:28,249 - WARNING - ⚠️ No date found for 0022400826
2026-02-01 14:40:28,251 - WARNING - ⚠️ No date found for 0022300899
2026-02-01 14:40:28,252 - WARNING - ⚠️ No date found for 0022300933
2026-02-01 14:40:28,254 - WARNING - ⚠️ No date found for 0022300460
2026-02-01 14:40:28,256 - WARNING - ⚠️ No date found for 0022300030
2026-02-01 14:40:28,260 - WARNING - ⚠️ No date found for 0022300525
2026-02-01 14:40:28,261 - WARNING - ⚠️ No date found for 0022300175
2026-02-01 14:40:28,263 - WARNING - ⚠️ No date found for 0042400142
2026-02-01 14:40:28,264 - WARNING - ⚠️ No date found for 0022300876
2026-02-01 14:40:28,268 - WARNING - ⚠️ No date found for 0022400037
2026-02-01 14:40:28,269 - WARNING - ⚠️ No date found for 0022400467
2026-02-01 14:40:28,270 - WARNING - ⚠️ No date found for 0022400934
2026-02-01 14:40:28,272 - WARNING - ⚠️ No date found for 0022400871
2026-02-01 14:40:28,273 - WARNING - ⚠️ No date found for 0022301158
2026-02-01 14:40:28,274 - WARNING - ⚠️ No date found for 0032400004
2026-02-01 14:40:28,275 - WARNING - ⚠️ No date found for 0022300319
2026-02-01 14:40:28,276 - WARNING - ⚠️ No date found for 0022400172
2026-02-01 14:40:28,280 - WARNING - ⚠️ No date found for 0022400488
2026-02-01 14:40:28,281 - WARNING - ⚠️ No date found for 0022300749
2026-02-01 14:40:28,282 - WARNING - ⚠️ No date found for 0022400522
2026-02-01 14:40:28,284 - INFO - ✅ Extracted dates for 594 games
2026-02-01 14:40:28,286 - INFO - ======================================================================
2026-02-01 14:40:28,286 - INFO - MERGING DATES WITH PREGAME DATASET
2026-02-01 14:40:28,286 - INFO - ======================================================================
2026-02-01 14:40:28,348 - INFO - 📊 Loaded 3520 pregame games
2026-02-01 14:40:28,356 - INFO - 📊 Missing dates: 2926/3520 (83.1%)
2026-02-01 14:40:28,364 - ERROR - ❌ PHASE 1B FAILED: '<=' not supported between instances of 'Timestamp' and 'float'
Traceback (most recent call last):
  File "/Users/jarrydhawley/Desktop/Predictor/PerryPicks v3/PHASE1B_EXTRACT_DATES_FROM_BOXSCORES.py", line 135, in main
    merged_df = merge_with_pregame('data/processed/pregame_team_v2.parquet', dates_df)
  File "/Users/jarrydhawley/Desktop/Predictor/PerryPicks v3/PHASE1B_EXTRACT_DATES_FROM_BOXSCORES.py", line 113, in merge_with_pregame
    min_date = merged['game_date'].min()
  File "/Users/jarrydhawley/Desktop/Predictor/PerryPicks v3/.venv/lib/python3.14/site-packages/pandas/core/series.py", line 6528, in min
    return NDFrame.min(self, axis, skipna, numeric_only, **kwargs)
           ~~~~~~~~~~~^^^^^^^^^^^^^^^^^^^^^^^^^^^^^^^^^^^^^^^^^^^^
  File "/Users/jarrydhawley/Desktop/Predictor/PerryPicks v3/.venv/lib/python3.14/site-packages/pandas/core/generic.py", line 12453, in min
    return self._stat_function(
           ~~~~~~~~~~~~~~~~~~~^
        "min",
        ^^^^^^
    ...<4 lines>...
        **kwargs,
        ^^^^^^^^^
    )
    ^
  File "/Users/jarrydhawley/Desktop/Predictor/PerryPicks v3/.venv/lib/python3.14/site-packages/pandas/core/generic.py", line 12442, in _stat_function
    return self._reduce(
           ~~~~~~~~~~~~^
        func, name=name, axis=axis, skipna=skipna, numeric_only=numeric_only
        ^^^^^^^^^^^^^^^^^^^^^^^^^^^^^^^^^^^^^^^^^^^^^^^^^^^^^^^^^^^^^^^^^^^^
    )
    ^
  File "/Users/jarrydhawley/Desktop/Predictor/PerryPicks v3/.venv/lib/python3.14/site-packages/pandas/core/series.py", line 6478, in _reduce
    return op(delegate, skipna=skipna, **kwds)
  File "/Users/jarrydhawley/Desktop/Predictor/PerryPicks v3/.venv/lib/python3.14/site-packages/pandas/core/nanops.py", line 147, in f
    result = alt(values, axis=axis, skipna=skipna, **kwds)
  File "/Users/jarrydhawley/Desktop/Predictor/PerryPicks v3/.venv/lib/python3.14/site-packages/pandas/core/nanops.py", line 404, in new_func
    result = func(values, axis=axis, skipna=skipna, mask=mask, **kwargs)
  File "/Users/jarrydhawley/Desktop/Predictor/PerryPicks v3/.venv/lib/python3.14/site-packages/pandas/core/nanops.py", line 1098, in reduction
    result = getattr(values, meth)(axis)
  File "/Users/jarrydhawley/Desktop/Predictor/PerryPicks v3/.venv/lib/python3.14/site-packages/numpy/_core/_methods.py", line 45, in _amin
    return umr_minimum(a, axis, None, out, keepdims, initial, where)
TypeError: '<=' not supported between instances of 'Timestamp' and 'float'
