2026-02-01 14:40:51,605 - INFO - ======================================================================
2026-02-01 14:40:51,605 - INFO - ADDING DATES FROM GAME IDs
2026-02-01 14:40:51,605 - INFO - ======================================================================
2026-02-01 14:40:51,658 - INFO - 📊 Loaded 3520 pregame games
2026-02-01 14:40:51,660 - WARNING - ⚠️ Could not extract date from 0022300001: month must be in 1..12, not 0
2026-02-01 14:40:51,661 - WARNING - ⚠️ Could not extract date from 0022300002: month must be in 1..12, not 0
2026-02-01 14:40:51,661 - WARNING - ⚠️ Could not extract date from 0022300003: month must be in 1..12, not 0
2026-02-01 14:40:51,661 - WARNING - ⚠️ Could not extract date from 0022300004: month must be in 1..12, not 0
2026-02-01 14:40:51,661 - WARNING - ⚠️ Could not extract date from 0022300005: month must be in 1..12, not 0
2026-02-01 14:40:51,661 - WARNING - ⚠️ Could not extract date from 0022300006: month must be in 1..12, not 0
2026-02-01 14:40:51,661 - WARNING - ⚠️ Could not extract date from 0022300007: month must be in 1..12, not 0
2026-02-01 14:40:51,661 - WARNING - ⚠️ Could not extract date from 0022300008: month must be in 1..12, not 0
2026-02-01 14:40:51,661 - WARNING - ⚠️ Could not extract date from 0022300009: month must be in 1..12, not 0
2026-02-01 14:40:51,662 - WARNING - ⚠️ Could not extract date from 0022300010: month must be in 1..12, not 0
2026-02-01 14:40:51,662 - WARNING - ⚠️ Could not extract date from 0022300011: month must be in 1..12, not 0
2026-02-01 14:40:51,662 - WARNING - ⚠️ Could not extract date from 0022300012: month must be in 1..12, not 0
2026-02-01 14:40:51,662 - WARNING - ⚠️ Could not extract date from 0022300013: month must be in 1..12, not 0
2026-02-01 14:40:51,662 - WARNING - ⚠️ Could not extract date from 0022300014: month must be in 1..12, not 0
2026-02-01 14:40:51,662 - WARNING - ⚠️ Could not extract date from 0022300015: month must be in 1..12, not 0
2026-02-01 14:40:51,662 - WARNING - ⚠️ Could not extract date from 0022300016: month must be in 1..12, not 0
2026-02-01 14:40:51,662 - WARNING - ⚠️ Could not extract date from 0022300017: month must be in 1..12, not 0
2026-02-01 14:40:51,662 - WARNING - ⚠️ Could not extract date from 0022300018: month must be in 1..12, not 0
2026-02-01 14:40:51,662 - WARNING - ⚠️ Could not extract date from 0022300019: month must be in 1..12, not 0
2026-02-01 14:40:51,662 - WARNING - ⚠️ Could not extract date from 0022300020: month must be in 1..12, not 0
2026-02-01 14:40:51,662 - WARNING - ⚠️ Could not extract date from 0022300021: month must be in 1..12, not 0
2026-02-01 14:40:51,662 - WARNING - ⚠️ Could not extract date from 0022300022: month must be in 1..12, not 0
2026-02-01 14:40:51,662 - WARNING - ⚠️ Could not extract date from 0022300023: month must be in 1..12, not 0
2026-02-01 14:40:51,662 - WARNING - ⚠️ Could not extract date from 0022300024: month must be in 1..12, not 0
2026-02-01 14:40:51,662 - WARNING - ⚠️ Could not extract date from 0022300025: month must be in 1..12, not 0
2026-02-01 14:40:51,662 - WARNING - ⚠️ Could not extract date from 0022300026: month must be in 1..12, not 0
2026-02-01 14:40:51,662 - WARNING - ⚠️ Could not extract date from 0022300027: month must be in 1..12, not 0
2026-02-01 14:40:51,662 - WARNING - ⚠️ Could not extract date from 0022300028: month must be in 1..12, not 0
2026-02-01 14:40:51,663 - WARNING - ⚠️ Could not extract date from 0022300029: month must be in 1..12, not 0
2026-02-01 14:40:51,663 - WARNING - ⚠️ Could not extract date from 0022300030: month must be in 1..12, not 0
2026-02-01 14:40:51,663 - WARNING - ⚠️ Could not extract date from 0022300031: month must be in 1..12, not 0
2026-02-01 14:40:51,663 - WARNING - ⚠️ Could not extract date from 0022300032: month must be in 1..12, not 0
2026-02-01 14:40:51,663 - WARNING - ⚠️ Could not extract date from 0022300033: month must be in 1..12, not 0
2026-02-01 14:40:51,663 - WARNING - ⚠️ Could not extract date from 0022300034: month must be in 1..12, not 0
2026-02-01 14:40:51,663 - WARNING - ⚠️ Could not extract date from 0022300035: month must be in 1..12, not 0
2026-02-01 14:40:51,663 - WARNING - ⚠️ Could not extract date from 0022300036: month must be in 1..12, not 0
2026-02-01 14:40:51,663 - WARNING - ⚠️ Could not extract date from 0022300037: month must be in 1..12, not 0
2026-02-01 14:40:51,663 - WARNING - ⚠️ Could not extract date from 0022300038: month must be in 1..12, not 0
2026-02-01 14:40:51,663 - WARNING - ⚠️ Could not extract date from 0022300039: month must be in 1..12, not 0
2026-02-01 14:40:51,663 - WARNING - ⚠️ Could not extract date from 0022300040: month must be in 1..12, not 0
2026-02-01 14:40:51,663 - WARNING - ⚠️ Could not extract date from 0022300041: month must be in 1..12, not 0
2026-02-01 14:40:51,663 - WARNING - ⚠️ Could not extract date from 0022300042: month must be in 1..12, not 0
2026-02-01 14:40:51,663 - WARNING - ⚠️ Could not extract date from 0022300043: month must be in 1..12, not 0
2026-02-01 14:40:51,663 - WARNING - ⚠️ Could not extract date from 0022300044: month must be in 1..12, not 0
2026-02-01 14:40:51,663 - WARNING - ⚠️ Could not extract date from 0022300045: month must be in 1..12, not 0
2026-02-01 14:40:51,664 - WARNING - ⚠️ Could not extract date from 0022300046: month must be in 1..12, not 0
2026-02-01 14:40:51,664 - WARNING - ⚠️ Could not extract date from 0022300047: month must be in 1..12, not 0
2026-02-01 14:40:51,664 - WARNING - ⚠️ Could not extract date from 0022300048: month must be in 1..12, not 0
2026-02-01 14:40:51,664 - WARNING - ⚠️ Could not extract date from 0022300049: month must be in 1..12, not 0
2026-02-01 14:40:51,664 - WARNING - ⚠️ Could not extract date from 0022300050: month must be in 1..12, not 0
2026-02-01 14:40:51,664 - WARNING - ⚠️ Could not extract date from 0022300051: month must be in 1..12, not 0
2026-02-01 14:40:51,664 - WARNING - ⚠️ Could not extract date from 0022300052: month must be in 1..12, not 0
2026-02-01 14:40:51,664 - WARNING - ⚠️ Could not extract date from 0022300053: month must be in 1..12, not 0
2026-02-01 14:40:51,664 - WARNING - ⚠️ Could not extract date from 0022300054: month must be in 1..12, not 0
2026-02-01 14:40:51,664 - WARNING - ⚠️ Could not extract date from 0022300055: month must be in 1..12, not 0
2026-02-01 14:40:51,664 - WARNING - ⚠️ Could not extract date from 0022300056: month must be in 1..12, not 0
2026-02-01 14:40:51,664 - WARNING - ⚠️ Could not extract date from 0022300057: month must be in 1..12, not 0
2026-02-01 14:40:51,664 - WARNING - ⚠️ Could not extract date from 0022300058: month must be in 1..12, not 0
2026-02-01 14:40:51,664 - WARNING - ⚠️ Could not extract date from 0022300059: month must be in 1..12, not 0
2026-02-01 14:40:51,664 - WARNING - ⚠️ Could not extract date from 0022300060: month must be in 1..12, not 0
2026-02-01 14:40:51,664 - WARNING - ⚠️ Could not extract date from 0022300061: month must be in 1..12, not 0
2026-02-01 14:40:51,664 - WARNING - ⚠️ Could not extract date from 0022300062: month must be in 1..12, not 0
2026-02-01 14:40:51,665 - WARNING - ⚠️ Could not extract date from 0022300063: month must be in 1..12, not 0
2026-02-01 14:40:51,665 - WARNING - ⚠️ Could not extract date from 0022300064: month must be in 1..12, not 0
2026-02-01 14:40:51,665 - WARNING - ⚠️ Could not extract date from 0022300065: month must be in 1..12, not 0
2026-02-01 14:40:51,665 - WARNING - ⚠️ Could not extract date from 0022300066: month must be in 1..12, not 0
2026-02-01 14:40:51,665 - WARNING - ⚠️ Could not extract date from 0022300067: month must be in 1..12, not 0
2026-02-01 14:40:51,665 - WARNING - ⚠️ Could not extract date from 0022300068: month must be in 1..12, not 0
2026-02-01 14:40:51,665 - WARNING - ⚠️ Could not extract date from 0022300069: month must be in 1..12, not 0
2026-02-01 14:40:51,665 - WARNING - ⚠️ Could not extract date from 0022300070: month must be in 1..12, not 0
2026-02-01 14:40:51,665 - WARNING - ⚠️ Could not extract date from 0022300071: month must be in 1..12, not 0
2026-02-01 14:40:51,665 - WARNING - ⚠️ Could not extract date from 0022300072: month must be in 1..12, not 0
2026-02-01 14:40:51,665 - WARNING - ⚠️ Could not extract date from 0022300073: month must be in 1..12, not 0
2026-02-01 14:40:51,665 - WARNING - ⚠️ Could not extract date from 0022300074: month must be in 1..12, not 0
2026-02-01 14:40:51,665 - WARNING - ⚠️ Could not extract date from 0022300075: month must be in 1..12, not 0
2026-02-01 14:40:51,665 - WARNING - ⚠️ Could not extract date from 0022300076: month must be in 1..12, not 0
2026-02-01 14:40:51,665 - WARNING - ⚠️ Could not extract date from 0022300077: month must be in 1..12, not 0
2026-02-01 14:40:51,665 - WARNING - ⚠️ Could not extract date from 0022300078: month must be in 1..12, not 0
2026-02-01 14:40:51,665 - WARNING - ⚠️ Could not extract date from 0022300079: month must be in 1..12, not 0
2026-02-01 14:40:51,665 - WARNING - ⚠️ Could not extract date from 0022300080: month must be in 1..12, not 0
2026-02-01 14:40:51,665 - WARNING - ⚠️ Could not extract date from 0022300081: month must be in 1..12, not 0
2026-02-01 14:40:51,665 - WARNING - ⚠️ Could not extract date from 0022300082: month must be in 1..12, not 0
2026-02-01 14:40:51,665 - WARNING - ⚠️ Could not extract date from 0022300083: month must be in 1..12, not 0
2026-02-01 14:40:51,665 - WARNING - ⚠️ Could not extract date from 0022300084: month must be in 1..12, not 0
2026-02-01 14:40:51,665 - WARNING - ⚠️ Could not extract date from 0022300085: month must be in 1..12, not 0
2026-02-01 14:40:51,665 - WARNING - ⚠️ Could not extract date from 0022300086: month must be in 1..12, not 0
2026-02-01 14:40:51,665 - WARNING - ⚠️ Could not extract date from 0022300087: month must be in 1..12, not 0
2026-02-01 14:40:51,666 - WARNING - ⚠️ Could not extract date from 0022300088: month must be in 1..12, not 0
2026-02-01 14:40:51,666 - WARNING - ⚠️ Could not extract date from 0022300089: month must be in 1..12, not 0
2026-02-01 14:40:51,666 - WARNING - ⚠️ Could not extract date from 0022300090: month must be in 1..12, not 0
2026-02-01 14:40:51,666 - WARNING - ⚠️ Could not extract date from 0022300091: month must be in 1..12, not 0
2026-02-01 14:40:51,666 - WARNING - ⚠️ Could not extract date from 0022300092: month must be in 1..12, not 0
2026-02-01 14:40:51,666 - WARNING - ⚠️ Could not extract date from 0022300093: month must be in 1..12, not 0
2026-02-01 14:40:51,666 - WARNING - ⚠️ Could not extract date from 0022300094: month must be in 1..12, not 0
2026-02-01 14:40:51,666 - WARNING - ⚠️ Could not extract date from 0022300095: month must be in 1..12, not 0
2026-02-01 14:40:51,666 - WARNING - ⚠️ Could not extract date from 0022300096: month must be in 1..12, not 0
2026-02-01 14:40:51,666 - WARNING - ⚠️ Could not extract date from 0022300097: month must be in 1..12, not 0
2026-02-01 14:40:51,666 - WARNING - ⚠️ Could not extract date from 0022300098: month must be in 1..12, not 0
2026-02-01 14:40:51,666 - WARNING - ⚠️ Could not extract date from 0022300099: month must be in 1..12, not 0
2026-02-01 14:40:51,666 - WARNING - ⚠️ Could not extract date from 0022300100: month must be in 1..12, not 0
2026-02-01 14:40:51,666 - WARNING - ⚠️ Could not extract date from 0022300101: month must be in 1..12, not 0
2026-02-01 14:40:51,666 - WARNING - ⚠️ Could not extract date from 0022300102: month must be in 1..12, not 0
2026-02-01 14:40:51,667 - WARNING - ⚠️ Could not extract date from 0022300103: month must be in 1..12, not 0
2026-02-01 14:40:51,667 - WARNING - ⚠️ Could not extract date from 0022300104: month must be in 1..12, not 0
2026-02-01 14:40:51,667 - WARNING - ⚠️ Could not extract date from 0022300105: month must be in 1..12, not 0
2026-02-01 14:40:51,667 - WARNING - ⚠️ Could not extract date from 0022300106: month must be in 1..12, not 0
2026-02-01 14:40:51,667 - WARNING - ⚠️ Could not extract date from 0022300107: month must be in 1..12, not 0
2026-02-01 14:40:51,667 - WARNING - ⚠️ Could not extract date from 0022300108: month must be in 1..12, not 0
2026-02-01 14:40:51,667 - WARNING - ⚠️ Could not extract date from 0022300109: month must be in 1..12, not 0
2026-02-01 14:40:51,667 - WARNING - ⚠️ Could not extract date from 0022300110: month must be in 1..12, not 0
2026-02-01 14:40:51,667 - WARNING - ⚠️ Could not extract date from 0022300111: month must be in 1..12, not 0
2026-02-01 14:40:51,667 - WARNING - ⚠️ Could not extract date from 0022300112: month must be in 1..12, not 0
2026-02-01 14:40:51,667 - WARNING - ⚠️ Could not extract date from 0022300113: month must be in 1..12, not 0
2026-02-01 14:40:51,667 - WARNING - ⚠️ Could not extract date from 0022300114: month must be in 1..12, not 0
2026-02-01 14:40:51,668 - WARNING - ⚠️ Could not extract date from 0022300115: month must be in 1..12, not 0
2026-02-01 14:40:51,668 - WARNING - ⚠️ Could not extract date from 0022300116: month must be in 1..12, not 0
2026-02-01 14:40:51,668 - WARNING - ⚠️ Could not extract date from 0022300117: month must be in 1..12, not 0
2026-02-01 14:40:51,668 - WARNING - ⚠️ Could not extract date from 0022300118: month must be in 1..12, not 0
2026-02-01 14:40:51,668 - WARNING - ⚠️ Could not extract date from 0022300119: month must be in 1..12, not 0
2026-02-01 14:40:51,668 - WARNING - ⚠️ Could not extract date from 0022300120: month must be in 1..12, not 0
2026-02-01 14:40:51,668 - WARNING - ⚠️ Could not extract date from 0022300121: month must be in 1..12, not 0
2026-02-01 14:40:51,668 - WARNING - ⚠️ Could not extract date from 0022300122: month must be in 1..12, not 0
2026-02-01 14:40:51,668 - WARNING - ⚠️ Could not extract date from 0022300123: month must be in 1..12, not 0
2026-02-01 14:40:51,668 - WARNING - ⚠️ Could not extract date from 0022300124: month must be in 1..12, not 0
2026-02-01 14:40:51,668 - WARNING - ⚠️ Could not extract date from 0022300125: month must be in 1..12, not 0
2026-02-01 14:40:51,668 - WARNING - ⚠️ Could not extract date from 0022300126: month must be in 1..12, not 0
2026-02-01 14:40:51,668 - WARNING - ⚠️ Could not extract date from 0022300127: month must be in 1..12, not 0
2026-02-01 14:40:51,668 - WARNING - ⚠️ Could not extract date from 0022300128: month must be in 1..12, not 0
2026-02-01 14:40:51,668 - WARNING - ⚠️ Could not extract date from 0022300129: month must be in 1..12, not 0
2026-02-01 14:40:51,668 - WARNING - ⚠️ Could not extract date from 0022300130: month must be in 1..12, not 0
2026-02-01 14:40:51,668 - WARNING - ⚠️ Could not extract date from 0022300131: month must be in 1..12, not 0
2026-02-01 14:40:51,669 - WARNING - ⚠️ Could not extract date from 0022300132: month must be in 1..12, not 0
2026-02-01 14:40:51,669 - WARNING - ⚠️ Could not extract date from 0022300133: month must be in 1..12, not 0
2026-02-01 14:40:51,669 - WARNING - ⚠️ Could not extract date from 0022300134: month must be in 1..12, not 0
2026-02-01 14:40:51,669 - WARNING - ⚠️ Could not extract date from 0022300135: month must be in 1..12, not 0
2026-02-01 14:40:51,669 - WARNING - ⚠️ Could not extract date from 0022300136: month must be in 1..12, not 0
2026-02-01 14:40:51,669 - WARNING - ⚠️ Could not extract date from 0022300137: month must be in 1..12, not 0
2026-02-01 14:40:51,669 - WARNING - ⚠️ Could not extract date from 0022300138: month must be in 1..12, not 0
2026-02-01 14:40:51,669 - WARNING - ⚠️ Could not extract date from 0022300139: month must be in 1..12, not 0
2026-02-01 14:40:51,669 - WARNING - ⚠️ Could not extract date from 0022300140: month must be in 1..12, not 0
2026-02-01 14:40:51,669 - WARNING - ⚠️ Could not extract date from 0022300141: month must be in 1..12, not 0
2026-02-01 14:40:51,670 - WARNING - ⚠️ Could not extract date from 0022300142: month must be in 1..12, not 0
2026-02-01 14:40:51,670 - WARNING - ⚠️ Could not extract date from 0022300143: month must be in 1..12, not 0
2026-02-01 14:40:51,670 - WARNING - ⚠️ Could not extract date from 0022300144: month must be in 1..12, not 0
2026-02-01 14:40:51,670 - WARNING - ⚠️ Could not extract date from 0022300145: month must be in 1..12, not 0
2026-02-01 14:40:51,670 - WARNING - ⚠️ Could not extract date from 0022300146: month must be in 1..12, not 0
2026-02-01 14:40:51,671 - WARNING - ⚠️ Could not extract date from 0022300147: month must be in 1..12, not 0
2026-02-01 14:40:51,671 - WARNING - ⚠️ Could not extract date from 0022300148: month must be in 1..12, not 0
2026-02-01 14:40:51,671 - WARNING - ⚠️ Could not extract date from 0022300149: month must be in 1..12, not 0
2026-02-01 14:40:51,671 - WARNING - ⚠️ Could not extract date from 0022300150: month must be in 1..12, not 0
2026-02-01 14:40:51,671 - WARNING - ⚠️ Could not extract date from 0022300151: month must be in 1..12, not 0
2026-02-01 14:40:51,671 - WARNING - ⚠️ Could not extract date from 0022300152: month must be in 1..12, not 0
2026-02-01 14:40:51,671 - WARNING - ⚠️ Could not extract date from 0022300153: month must be in 1..12, not 0
2026-02-01 14:40:51,671 - WARNING - ⚠️ Could not extract date from 0022300154: month must be in 1..12, not 0
2026-02-01 14:40:51,671 - WARNING - ⚠️ Could not extract date from 0022300155: month must be in 1..12, not 0
2026-02-01 14:40:51,671 - WARNING - ⚠️ Could not extract date from 0022300156: month must be in 1..12, not 0
2026-02-01 14:40:51,671 - WARNING - ⚠️ Could not extract date from 0022300157: month must be in 1..12, not 0
2026-02-01 14:40:51,671 - WARNING - ⚠️ Could not extract date from 0022300158: month must be in 1..12, not 0
2026-02-01 14:40:51,671 - WARNING - ⚠️ Could not extract date from 0022300159: month must be in 1..12, not 0
2026-02-01 14:40:51,671 - WARNING - ⚠️ Could not extract date from 0022300160: month must be in 1..12, not 0
2026-02-01 14:40:51,671 - WARNING - ⚠️ Could not extract date from 0022300161: month must be in 1..12, not 0
2026-02-01 14:40:51,671 - WARNING - ⚠️ Could not extract date from 0022300162: month must be in 1..12, not 0
2026-02-01 14:40:51,671 - WARNING - ⚠️ Could not extract date from 0022300163: month must be in 1..12, not 0
2026-02-01 14:40:51,671 - WARNING - ⚠️ Could not extract date from 0022300164: month must be in 1..12, not 0
2026-02-01 14:40:51,671 - WARNING - ⚠️ Could not extract date from 0022300165: month must be in 1..12, not 0
2026-02-01 14:40:51,671 - WARNING - ⚠️ Could not extract date from 0022300166: month must be in 1..12, not 0
2026-02-01 14:40:51,671 - WARNING - ⚠️ Could not extract date from 0022300167: month must be in 1..12, not 0
2026-02-01 14:40:51,672 - WARNING - ⚠️ Could not extract date from 0022300168: month must be in 1..12, not 0
2026-02-01 14:40:51,672 - WARNING - ⚠️ Could not extract date from 0022300169: month must be in 1..12, not 0
2026-02-01 14:40:51,672 - WARNING - ⚠️ Could not extract date from 0022300170: month must be in 1..12, not 0
2026-02-01 14:40:51,672 - WARNING - ⚠️ Could not extract date from 0022300171: month must be in 1..12, not 0
2026-02-01 14:40:51,672 - WARNING - ⚠️ Could not extract date from 0022300172: month must be in 1..12, not 0
2026-02-01 14:40:51,672 - WARNING - ⚠️ Could not extract date from 0022300173: month must be in 1..12, not 0
2026-02-01 14:40:51,672 - WARNING - ⚠️ Could not extract date from 0022300174: month must be in 1..12, not 0
2026-02-01 14:40:51,672 - WARNING - ⚠️ Could not extract date from 0022300175: month must be in 1..12, not 0
2026-02-01 14:40:51,672 - WARNING - ⚠️ Could not extract date from 0022300176: month must be in 1..12, not 0
2026-02-01 14:40:51,672 - WARNING - ⚠️ Could not extract date from 0022300177: month must be in 1..12, not 0
2026-02-01 14:40:51,672 - WARNING - ⚠️ Could not extract date from 0022300178: month must be in 1..12, not 0
2026-02-01 14:40:51,672 - WARNING - ⚠️ Could not extract date from 0022300179: month must be in 1..12, not 0
2026-02-01 14:40:51,672 - WARNING - ⚠️ Could not extract date from 0022300180: month must be in 1..12, not 0
2026-02-01 14:40:51,672 - WARNING - ⚠️ Could not extract date from 0022300181: month must be in 1..12, not 0
2026-02-01 14:40:51,672 - WARNING - ⚠️ Could not extract date from 0022300182: month must be in 1..12, not 0
2026-02-01 14:40:51,672 - WARNING - ⚠️ Could not extract date from 0022300183: month must be in 1..12, not 0
2026-02-01 14:40:51,672 - WARNING - ⚠️ Could not extract date from 0022300184: month must be in 1..12, not 0
2026-02-01 14:40:51,672 - WARNING - ⚠️ Could not extract date from 0022300185: month must be in 1..12, not 0
2026-02-01 14:40:51,672 - WARNING - ⚠️ Could not extract date from 0022300186: month must be in 1..12, not 0
2026-02-01 14:40:51,672 - WARNING - ⚠️ Could not extract date from 0022300187: month must be in 1..12, not 0
2026-02-01 14:40:51,673 - WARNING - ⚠️ Could not extract date from 0022300188: month must be in 1..12, not 0
2026-02-01 14:40:51,673 - WARNING - ⚠️ Could not extract date from 0022300189: month must be in 1..12, not 0
2026-02-01 14:40:51,673 - WARNING - ⚠️ Could not extract date from 0022300190: month must be in 1..12, not 0
2026-02-01 14:40:51,673 - WARNING - ⚠️ Could not extract date from 0022300191: month must be in 1..12, not 0
2026-02-01 14:40:51,673 - WARNING - ⚠️ Could not extract date from 0022300192: month must be in 1..12, not 0
2026-02-01 14:40:51,673 - WARNING - ⚠️ Could not extract date from 0022300193: month must be in 1..12, not 0
2026-02-01 14:40:51,673 - WARNING - ⚠️ Could not extract date from 0022300194: month must be in 1..12, not 0
2026-02-01 14:40:51,673 - WARNING - ⚠️ Could not extract date from 0022300195: month must be in 1..12, not 0
2026-02-01 14:40:51,673 - WARNING - ⚠️ Could not extract date from 0022300196: month must be in 1..12, not 0
2026-02-01 14:40:51,673 - WARNING - ⚠️ Could not extract date from 0022300197: month must be in 1..12, not 0
2026-02-01 14:40:51,674 - WARNING - ⚠️ Could not extract date from 0022300198: month must be in 1..12, not 0
2026-02-01 14:40:51,674 - WARNING - ⚠️ Could not extract date from 0022300199: month must be in 1..12, not 0
2026-02-01 14:40:51,674 - WARNING - ⚠️ Could not extract date from 0022300200: month must be in 1..12, not 0
2026-02-01 14:40:51,674 - WARNING - ⚠️ Could not extract date from 0022300201: month must be in 1..12, not 0
2026-02-01 14:40:51,674 - WARNING - ⚠️ Could not extract date from 0022300202: month must be in 1..12, not 0
2026-02-01 14:40:51,674 - WARNING - ⚠️ Could not extract date from 0022300203: month must be in 1..12, not 0
2026-02-01 14:40:51,674 - WARNING - ⚠️ Could not extract date from 0022300204: month must be in 1..12, not 0
2026-02-01 14:40:51,674 - WARNING - ⚠️ Could not extract date from 0022300205: month must be in 1..12, not 0
2026-02-01 14:40:51,674 - WARNING - ⚠️ Could not extract date from 0022300206: month must be in 1..12, not 0
2026-02-01 14:40:51,674 - WARNING - ⚠️ Could not extract date from 0022300207: month must be in 1..12, not 0
2026-02-01 14:40:51,675 - WARNING - ⚠️ Could not extract date from 0022300208: month must be in 1..12, not 0
2026-02-01 14:40:51,675 - WARNING - ⚠️ Could not extract date from 0022300209: month must be in 1..12, not 0
2026-02-01 14:40:51,675 - WARNING - ⚠️ Could not extract date from 0022300210: month must be in 1..12, not 0
2026-02-01 14:40:51,675 - WARNING - ⚠️ Could not extract date from 0022300211: month must be in 1..12, not 0
2026-02-01 14:40:51,675 - WARNING - ⚠️ Could not extract date from 0022300212: month must be in 1..12, not 0
2026-02-01 14:40:51,675 - WARNING - ⚠️ Could not extract date from 0022300213: month must be in 1..12, not 0
2026-02-01 14:40:51,675 - WARNING - ⚠️ Could not extract date from 0022300214: month must be in 1..12, not 0
2026-02-01 14:40:51,675 - WARNING - ⚠️ Could not extract date from 0022300215: month must be in 1..12, not 0
2026-02-01 14:40:51,675 - WARNING - ⚠️ Could not extract date from 0022300216: month must be in 1..12, not 0
2026-02-01 14:40:51,675 - WARNING - ⚠️ Could not extract date from 0022300217: month must be in 1..12, not 0
2026-02-01 14:40:51,675 - WARNING - ⚠️ Could not extract date from 0022300218: month must be in 1..12, not 0
2026-02-01 14:40:51,675 - WARNING - ⚠️ Could not extract date from 0022300219: month must be in 1..12, not 0
2026-02-01 14:40:51,675 - WARNING - ⚠️ Could not extract date from 0022300220: month must be in 1..12, not 0
2026-02-01 14:40:51,676 - WARNING - ⚠️ Could not extract date from 0022300221: month must be in 1..12, not 0
2026-02-01 14:40:51,676 - WARNING - ⚠️ Could not extract date from 0022300222: month must be in 1..12, not 0
2026-02-01 14:40:51,676 - WARNING - ⚠️ Could not extract date from 0022300223: month must be in 1..12, not 0
2026-02-01 14:40:51,676 - WARNING - ⚠️ Could not extract date from 0022300224: month must be in 1..12, not 0
2026-02-01 14:40:51,676 - WARNING - ⚠️ Could not extract date from 0022300225: month must be in 1..12, not 0
2026-02-01 14:40:51,676 - WARNING - ⚠️ Could not extract date from 0022300226: month must be in 1..12, not 0
2026-02-01 14:40:51,676 - WARNING - ⚠️ Could not extract date from 0022300227: month must be in 1..12, not 0
2026-02-01 14:40:51,676 - WARNING - ⚠️ Could not extract date from 0022300228: month must be in 1..12, not 0
2026-02-01 14:40:51,676 - WARNING - ⚠️ Could not extract date from 0022300229: month must be in 1..12, not 0
2026-02-01 14:40:51,676 - WARNING - ⚠️ Could not extract date from 0022300230: month must be in 1..12, not 0
2026-02-01 14:40:51,676 - WARNING - ⚠️ Could not extract date from 0022300231: month must be in 1..12, not 0
2026-02-01 14:40:51,676 - WARNING - ⚠️ Could not extract date from 0022300232: month must be in 1..12, not 0
2026-02-01 14:40:51,676 - WARNING - ⚠️ Could not extract date from 0022300233: month must be in 1..12, not 0
2026-02-01 14:40:51,676 - WARNING - ⚠️ Could not extract date from 0022300234: month must be in 1..12, not 0
2026-02-01 14:40:51,676 - WARNING - ⚠️ Could not extract date from 0022300235: month must be in 1..12, not 0
2026-02-01 14:40:51,676 - WARNING - ⚠️ Could not extract date from 0022300236: month must be in 1..12, not 0
2026-02-01 14:40:51,676 - WARNING - ⚠️ Could not extract date from 0022300237: month must be in 1..12, not 0
2026-02-01 14:40:51,676 - WARNING - ⚠️ Could not extract date from 0022300238: month must be in 1..12, not 0
2026-02-01 14:40:51,676 - WARNING - ⚠️ Could not extract date from 0022300239: month must be in 1..12, not 0
2026-02-01 14:40:51,676 - WARNING - ⚠️ Could not extract date from 0022300240: month must be in 1..12, not 0
2026-02-01 14:40:51,676 - WARNING - ⚠️ Could not extract date from 0022300241: month must be in 1..12, not 0
2026-02-01 14:40:51,676 - WARNING - ⚠️ Could not extract date from 0022300242: month must be in 1..12, not 0
2026-02-01 14:40:51,677 - WARNING - ⚠️ Could not extract date from 0022300243: month must be in 1..12, not 0
2026-02-01 14:40:51,677 - WARNING - ⚠️ Could not extract date from 0022300244: month must be in 1..12, not 0
2026-02-01 14:40:51,677 - WARNING - ⚠️ Could not extract date from 0022300245: month must be in 1..12, not 0
2026-02-01 14:40:51,677 - WARNING - ⚠️ Could not extract date from 0022300246: month must be in 1..12, not 0
2026-02-01 14:40:51,677 - WARNING - ⚠️ Could not extract date from 0022300247: month must be in 1..12, not 0
2026-02-01 14:40:51,677 - WARNING - ⚠️ Could not extract date from 0022300248: month must be in 1..12, not 0
2026-02-01 14:40:51,677 - WARNING - ⚠️ Could not extract date from 0022300249: month must be in 1..12, not 0
2026-02-01 14:40:51,677 - WARNING - ⚠️ Could not extract date from 0022300250: month must be in 1..12, not 0
2026-02-01 14:40:51,677 - WARNING - ⚠️ Could not extract date from 0022300251: month must be in 1..12, not 0
2026-02-01 14:40:51,677 - WARNING - ⚠️ Could not extract date from 0022300252: month must be in 1..12, not 0
2026-02-01 14:40:51,677 - WARNING - ⚠️ Could not extract date from 0022300253: month must be in 1..12, not 0
2026-02-01 14:40:51,677 - WARNING - ⚠️ Could not extract date from 0022300254: month must be in 1..12, not 0
2026-02-01 14:40:51,677 - WARNING - ⚠️ Could not extract date from 0022300255: month must be in 1..12, not 0
2026-02-01 14:40:51,677 - WARNING - ⚠️ Could not extract date from 0022300256: month must be in 1..12, not 0
2026-02-01 14:40:51,677 - WARNING - ⚠️ Could not extract date from 0022300257: month must be in 1..12, not 0
2026-02-01 14:40:51,677 - WARNING - ⚠️ Could not extract date from 0022300258: month must be in 1..12, not 0
2026-02-01 14:40:51,677 - WARNING - ⚠️ Could not extract date from 0022300259: month must be in 1..12, not 0
2026-02-01 14:40:51,677 - WARNING - ⚠️ Could not extract date from 0022300260: month must be in 1..12, not 0
2026-02-01 14:40:51,677 - WARNING - ⚠️ Could not extract date from 0022300261: month must be in 1..12, not 0
2026-02-01 14:40:51,677 - WARNING - ⚠️ Could not extract date from 0022300262: month must be in 1..12, not 0
2026-02-01 14:40:51,678 - WARNING - ⚠️ Could not extract date from 0022300263: month must be in 1..12, not 0
2026-02-01 14:40:51,678 - WARNING - ⚠️ Could not extract date from 0022300264: month must be in 1..12, not 0
2026-02-01 14:40:51,678 - WARNING - ⚠️ Could not extract date from 0022300265: month must be in 1..12, not 0
2026-02-01 14:40:51,678 - WARNING - ⚠️ Could not extract date from 0022300266: month must be in 1..12, not 0
2026-02-01 14:40:51,678 - WARNING - ⚠️ Could not extract date from 0022300267: month must be in 1..12, not 0
2026-02-01 14:40:51,678 - WARNING - ⚠️ Could not extract date from 0022300268: month must be in 1..12, not 0
2026-02-01 14:40:51,678 - WARNING - ⚠️ Could not extract date from 0022300269: month must be in 1..12, not 0
2026-02-01 14:40:51,678 - WARNING - ⚠️ Could not extract date from 0022300270: month must be in 1..12, not 0
2026-02-01 14:40:51,678 - WARNING - ⚠️ Could not extract date from 0022300271: month must be in 1..12, not 0
2026-02-01 14:40:51,678 - WARNING - ⚠️ Could not extract date from 0022300272: month must be in 1..12, not 0
2026-02-01 14:40:51,678 - WARNING - ⚠️ Could not extract date from 0022300273: month must be in 1..12, not 0
2026-02-01 14:40:51,678 - WARNING - ⚠️ Could not extract date from 0022300274: month must be in 1..12, not 0
2026-02-01 14:40:51,678 - WARNING - ⚠️ Could not extract date from 0022300275: month must be in 1..12, not 0
2026-02-01 14:40:51,678 - WARNING - ⚠️ Could not extract date from 0022300276: month must be in 1..12, not 0
2026-02-01 14:40:51,678 - WARNING - ⚠️ Could not extract date from 0022300277: month must be in 1..12, not 0
2026-02-01 14:40:51,678 - WARNING - ⚠️ Could not extract date from 0022300278: month must be in 1..12, not 0
2026-02-01 14:40:51,678 - WARNING - ⚠️ Could not extract date from 0022300279: month must be in 1..12, not 0
2026-02-01 14:40:51,678 - WARNING - ⚠️ Could not extract date from 0022300280: month must be in 1..12, not 0
2026-02-01 14:40:51,678 - WARNING - ⚠️ Could not extract date from 0022300281: month must be in 1..12, not 0
2026-02-01 14:40:51,678 - WARNING - ⚠️ Could not extract date from 0022300282: month must be in 1..12, not 0
2026-02-01 14:40:51,678 - WARNING - ⚠️ Could not extract date from 0022300283: month must be in 1..12, not 0
2026-02-01 14:40:51,678 - WARNING - ⚠️ Could not extract date from 0022300284: month must be in 1..12, not 0
2026-02-01 14:40:51,678 - WARNING - ⚠️ Could not extract date from 0022300285: month must be in 1..12, not 0
2026-02-01 14:40:51,678 - WARNING - ⚠️ Could not extract date from 0022300286: month must be in 1..12, not 0
2026-02-01 14:40:51,678 - WARNING - ⚠️ Could not extract date from 0022300287: month must be in 1..12, not 0
2026-02-01 14:40:51,678 - WARNING - ⚠️ Could not extract date from 0022300288: month must be in 1..12, not 0
2026-02-01 14:40:51,679 - WARNING - ⚠️ Could not extract date from 0022300289: month must be in 1..12, not 0
2026-02-01 14:40:51,679 - WARNING - ⚠️ Could not extract date from 0022300290: month must be in 1..12, not 0
2026-02-01 14:40:51,679 - WARNING - ⚠️ Could not extract date from 0022300291: month must be in 1..12, not 0
2026-02-01 14:40:51,679 - WARNING - ⚠️ Could not extract date from 0022300292: month must be in 1..12, not 0
2026-02-01 14:40:51,679 - WARNING - ⚠️ Could not extract date from 0022300293: month must be in 1..12, not 0
2026-02-01 14:40:51,679 - WARNING - ⚠️ Could not extract date from 0022300294: month must be in 1..12, not 0
2026-02-01 14:40:51,679 - WARNING - ⚠️ Could not extract date from 0022300295: month must be in 1..12, not 0
2026-02-01 14:40:51,679 - WARNING - ⚠️ Could not extract date from 0022300296: month must be in 1..12, not 0
2026-02-01 14:40:51,679 - WARNING - ⚠️ Could not extract date from 0022300297: month must be in 1..12, not 0
2026-02-01 14:40:51,679 - WARNING - ⚠️ Could not extract date from 0022300298: month must be in 1..12, not 0
2026-02-01 14:40:51,679 - WARNING - ⚠️ Could not extract date from 0022300299: month must be in 1..12, not 0
2026-02-01 14:40:51,679 - WARNING - ⚠️ Could not extract date from 0022300300: month must be in 1..12, not 0
2026-02-01 14:40:51,679 - WARNING - ⚠️ Could not extract date from 0022300301: month must be in 1..12, not 0
2026-02-01 14:40:51,679 - WARNING - ⚠️ Could not extract date from 0022300302: month must be in 1..12, not 0
2026-02-01 14:40:51,679 - WARNING - ⚠️ Could not extract date from 0022300303: month must be in 1..12, not 0
2026-02-01 14:40:51,679 - WARNING - ⚠️ Could not extract date from 0022300304: month must be in 1..12, not 0
2026-02-01 14:40:51,679 - WARNING - ⚠️ Could not extract date from 0022300305: month must be in 1..12, not 0
2026-02-01 14:40:51,679 - WARNING - ⚠️ Could not extract date from 0022300306: month must be in 1..12, not 0
2026-02-01 14:40:51,679 - WARNING - ⚠️ Could not extract date from 0022300307: month must be in 1..12, not 0
2026-02-01 14:40:51,679 - WARNING - ⚠️ Could not extract date from 0022300308: month must be in 1..12, not 0
2026-02-01 14:40:51,680 - WARNING - ⚠️ Could not extract date from 0022300309: month must be in 1..12, not 0
2026-02-01 14:40:51,680 - WARNING - ⚠️ Could not extract date from 0022300310: month must be in 1..12, not 0
2026-02-01 14:40:51,680 - WARNING - ⚠️ Could not extract date from 0022300311: month must be in 1..12, not 0
2026-02-01 14:40:51,680 - WARNING - ⚠️ Could not extract date from 0022300312: month must be in 1..12, not 0
2026-02-01 14:40:51,680 - WARNING - ⚠️ Could not extract date from 0022300313: month must be in 1..12, not 0
2026-02-01 14:40:51,680 - WARNING - ⚠️ Could not extract date from 0022300314: month must be in 1..12, not 0
2026-02-01 14:40:51,680 - WARNING - ⚠️ Could not extract date from 0022300315: month must be in 1..12, not 0
2026-02-01 14:40:51,680 - WARNING - ⚠️ Could not extract date from 0022300316: month must be in 1..12, not 0
2026-02-01 14:40:51,680 - WARNING - ⚠️ Could not extract date from 0022300317: month must be in 1..12, not 0
2026-02-01 14:40:51,680 - WARNING - ⚠️ Could not extract date from 0022300318: month must be in 1..12, not 0
2026-02-01 14:40:51,680 - WARNING - ⚠️ Could not extract date from 0022300319: month must be in 1..12, not 0
2026-02-01 14:40:51,680 - WARNING - ⚠️ Could not extract date from 0022300320: month must be in 1..12, not 0
2026-02-01 14:40:51,680 - WARNING - ⚠️ Could not extract date from 0022300321: month must be in 1..12, not 0
2026-02-01 14:40:51,680 - WARNING - ⚠️ Could not extract date from 0022300322: month must be in 1..12, not 0
2026-02-01 14:40:51,680 - WARNING - ⚠️ Could not extract date from 0022300323: month must be in 1..12, not 0
2026-02-01 14:40:51,680 - WARNING - ⚠️ Could not extract date from 0022300324: month must be in 1..12, not 0
2026-02-01 14:40:51,680 - WARNING - ⚠️ Could not extract date from 0022300325: month must be in 1..12, not 0
2026-02-01 14:40:51,680 - WARNING - ⚠️ Could not extract date from 0022300326: month must be in 1..12, not 0
2026-02-01 14:40:51,680 - WARNING - ⚠️ Could not extract date from 0022300327: month must be in 1..12, not 0
2026-02-01 14:40:51,680 - WARNING - ⚠️ Could not extract date from 0022300328: month must be in 1..12, not 0
2026-02-01 14:40:51,680 - WARNING - ⚠️ Could not extract date from 0022300329: month must be in 1..12, not 0
2026-02-01 14:40:51,680 - WARNING - ⚠️ Could not extract date from 0022300330: month must be in 1..12, not 0
2026-02-01 14:40:51,680 - WARNING - ⚠️ Could not extract date from 0022300331: month must be in 1..12, not 0
2026-02-01 14:40:51,681 - WARNING - ⚠️ Could not extract date from 0022300332: month must be in 1..12, not 0
2026-02-01 14:40:51,681 - WARNING - ⚠️ Could not extract date from 0022300333: month must be in 1..12, not 0
2026-02-01 14:40:51,681 - WARNING - ⚠️ Could not extract date from 0022300334: month must be in 1..12, not 0
2026-02-01 14:40:51,681 - WARNING - ⚠️ Could not extract date from 0022300335: month must be in 1..12, not 0
2026-02-01 14:40:51,681 - WARNING - ⚠️ Could not extract date from 0022300336: month must be in 1..12, not 0
2026-02-01 14:40:51,681 - WARNING - ⚠️ Could not extract date from 0022300337: month must be in 1..12, not 0
2026-02-01 14:40:51,681 - WARNING - ⚠️ Could not extract date from 0022300338: month must be in 1..12, not 0
2026-02-01 14:40:51,681 - WARNING - ⚠️ Could not extract date from 0022300339: month must be in 1..12, not 0
2026-02-01 14:40:51,681 - WARNING - ⚠️ Could not extract date from 0022300340: month must be in 1..12, not 0
2026-02-01 14:40:51,681 - WARNING - ⚠️ Could not extract date from 0022300341: month must be in 1..12, not 0
2026-02-01 14:40:51,681 - WARNING - ⚠️ Could not extract date from 0022300342: month must be in 1..12, not 0
2026-02-01 14:40:51,681 - WARNING - ⚠️ Could not extract date from 0022300343: month must be in 1..12, not 0
2026-02-01 14:40:51,681 - WARNING - ⚠️ Could not extract date from 0022300344: month must be in 1..12, not 0
2026-02-01 14:40:51,681 - WARNING - ⚠️ Could not extract date from 0022300345: month must be in 1..12, not 0
2026-02-01 14:40:51,681 - WARNING - ⚠️ Could not extract date from 0022300346: month must be in 1..12, not 0
2026-02-01 14:40:51,681 - WARNING - ⚠️ Could not extract date from 0022300347: month must be in 1..12, not 0
2026-02-01 14:40:51,681 - WARNING - ⚠️ Could not extract date from 0022300348: month must be in 1..12, not 0
2026-02-01 14:40:51,681 - WARNING - ⚠️ Could not extract date from 0022300349: month must be in 1..12, not 0
2026-02-01 14:40:51,681 - WARNING - ⚠️ Could not extract date from 0022300350: month must be in 1..12, not 0
2026-02-01 14:40:51,681 - WARNING - ⚠️ Could not extract date from 0022300351: month must be in 1..12, not 0
2026-02-01 14:40:51,681 - WARNING - ⚠️ Could not extract date from 0022300352: month must be in 1..12, not 0
2026-02-01 14:40:51,681 - WARNING - ⚠️ Could not extract date from 0022300353: month must be in 1..12, not 0
2026-02-01 14:40:51,681 - WARNING - ⚠️ Could not extract date from 0022300354: month must be in 1..12, not 0
2026-02-01 14:40:51,681 - WARNING - ⚠️ Could not extract date from 0022300355: month must be in 1..12, not 0
2026-02-01 14:40:51,681 - WARNING - ⚠️ Could not extract date from 0022300356: month must be in 1..12, not 0
2026-02-01 14:40:51,682 - WARNING - ⚠️ Could not extract date from 0022300357: month must be in 1..12, not 0
2026-02-01 14:40:51,682 - WARNING - ⚠️ Could not extract date from 0022300358: month must be in 1..12, not 0
2026-02-01 14:40:51,682 - WARNING - ⚠️ Could not extract date from 0022300359: month must be in 1..12, not 0
2026-02-01 14:40:51,682 - WARNING - ⚠️ Could not extract date from 0022300360: month must be in 1..12, not 0
2026-02-01 14:40:51,682 - WARNING - ⚠️ Could not extract date from 0022300361: month must be in 1..12, not 0
2026-02-01 14:40:51,682 - WARNING - ⚠️ Could not extract date from 0022300362: month must be in 1..12, not 0
2026-02-01 14:40:51,682 - WARNING - ⚠️ Could not extract date from 0022300363: month must be in 1..12, not 0
2026-02-01 14:40:51,682 - WARNING - ⚠️ Could not extract date from 0022300364: month must be in 1..12, not 0
2026-02-01 14:40:51,682 - WARNING - ⚠️ Could not extract date from 0022300365: month must be in 1..12, not 0
2026-02-01 14:40:51,682 - WARNING - ⚠️ Could not extract date from 0022300366: month must be in 1..12, not 0
2026-02-01 14:40:51,682 - WARNING - ⚠️ Could not extract date from 0022300367: month must be in 1..12, not 0
2026-02-01 14:40:51,682 - WARNING - ⚠️ Could not extract date from 0022300368: month must be in 1..12, not 0
2026-02-01 14:40:51,682 - WARNING - ⚠️ Could not extract date from 0022300369: month must be in 1..12, not 0
2026-02-01 14:40:51,682 - WARNING - ⚠️ Could not extract date from 0022300370: month must be in 1..12, not 0
2026-02-01 14:40:51,682 - WARNING - ⚠️ Could not extract date from 0022300371: month must be in 1..12, not 0
2026-02-01 14:40:51,682 - WARNING - ⚠️ Could not extract date from 0022300372: month must be in 1..12, not 0
2026-02-01 14:40:51,682 - WARNING - ⚠️ Could not extract date from 0022300373: month must be in 1..12, not 0
2026-02-01 14:40:51,682 - WARNING - ⚠️ Could not extract date from 0022300374: month must be in 1..12, not 0
2026-02-01 14:40:51,682 - WARNING - ⚠️ Could not extract date from 0022300375: month must be in 1..12, not 0
2026-02-01 14:40:51,682 - WARNING - ⚠️ Could not extract date from 0022300376: month must be in 1..12, not 0
2026-02-01 14:40:51,682 - WARNING - ⚠️ Could not extract date from 0022300377: month must be in 1..12, not 0
2026-02-01 14:40:51,682 - WARNING - ⚠️ Could not extract date from 0022300378: month must be in 1..12, not 0
2026-02-01 14:40:51,682 - WARNING - ⚠️ Could not extract date from 0022300379: month must be in 1..12, not 0
2026-02-01 14:40:51,682 - WARNING - ⚠️ Could not extract date from 0022300380: month must be in 1..12, not 0
2026-02-01 14:40:51,682 - WARNING - ⚠️ Could not extract date from 0022300381: month must be in 1..12, not 0
2026-02-01 14:40:51,682 - WARNING - ⚠️ Could not extract date from 0022300382: month must be in 1..12, not 0
2026-02-01 14:40:51,683 - WARNING - ⚠️ Could not extract date from 0022300383: month must be in 1..12, not 0
2026-02-01 14:40:51,683 - WARNING - ⚠️ Could not extract date from 0022300384: month must be in 1..12, not 0
2026-02-01 14:40:51,683 - WARNING - ⚠️ Could not extract date from 0022300385: month must be in 1..12, not 0
2026-02-01 14:40:51,683 - WARNING - ⚠️ Could not extract date from 0022300386: month must be in 1..12, not 0
2026-02-01 14:40:51,683 - WARNING - ⚠️ Could not extract date from 0022300387: month must be in 1..12, not 0
2026-02-01 14:40:51,683 - WARNING - ⚠️ Could not extract date from 0022300388: month must be in 1..12, not 0
2026-02-01 14:40:51,683 - WARNING - ⚠️ Could not extract date from 0022300389: month must be in 1..12, not 0
2026-02-01 14:40:51,683 - WARNING - ⚠️ Could not extract date from 0022300390: month must be in 1..12, not 0
2026-02-01 14:40:51,683 - WARNING - ⚠️ Could not extract date from 0022300391: month must be in 1..12, not 0
2026-02-01 14:40:51,683 - WARNING - ⚠️ Could not extract date from 0022300392: month must be in 1..12, not 0
2026-02-01 14:40:51,683 - WARNING - ⚠️ Could not extract date from 0022300393: month must be in 1..12, not 0
2026-02-01 14:40:51,683 - WARNING - ⚠️ Could not extract date from 0022300394: month must be in 1..12, not 0
2026-02-01 14:40:51,683 - WARNING - ⚠️ Could not extract date from 0022300395: month must be in 1..12, not 0
2026-02-01 14:40:51,683 - WARNING - ⚠️ Could not extract date from 0022300396: month must be in 1..12, not 0
2026-02-01 14:40:51,683 - WARNING - ⚠️ Could not extract date from 0022300397: month must be in 1..12, not 0
2026-02-01 14:40:51,683 - WARNING - ⚠️ Could not extract date from 0022300398: month must be in 1..12, not 0
2026-02-01 14:40:51,683 - WARNING - ⚠️ Could not extract date from 0022300399: month must be in 1..12, not 0
2026-02-01 14:40:51,683 - WARNING - ⚠️ Could not extract date from 0022300400: month must be in 1..12, not 0
2026-02-01 14:40:51,683 - WARNING - ⚠️ Could not extract date from 0022300401: month must be in 1..12, not 0
2026-02-01 14:40:51,683 - WARNING - ⚠️ Could not extract date from 0022300402: month must be in 1..12, not 0
2026-02-01 14:40:51,683 - WARNING - ⚠️ Could not extract date from 0022300403: month must be in 1..12, not 0
2026-02-01 14:40:51,683 - WARNING - ⚠️ Could not extract date from 0022300404: month must be in 1..12, not 0
2026-02-01 14:40:51,683 - WARNING - ⚠️ Could not extract date from 0022300405: month must be in 1..12, not 0
2026-02-01 14:40:51,683 - WARNING - ⚠️ Could not extract date from 0022300406: month must be in 1..12, not 0
2026-02-01 14:40:51,683 - WARNING - ⚠️ Could not extract date from 0022300407: month must be in 1..12, not 0
2026-02-01 14:40:51,684 - WARNING - ⚠️ Could not extract date from 0022300408: month must be in 1..12, not 0
2026-02-01 14:40:51,684 - WARNING - ⚠️ Could not extract date from 0022300409: month must be in 1..12, not 0
2026-02-01 14:40:51,684 - WARNING - ⚠️ Could not extract date from 0022300410: month must be in 1..12, not 0
2026-02-01 14:40:51,684 - WARNING - ⚠️ Could not extract date from 0022300411: month must be in 1..12, not 0
2026-02-01 14:40:51,684 - WARNING - ⚠️ Could not extract date from 0022300412: month must be in 1..12, not 0
2026-02-01 14:40:51,684 - WARNING - ⚠️ Could not extract date from 0022300413: month must be in 1..12, not 0
2026-02-01 14:40:51,684 - WARNING - ⚠️ Could not extract date from 0022300414: month must be in 1..12, not 0
2026-02-01 14:40:51,684 - WARNING - ⚠️ Could not extract date from 0022300415: month must be in 1..12, not 0
2026-02-01 14:40:51,684 - WARNING - ⚠️ Could not extract date from 0022300416: month must be in 1..12, not 0
2026-02-01 14:40:51,684 - WARNING - ⚠️ Could not extract date from 0022300417: month must be in 1..12, not 0
2026-02-01 14:40:51,684 - WARNING - ⚠️ Could not extract date from 0022300418: month must be in 1..12, not 0
2026-02-01 14:40:51,684 - WARNING - ⚠️ Could not extract date from 0022300419: month must be in 1..12, not 0
2026-02-01 14:40:51,684 - WARNING - ⚠️ Could not extract date from 0022300420: month must be in 1..12, not 0
2026-02-01 14:40:51,684 - WARNING - ⚠️ Could not extract date from 0022300421: month must be in 1..12, not 0
2026-02-01 14:40:51,684 - WARNING - ⚠️ Could not extract date from 0022300422: month must be in 1..12, not 0
2026-02-01 14:40:51,684 - WARNING - ⚠️ Could not extract date from 0022300423: month must be in 1..12, not 0
2026-02-01 14:40:51,684 - WARNING - ⚠️ Could not extract date from 0022300424: month must be in 1..12, not 0
2026-02-01 14:40:51,684 - WARNING - ⚠️ Could not extract date from 0022300425: month must be in 1..12, not 0
2026-02-01 14:40:51,684 - WARNING - ⚠️ Could not extract date from 0022300426: month must be in 1..12, not 0
2026-02-01 14:40:51,684 - WARNING - ⚠️ Could not extract date from 0022300427: month must be in 1..12, not 0
2026-02-01 14:40:51,684 - WARNING - ⚠️ Could not extract date from 0022300428: month must be in 1..12, not 0
2026-02-01 14:40:51,684 - WARNING - ⚠️ Could not extract date from 0022300429: month must be in 1..12, not 0
2026-02-01 14:40:51,685 - WARNING - ⚠️ Could not extract date from 0022300430: month must be in 1..12, not 0
2026-02-01 14:40:51,685 - WARNING - ⚠️ Could not extract date from 0022300431: month must be in 1..12, not 0
2026-02-01 14:40:51,685 - WARNING - ⚠️ Could not extract date from 0022300432: month must be in 1..12, not 0
2026-02-01 14:40:51,685 - WARNING - ⚠️ Could not extract date from 0022300433: month must be in 1..12, not 0
2026-02-01 14:40:51,685 - WARNING - ⚠️ Could not extract date from 0022300434: month must be in 1..12, not 0
2026-02-01 14:40:51,685 - WARNING - ⚠️ Could not extract date from 0022300435: month must be in 1..12, not 0
2026-02-01 14:40:51,685 - WARNING - ⚠️ Could not extract date from 0022300436: month must be in 1..12, not 0
2026-02-01 14:40:51,685 - WARNING - ⚠️ Could not extract date from 0022300437: month must be in 1..12, not 0
2026-02-01 14:40:51,685 - WARNING - ⚠️ Could not extract date from 0022300438: month must be in 1..12, not 0
2026-02-01 14:40:51,685 - WARNING - ⚠️ Could not extract date from 0022300439: month must be in 1..12, not 0
2026-02-01 14:40:51,685 - WARNING - ⚠️ Could not extract date from 0022300440: month must be in 1..12, not 0
2026-02-01 14:40:51,685 - WARNING - ⚠️ Could not extract date from 0022300441: month must be in 1..12, not 0
2026-02-01 14:40:51,685 - WARNING - ⚠️ Could not extract date from 0022300442: month must be in 1..12, not 0
2026-02-01 14:40:51,685 - WARNING - ⚠️ Could not extract date from 0022300443: month must be in 1..12, not 0
2026-02-01 14:40:51,685 - WARNING - ⚠️ Could not extract date from 0022300444: month must be in 1..12, not 0
2026-02-01 14:40:51,685 - WARNING - ⚠️ Could not extract date from 0022300445: month must be in 1..12, not 0
2026-02-01 14:40:51,685 - WARNING - ⚠️ Could not extract date from 0022300446: month must be in 1..12, not 0
2026-02-01 14:40:51,685 - WARNING - ⚠️ Could not extract date from 0022300447: month must be in 1..12, not 0
2026-02-01 14:40:51,685 - WARNING - ⚠️ Could not extract date from 0022300448: month must be in 1..12, not 0
2026-02-01 14:40:51,686 - WARNING - ⚠️ Could not extract date from 0022300449: month must be in 1..12, not 0
2026-02-01 14:40:51,686 - WARNING - ⚠️ Could not extract date from 0022300450: month must be in 1..12, not 0
2026-02-01 14:40:51,686 - WARNING - ⚠️ Could not extract date from 0022300451: month must be in 1..12, not 0
2026-02-01 14:40:51,686 - WARNING - ⚠️ Could not extract date from 0022300452: month must be in 1..12, not 0
2026-02-01 14:40:51,686 - WARNING - ⚠️ Could not extract date from 0022300453: month must be in 1..12, not 0
2026-02-01 14:40:51,686 - WARNING - ⚠️ Could not extract date from 0022300454: month must be in 1..12, not 0
2026-02-01 14:40:51,686 - WARNING - ⚠️ Could not extract date from 0022300455: month must be in 1..12, not 0
2026-02-01 14:40:51,686 - WARNING - ⚠️ Could not extract date from 0022300456: month must be in 1..12, not 0
2026-02-01 14:40:51,686 - WARNING - ⚠️ Could not extract date from 0022300457: month must be in 1..12, not 0
2026-02-01 14:40:51,686 - WARNING - ⚠️ Could not extract date from 0022300458: month must be in 1..12, not 0
2026-02-01 14:40:51,686 - WARNING - ⚠️ Could not extract date from 0022300459: month must be in 1..12, not 0
2026-02-01 14:40:51,686 - WARNING - ⚠️ Could not extract date from 0022300460: month must be in 1..12, not 0
2026-02-01 14:40:51,686 - WARNING - ⚠️ Could not extract date from 0022300461: month must be in 1..12, not 0
2026-02-01 14:40:51,686 - WARNING - ⚠️ Could not extract date from 0022300462: month must be in 1..12, not 0
2026-02-01 14:40:51,686 - WARNING - ⚠️ Could not extract date from 0022300463: month must be in 1..12, not 0
2026-02-01 14:40:51,686 - WARNING - ⚠️ Could not extract date from 0022300464: month must be in 1..12, not 0
2026-02-01 14:40:51,686 - WARNING - ⚠️ Could not extract date from 0022300465: month must be in 1..12, not 0
2026-02-01 14:40:51,686 - WARNING - ⚠️ Could not extract date from 0022300466: month must be in 1..12, not 0
2026-02-01 14:40:51,686 - WARNING - ⚠️ Could not extract date from 0022300467: month must be in 1..12, not 0
2026-02-01 14:40:51,686 - WARNING - ⚠️ Could not extract date from 0022300468: month must be in 1..12, not 0
2026-02-01 14:40:51,686 - WARNING - ⚠️ Could not extract date from 0022300469: month must be in 1..12, not 0
2026-02-01 14:40:51,687 - WARNING - ⚠️ Could not extract date from 0022300470: month must be in 1..12, not 0
2026-02-01 14:40:51,687 - WARNING - ⚠️ Could not extract date from 0022300471: month must be in 1..12, not 0
2026-02-01 14:40:51,687 - WARNING - ⚠️ Could not extract date from 0022300472: month must be in 1..12, not 0
2026-02-01 14:40:51,687 - WARNING - ⚠️ Could not extract date from 0022300473: month must be in 1..12, not 0
2026-02-01 14:40:51,687 - WARNING - ⚠️ Could not extract date from 0022300474: month must be in 1..12, not 0
2026-02-01 14:40:51,687 - WARNING - ⚠️ Could not extract date from 0022300475: month must be in 1..12, not 0
2026-02-01 14:40:51,687 - WARNING - ⚠️ Could not extract date from 0022300476: month must be in 1..12, not 0
2026-02-01 14:40:51,687 - WARNING - ⚠️ Could not extract date from 0022300477: month must be in 1..12, not 0
2026-02-01 14:40:51,687 - WARNING - ⚠️ Could not extract date from 0022300478: month must be in 1..12, not 0
2026-02-01 14:40:51,687 - WARNING - ⚠️ Could not extract date from 0022300479: month must be in 1..12, not 0
2026-02-01 14:40:51,687 - WARNING - ⚠️ Could not extract date from 0022300480: month must be in 1..12, not 0
2026-02-01 14:40:51,687 - WARNING - ⚠️ Could not extract date from 0022300481: month must be in 1..12, not 0
2026-02-01 14:40:51,687 - WARNING - ⚠️ Could not extract date from 0022300482: month must be in 1..12, not 0
2026-02-01 14:40:51,687 - WARNING - ⚠️ Could not extract date from 0022300483: month must be in 1..12, not 0
2026-02-01 14:40:51,687 - WARNING - ⚠️ Could not extract date from 0022300484: month must be in 1..12, not 0
2026-02-01 14:40:51,687 - WARNING - ⚠️ Could not extract date from 0022300485: month must be in 1..12, not 0
2026-02-01 14:40:51,687 - WARNING - ⚠️ Could not extract date from 0022300486: month must be in 1..12, not 0
2026-02-01 14:40:51,687 - WARNING - ⚠️ Could not extract date from 0022300487: month must be in 1..12, not 0
2026-02-01 14:40:51,687 - WARNING - ⚠️ Could not extract date from 0022300488: month must be in 1..12, not 0
2026-02-01 14:40:51,687 - WARNING - ⚠️ Could not extract date from 0022300489: month must be in 1..12, not 0
2026-02-01 14:40:51,688 - WARNING - ⚠️ Could not extract date from 0022300490: month must be in 1..12, not 0
2026-02-01 14:40:51,688 - WARNING - ⚠️ Could not extract date from 0022300491: month must be in 1..12, not 0
2026-02-01 14:40:51,688 - WARNING - ⚠️ Could not extract date from 0022300492: month must be in 1..12, not 0
2026-02-01 14:40:51,688 - WARNING - ⚠️ Could not extract date from 0022300493: month must be in 1..12, not 0
2026-02-01 14:40:51,688 - WARNING - ⚠️ Could not extract date from 0022300494: month must be in 1..12, not 0
2026-02-01 14:40:51,688 - WARNING - ⚠️ Could not extract date from 0022300495: month must be in 1..12, not 0
2026-02-01 14:40:51,688 - WARNING - ⚠️ Could not extract date from 0022300496: month must be in 1..12, not 0
2026-02-01 14:40:51,688 - WARNING - ⚠️ Could not extract date from 0022300497: month must be in 1..12, not 0
2026-02-01 14:40:51,688 - WARNING - ⚠️ Could not extract date from 0022300498: month must be in 1..12, not 0
2026-02-01 14:40:51,688 - WARNING - ⚠️ Could not extract date from 0022300499: month must be in 1..12, not 0
2026-02-01 14:40:51,688 - WARNING - ⚠️ Could not extract date from 0022300500: month must be in 1..12, not 0
2026-02-01 14:40:51,688 - WARNING - ⚠️ Could not extract date from 0022300501: month must be in 1..12, not 0
2026-02-01 14:40:51,688 - WARNING - ⚠️ Could not extract date from 0022300502: month must be in 1..12, not 0
2026-02-01 14:40:51,688 - WARNING - ⚠️ Could not extract date from 0022300503: month must be in 1..12, not 0
2026-02-01 14:40:51,688 - WARNING - ⚠️ Could not extract date from 0022300504: month must be in 1..12, not 0
2026-02-01 14:40:51,688 - WARNING - ⚠️ Could not extract date from 0022300505: month must be in 1..12, not 0
2026-02-01 14:40:51,688 - WARNING - ⚠️ Could not extract date from 0022300506: month must be in 1..12, not 0
2026-02-01 14:40:51,688 - WARNING - ⚠️ Could not extract date from 0022300507: month must be in 1..12, not 0
2026-02-01 14:40:51,688 - WARNING - ⚠️ Could not extract date from 0022300508: month must be in 1..12, not 0
2026-02-01 14:40:51,688 - WARNING - ⚠️ Could not extract date from 0022300509: month must be in 1..12, not 0
2026-02-01 14:40:51,688 - WARNING - ⚠️ Could not extract date from 0022300510: month must be in 1..12, not 0
2026-02-01 14:40:51,688 - WARNING - ⚠️ Could not extract date from 0022300511: month must be in 1..12, not 0
2026-02-01 14:40:51,688 - WARNING - ⚠️ Could not extract date from 0022300512: month must be in 1..12, not 0
2026-02-01 14:40:51,688 - WARNING - ⚠️ Could not extract date from 0022300513: month must be in 1..12, not 0
2026-02-01 14:40:51,688 - WARNING - ⚠️ Could not extract date from 0022300514: month must be in 1..12, not 0
2026-02-01 14:40:51,689 - WARNING - ⚠️ Could not extract date from 0022300515: month must be in 1..12, not 0
2026-02-01 14:40:51,689 - WARNING - ⚠️ Could not extract date from 0022300516: month must be in 1..12, not 0
2026-02-01 14:40:51,689 - WARNING - ⚠️ Could not extract date from 0022300517: month must be in 1..12, not 0
2026-02-01 14:40:51,689 - WARNING - ⚠️ Could not extract date from 0022300518: month must be in 1..12, not 0
2026-02-01 14:40:51,689 - WARNING - ⚠️ Could not extract date from 0022300519: month must be in 1..12, not 0
2026-02-01 14:40:51,689 - WARNING - ⚠️ Could not extract date from 0022300520: month must be in 1..12, not 0
2026-02-01 14:40:51,689 - WARNING - ⚠️ Could not extract date from 0022300521: month must be in 1..12, not 0
2026-02-01 14:40:51,689 - WARNING - ⚠️ Could not extract date from 0022300522: month must be in 1..12, not 0
2026-02-01 14:40:51,689 - WARNING - ⚠️ Could not extract date from 0022300523: month must be in 1..12, not 0
2026-02-01 14:40:51,689 - WARNING - ⚠️ Could not extract date from 0022300524: month must be in 1..12, not 0
2026-02-01 14:40:51,689 - WARNING - ⚠️ Could not extract date from 0022300525: month must be in 1..12, not 0
2026-02-01 14:40:51,689 - WARNING - ⚠️ Could not extract date from 0022300526: month must be in 1..12, not 0
2026-02-01 14:40:51,689 - WARNING - ⚠️ Could not extract date from 0022300527: month must be in 1..12, not 0
2026-02-01 14:40:51,689 - WARNING - ⚠️ Could not extract date from 0022300528: month must be in 1..12, not 0
2026-02-01 14:40:51,689 - WARNING - ⚠️ Could not extract date from 0022300529: month must be in 1..12, not 0
2026-02-01 14:40:51,689 - WARNING - ⚠️ Could not extract date from 0022300530: month must be in 1..12, not 0
2026-02-01 14:40:51,689 - WARNING - ⚠️ Could not extract date from 0022300531: month must be in 1..12, not 0
2026-02-01 14:40:51,689 - WARNING - ⚠️ Could not extract date from 0022300532: month must be in 1..12, not 0
2026-02-01 14:40:51,689 - WARNING - ⚠️ Could not extract date from 0022300533: month must be in 1..12, not 0
2026-02-01 14:40:51,689 - WARNING - ⚠️ Could not extract date from 0022300534: month must be in 1..12, not 0
2026-02-01 14:40:51,689 - WARNING - ⚠️ Could not extract date from 0022300535: month must be in 1..12, not 0
2026-02-01 14:40:51,689 - WARNING - ⚠️ Could not extract date from 0022300536: month must be in 1..12, not 0
2026-02-01 14:40:51,689 - WARNING - ⚠️ Could not extract date from 0022300537: month must be in 1..12, not 0
2026-02-01 14:40:51,689 - WARNING - ⚠️ Could not extract date from 0022300538: month must be in 1..12, not 0
2026-02-01 14:40:51,689 - WARNING - ⚠️ Could not extract date from 0022300539: month must be in 1..12, not 0
2026-02-01 14:40:51,689 - WARNING - ⚠️ Could not extract date from 0022300540: month must be in 1..12, not 0
2026-02-01 14:40:51,690 - WARNING - ⚠️ Could not extract date from 0022300541: month must be in 1..12, not 0
2026-02-01 14:40:51,690 - WARNING - ⚠️ Could not extract date from 0022300542: month must be in 1..12, not 0
2026-02-01 14:40:51,690 - WARNING - ⚠️ Could not extract date from 0022300543: month must be in 1..12, not 0
2026-02-01 14:40:51,690 - WARNING - ⚠️ Could not extract date from 0022300544: month must be in 1..12, not 0
2026-02-01 14:40:51,690 - WARNING - ⚠️ Could not extract date from 0022300545: month must be in 1..12, not 0
2026-02-01 14:40:51,690 - WARNING - ⚠️ Could not extract date from 0022300546: month must be in 1..12, not 0
2026-02-01 14:40:51,690 - WARNING - ⚠️ Could not extract date from 0022300547: month must be in 1..12, not 0
2026-02-01 14:40:51,690 - WARNING - ⚠️ Could not extract date from 0022300548: month must be in 1..12, not 0
2026-02-01 14:40:51,690 - WARNING - ⚠️ Could not extract date from 0022300549: month must be in 1..12, not 0
2026-02-01 14:40:51,690 - WARNING - ⚠️ Could not extract date from 0022300550: month must be in 1..12, not 0
2026-02-01 14:40:51,690 - WARNING - ⚠️ Could not extract date from 0022300551: month must be in 1..12, not 0
2026-02-01 14:40:51,690 - WARNING - ⚠️ Could not extract date from 0022300552: month must be in 1..12, not 0
2026-02-01 14:40:51,690 - WARNING - ⚠️ Could not extract date from 0022300553: month must be in 1..12, not 0
2026-02-01 14:40:51,690 - WARNING - ⚠️ Could not extract date from 0022300554: month must be in 1..12, not 0
2026-02-01 14:40:51,690 - WARNING - ⚠️ Could not extract date from 0022300555: month must be in 1..12, not 0
2026-02-01 14:40:51,690 - WARNING - ⚠️ Could not extract date from 0022300556: month must be in 1..12, not 0
2026-02-01 14:40:51,690 - WARNING - ⚠️ Could not extract date from 0022300557: month must be in 1..12, not 0
2026-02-01 14:40:51,690 - WARNING - ⚠️ Could not extract date from 0022300558: month must be in 1..12, not 0
2026-02-01 14:40:51,690 - WARNING - ⚠️ Could not extract date from 0022300559: month must be in 1..12, not 0
2026-02-01 14:40:51,690 - WARNING - ⚠️ Could not extract date from 0022300560: month must be in 1..12, not 0
2026-02-01 14:40:51,690 - WARNING - ⚠️ Could not extract date from 0022300561: month must be in 1..12, not 0
2026-02-01 14:40:51,690 - WARNING - ⚠️ Could not extract date from 0022300562: month must be in 1..12, not 0
2026-02-01 14:40:51,690 - WARNING - ⚠️ Could not extract date from 0022300563: month must be in 1..12, not 0
2026-02-01 14:40:51,690 - WARNING - ⚠️ Could not extract date from 0022300564: month must be in 1..12, not 0
2026-02-01 14:40:51,690 - WARNING - ⚠️ Could not extract date from 0022300565: month must be in 1..12, not 0
2026-02-01 14:40:51,691 - WARNING - ⚠️ Could not extract date from 0022300566: month must be in 1..12, not 0
2026-02-01 14:40:51,691 - WARNING - ⚠️ Could not extract date from 0022300567: month must be in 1..12, not 0
2026-02-01 14:40:51,691 - WARNING - ⚠️ Could not extract date from 0022300568: month must be in 1..12, not 0
2026-02-01 14:40:51,691 - WARNING - ⚠️ Could not extract date from 0022300569: month must be in 1..12, not 0
2026-02-01 14:40:51,691 - WARNING - ⚠️ Could not extract date from 0022300570: month must be in 1..12, not 0
2026-02-01 14:40:51,691 - WARNING - ⚠️ Could not extract date from 0022300571: month must be in 1..12, not 0
2026-02-01 14:40:51,691 - WARNING - ⚠️ Could not extract date from 0022300572: month must be in 1..12, not 0
2026-02-01 14:40:51,691 - WARNING - ⚠️ Could not extract date from 0022300573: month must be in 1..12, not 0
2026-02-01 14:40:51,691 - WARNING - ⚠️ Could not extract date from 0022300574: month must be in 1..12, not 0
2026-02-01 14:40:51,691 - WARNING - ⚠️ Could not extract date from 0022300575: month must be in 1..12, not 0
2026-02-01 14:40:51,691 - WARNING - ⚠️ Could not extract date from 0022300576: month must be in 1..12, not 0
2026-02-01 14:40:51,691 - WARNING - ⚠️ Could not extract date from 0022300577: month must be in 1..12, not 0
2026-02-01 14:40:51,691 - WARNING - ⚠️ Could not extract date from 0022300578: month must be in 1..12, not 0
2026-02-01 14:40:51,691 - WARNING - ⚠️ Could not extract date from 0022300579: month must be in 1..12, not 0
2026-02-01 14:40:51,691 - WARNING - ⚠️ Could not extract date from 0022300580: month must be in 1..12, not 0
2026-02-01 14:40:51,691 - WARNING - ⚠️ Could not extract date from 0022300581: month must be in 1..12, not 0
2026-02-01 14:40:51,691 - WARNING - ⚠️ Could not extract date from 0022300582: month must be in 1..12, not 0
2026-02-01 14:40:51,691 - WARNING - ⚠️ Could not extract date from 0022300583: month must be in 1..12, not 0
2026-02-01 14:40:51,691 - WARNING - ⚠️ Could not extract date from 0022300584: month must be in 1..12, not 0
2026-02-01 14:40:51,691 - WARNING - ⚠️ Could not extract date from 0022300585: month must be in 1..12, not 0
2026-02-01 14:40:51,691 - WARNING - ⚠️ Could not extract date from 0022300586: month must be in 1..12, not 0
2026-02-01 14:40:51,691 - WARNING - ⚠️ Could not extract date from 0022300587: month must be in 1..12, not 0
2026-02-01 14:40:51,691 - WARNING - ⚠️ Could not extract date from 0022300588: month must be in 1..12, not 0
2026-02-01 14:40:51,691 - WARNING - ⚠️ Could not extract date from 0022300589: month must be in 1..12, not 0
2026-02-01 14:40:51,691 - WARNING - ⚠️ Could not extract date from 0022300590: month must be in 1..12, not 0
2026-02-01 14:40:51,692 - WARNING - ⚠️ Could not extract date from 0022300591: month must be in 1..12, not 0
2026-02-01 14:40:51,692 - WARNING - ⚠️ Could not extract date from 0022300592: month must be in 1..12, not 0
2026-02-01 14:40:51,692 - WARNING - ⚠️ Could not extract date from 0022300593: month must be in 1..12, not 0
2026-02-01 14:40:51,692 - WARNING - ⚠️ Could not extract date from 0022300594: month must be in 1..12, not 0
2026-02-01 14:40:51,692 - WARNING - ⚠️ Could not extract date from 0022300595: month must be in 1..12, not 0
2026-02-01 14:40:51,692 - WARNING - ⚠️ Could not extract date from 0022300596: month must be in 1..12, not 0
2026-02-01 14:40:51,692 - WARNING - ⚠️ Could not extract date from 0022300597: month must be in 1..12, not 0
2026-02-01 14:40:51,692 - WARNING - ⚠️ Could not extract date from 0022300598: month must be in 1..12, not 0
2026-02-01 14:40:51,692 - WARNING - ⚠️ Could not extract date from 0022300599: month must be in 1..12, not 0
2026-02-01 14:40:51,692 - WARNING - ⚠️ Could not extract date from 0022300600: month must be in 1..12, not 0
2026-02-01 14:40:51,692 - WARNING - ⚠️ Could not extract date from 0022300601: month must be in 1..12, not 0
2026-02-01 14:40:51,692 - WARNING - ⚠️ Could not extract date from 0022300602: month must be in 1..12, not 0
2026-02-01 14:40:51,692 - WARNING - ⚠️ Could not extract date from 0022300603: month must be in 1..12, not 0
2026-02-01 14:40:51,692 - WARNING - ⚠️ Could not extract date from 0022300604: month must be in 1..12, not 0
2026-02-01 14:40:51,692 - WARNING - ⚠️ Could not extract date from 0022300605: month must be in 1..12, not 0
2026-02-01 14:40:51,692 - WARNING - ⚠️ Could not extract date from 0022300606: month must be in 1..12, not 0
2026-02-01 14:40:51,692 - WARNING - ⚠️ Could not extract date from 0022300607: month must be in 1..12, not 0
2026-02-01 14:40:51,692 - WARNING - ⚠️ Could not extract date from 0022300608: month must be in 1..12, not 0
2026-02-01 14:40:51,692 - WARNING - ⚠️ Could not extract date from 0022300609: month must be in 1..12, not 0
2026-02-01 14:40:51,692 - WARNING - ⚠️ Could not extract date from 0022300610: month must be in 1..12, not 0
2026-02-01 14:40:51,692 - WARNING - ⚠️ Could not extract date from 0022300611: month must be in 1..12, not 0
2026-02-01 14:40:51,692 - WARNING - ⚠️ Could not extract date from 0022300612: month must be in 1..12, not 0
2026-02-01 14:40:51,692 - WARNING - ⚠️ Could not extract date from 0022300613: month must be in 1..12, not 0
2026-02-01 14:40:51,692 - WARNING - ⚠️ Could not extract date from 0022300614: month must be in 1..12, not 0
2026-02-01 14:40:51,692 - WARNING - ⚠️ Could not extract date from 0022300615: month must be in 1..12, not 0
2026-02-01 14:40:51,693 - WARNING - ⚠️ Could not extract date from 0022300616: month must be in 1..12, not 0
2026-02-01 14:40:51,693 - WARNING - ⚠️ Could not extract date from 0022300617: month must be in 1..12, not 0
2026-02-01 14:40:51,693 - WARNING - ⚠️ Could not extract date from 0022300618: month must be in 1..12, not 0
2026-02-01 14:40:51,693 - WARNING - ⚠️ Could not extract date from 0022300619: month must be in 1..12, not 0
2026-02-01 14:40:51,693 - WARNING - ⚠️ Could not extract date from 0022300620: month must be in 1..12, not 0
2026-02-01 14:40:51,693 - WARNING - ⚠️ Could not extract date from 0022300621: month must be in 1..12, not 0
2026-02-01 14:40:51,693 - WARNING - ⚠️ Could not extract date from 0022300622: month must be in 1..12, not 0
2026-02-01 14:40:51,693 - WARNING - ⚠️ Could not extract date from 0022300623: month must be in 1..12, not 0
2026-02-01 14:40:51,693 - WARNING - ⚠️ Could not extract date from 0022300624: month must be in 1..12, not 0
2026-02-01 14:40:51,693 - WARNING - ⚠️ Could not extract date from 0022300625: month must be in 1..12, not 0
2026-02-01 14:40:51,693 - WARNING - ⚠️ Could not extract date from 0022300626: month must be in 1..12, not 0
2026-02-01 14:40:51,693 - WARNING - ⚠️ Could not extract date from 0022300627: month must be in 1..12, not 0
2026-02-01 14:40:51,693 - WARNING - ⚠️ Could not extract date from 0022300628: month must be in 1..12, not 0
2026-02-01 14:40:51,693 - WARNING - ⚠️ Could not extract date from 0022300629: month must be in 1..12, not 0
2026-02-01 14:40:51,693 - WARNING - ⚠️ Could not extract date from 0022300630: month must be in 1..12, not 0
2026-02-01 14:40:51,693 - WARNING - ⚠️ Could not extract date from 0022300631: month must be in 1..12, not 0
2026-02-01 14:40:51,693 - WARNING - ⚠️ Could not extract date from 0022300632: month must be in 1..12, not 0
2026-02-01 14:40:51,693 - WARNING - ⚠️ Could not extract date from 0022300633: month must be in 1..12, not 0
2026-02-01 14:40:51,693 - WARNING - ⚠️ Could not extract date from 0022300634: month must be in 1..12, not 0
2026-02-01 14:40:51,693 - WARNING - ⚠️ Could not extract date from 0022300635: month must be in 1..12, not 0
2026-02-01 14:40:51,693 - WARNING - ⚠️ Could not extract date from 0022300636: month must be in 1..12, not 0
2026-02-01 14:40:51,693 - WARNING - ⚠️ Could not extract date from 0022300637: month must be in 1..12, not 0
2026-02-01 14:40:51,693 - WARNING - ⚠️ Could not extract date from 0022300638: month must be in 1..12, not 0
2026-02-01 14:40:51,693 - WARNING - ⚠️ Could not extract date from 0022300639: month must be in 1..12, not 0
2026-02-01 14:40:51,693 - WARNING - ⚠️ Could not extract date from 0022300640: month must be in 1..12, not 0
2026-02-01 14:40:51,694 - WARNING - ⚠️ Could not extract date from 0022300641: month must be in 1..12, not 0
2026-02-01 14:40:51,694 - WARNING - ⚠️ Could not extract date from 0022300642: month must be in 1..12, not 0
2026-02-01 14:40:51,694 - WARNING - ⚠️ Could not extract date from 0022300643: month must be in 1..12, not 0
2026-02-01 14:40:51,694 - WARNING - ⚠️ Could not extract date from 0022300644: month must be in 1..12, not 0
2026-02-01 14:40:51,694 - WARNING - ⚠️ Could not extract date from 0022300645: month must be in 1..12, not 0
2026-02-01 14:40:51,694 - WARNING - ⚠️ Could not extract date from 0022300646: month must be in 1..12, not 0
2026-02-01 14:40:51,694 - WARNING - ⚠️ Could not extract date from 0022300647: month must be in 1..12, not 0
2026-02-01 14:40:51,694 - WARNING - ⚠️ Could not extract date from 0022300648: month must be in 1..12, not 0
2026-02-01 14:40:51,694 - WARNING - ⚠️ Could not extract date from 0022300649: month must be in 1..12, not 0
2026-02-01 14:40:51,694 - WARNING - ⚠️ Could not extract date from 0022300650: month must be in 1..12, not 0
2026-02-01 14:40:51,694 - WARNING - ⚠️ Could not extract date from 0022300651: month must be in 1..12, not 0
2026-02-01 14:40:51,694 - WARNING - ⚠️ Could not extract date from 0022300652: month must be in 1..12, not 0
2026-02-01 14:40:51,694 - WARNING - ⚠️ Could not extract date from 0022300653: month must be in 1..12, not 0
2026-02-01 14:40:51,694 - WARNING - ⚠️ Could not extract date from 0022300654: month must be in 1..12, not 0
2026-02-01 14:40:51,694 - WARNING - ⚠️ Could not extract date from 0022300655: month must be in 1..12, not 0
2026-02-01 14:40:51,694 - WARNING - ⚠️ Could not extract date from 0022300656: month must be in 1..12, not 0
2026-02-01 14:40:51,695 - WARNING - ⚠️ Could not extract date from 0022300657: month must be in 1..12, not 0
2026-02-01 14:40:51,695 - WARNING - ⚠️ Could not extract date from 0022300658: month must be in 1..12, not 0
2026-02-01 14:40:51,695 - WARNING - ⚠️ Could not extract date from 0022300659: month must be in 1..12, not 0
2026-02-01 14:40:51,695 - WARNING - ⚠️ Could not extract date from 0022300660: month must be in 1..12, not 0
2026-02-01 14:40:51,695 - WARNING - ⚠️ Could not extract date from 0022300661: month must be in 1..12, not 0
2026-02-01 14:40:51,695 - WARNING - ⚠️ Could not extract date from 0022300662: month must be in 1..12, not 0
2026-02-01 14:40:51,696 - WARNING - ⚠️ Could not extract date from 0022300663: month must be in 1..12, not 0
2026-02-01 14:40:51,696 - WARNING - ⚠️ Could not extract date from 0022300664: month must be in 1..12, not 0
2026-02-01 14:40:51,696 - WARNING - ⚠️ Could not extract date from 0022300665: month must be in 1..12, not 0
2026-02-01 14:40:51,696 - WARNING - ⚠️ Could not extract date from 0022300666: month must be in 1..12, not 0
2026-02-01 14:40:51,696 - WARNING - ⚠️ Could not extract date from 0022300667: month must be in 1..12, not 0
2026-02-01 14:40:51,696 - WARNING - ⚠️ Could not extract date from 0022300668: month must be in 1..12, not 0
2026-02-01 14:40:51,696 - WARNING - ⚠️ Could not extract date from 0022300669: month must be in 1..12, not 0
2026-02-01 14:40:51,696 - WARNING - ⚠️ Could not extract date from 0022300670: month must be in 1..12, not 0
2026-02-01 14:40:51,696 - WARNING - ⚠️ Could not extract date from 0022300671: month must be in 1..12, not 0
2026-02-01 14:40:51,696 - WARNING - ⚠️ Could not extract date from 0022300672: month must be in 1..12, not 0
2026-02-01 14:40:51,696 - WARNING - ⚠️ Could not extract date from 0022300673: month must be in 1..12, not 0
2026-02-01 14:40:51,696 - WARNING - ⚠️ Could not extract date from 0022300674: month must be in 1..12, not 0
2026-02-01 14:40:51,696 - WARNING - ⚠️ Could not extract date from 0022300675: month must be in 1..12, not 0
2026-02-01 14:40:51,696 - WARNING - ⚠️ Could not extract date from 0022300676: month must be in 1..12, not 0
2026-02-01 14:40:51,696 - WARNING - ⚠️ Could not extract date from 0022300677: month must be in 1..12, not 0
2026-02-01 14:40:51,696 - WARNING - ⚠️ Could not extract date from 0022300678: month must be in 1..12, not 0
2026-02-01 14:40:51,697 - WARNING - ⚠️ Could not extract date from 0022300679: month must be in 1..12, not 0
2026-02-01 14:40:51,697 - WARNING - ⚠️ Could not extract date from 0022300680: month must be in 1..12, not 0
2026-02-01 14:40:51,697 - WARNING - ⚠️ Could not extract date from 0022300681: month must be in 1..12, not 0
2026-02-01 14:40:51,697 - WARNING - ⚠️ Could not extract date from 0022300682: month must be in 1..12, not 0
2026-02-01 14:40:51,697 - WARNING - ⚠️ Could not extract date from 0022300683: month must be in 1..12, not 0
2026-02-01 14:40:51,697 - WARNING - ⚠️ Could not extract date from 0022300684: month must be in 1..12, not 0
2026-02-01 14:40:51,697 - WARNING - ⚠️ Could not extract date from 0022300685: month must be in 1..12, not 0
2026-02-01 14:40:51,697 - WARNING - ⚠️ Could not extract date from 0022300686: month must be in 1..12, not 0
2026-02-01 14:40:51,697 - WARNING - ⚠️ Could not extract date from 0022300687: month must be in 1..12, not 0
2026-02-01 14:40:51,697 - WARNING - ⚠️ Could not extract date from 0022300688: month must be in 1..12, not 0
2026-02-01 14:40:51,697 - WARNING - ⚠️ Could not extract date from 0022300689: month must be in 1..12, not 0
2026-02-01 14:40:51,697 - WARNING - ⚠️ Could not extract date from 0022300690: month must be in 1..12, not 0
2026-02-01 14:40:51,697 - WARNING - ⚠️ Could not extract date from 0022300691: month must be in 1..12, not 0
2026-02-01 14:40:51,697 - WARNING - ⚠️ Could not extract date from 0022300692: month must be in 1..12, not 0
2026-02-01 14:40:51,697 - WARNING - ⚠️ Could not extract date from 0022300693: month must be in 1..12, not 0
2026-02-01 14:40:51,697 - WARNING - ⚠️ Could not extract date from 0022300694: month must be in 1..12, not 0
2026-02-01 14:40:51,697 - WARNING - ⚠️ Could not extract date from 0022300695: month must be in 1..12, not 0
2026-02-01 14:40:51,697 - WARNING - ⚠️ Could not extract date from 0022300696: month must be in 1..12, not 0
2026-02-01 14:40:51,698 - WARNING - ⚠️ Could not extract date from 0022300697: month must be in 1..12, not 0
2026-02-01 14:40:51,698 - WARNING - ⚠️ Could not extract date from 0022300698: month must be in 1..12, not 0
2026-02-01 14:40:51,698 - WARNING - ⚠️ Could not extract date from 0022300699: month must be in 1..12, not 0
2026-02-01 14:40:51,698 - WARNING - ⚠️ Could not extract date from 0022300700: month must be in 1..12, not 0
2026-02-01 14:40:51,698 - WARNING - ⚠️ Could not extract date from 0022300701: month must be in 1..12, not 0
2026-02-01 14:40:51,698 - WARNING - ⚠️ Could not extract date from 0022300702: month must be in 1..12, not 0
2026-02-01 14:40:51,698 - WARNING - ⚠️ Could not extract date from 0022300703: month must be in 1..12, not 0
2026-02-01 14:40:51,698 - WARNING - ⚠️ Could not extract date from 0022300704: month must be in 1..12, not 0
2026-02-01 14:40:51,698 - WARNING - ⚠️ Could not extract date from 0022300705: month must be in 1..12, not 0
2026-02-01 14:40:51,698 - WARNING - ⚠️ Could not extract date from 0022300706: month must be in 1..12, not 0
2026-02-01 14:40:51,698 - WARNING - ⚠️ Could not extract date from 0022300707: month must be in 1..12, not 0
2026-02-01 14:40:51,698 - WARNING - ⚠️ Could not extract date from 0022300708: month must be in 1..12, not 0
2026-02-01 14:40:51,699 - WARNING - ⚠️ Could not extract date from 0022300709: month must be in 1..12, not 0
2026-02-01 14:40:51,699 - WARNING - ⚠️ Could not extract date from 0022300710: month must be in 1..12, not 0
2026-02-01 14:40:51,699 - WARNING - ⚠️ Could not extract date from 0022300711: month must be in 1..12, not 0
2026-02-01 14:40:51,699 - WARNING - ⚠️ Could not extract date from 0022300712: month must be in 1..12, not 0
2026-02-01 14:40:51,699 - WARNING - ⚠️ Could not extract date from 0022300713: month must be in 1..12, not 0
2026-02-01 14:40:51,699 - WARNING - ⚠️ Could not extract date from 0022300714: month must be in 1..12, not 0
2026-02-01 14:40:51,699 - WARNING - ⚠️ Could not extract date from 0022300715: month must be in 1..12, not 0
2026-02-01 14:40:51,699 - WARNING - ⚠️ Could not extract date from 0022300716: month must be in 1..12, not 0
2026-02-01 14:40:51,699 - WARNING - ⚠️ Could not extract date from 0022300717: month must be in 1..12, not 0
2026-02-01 14:40:51,699 - WARNING - ⚠️ Could not extract date from 0022300718: month must be in 1..12, not 0
2026-02-01 14:40:51,699 - WARNING - ⚠️ Could not extract date from 0022300719: month must be in 1..12, not 0
2026-02-01 14:40:51,700 - WARNING - ⚠️ Could not extract date from 0022300720: month must be in 1..12, not 0
2026-02-01 14:40:51,700 - WARNING - ⚠️ Could not extract date from 0022300721: month must be in 1..12, not 0
2026-02-01 14:40:51,700 - WARNING - ⚠️ Could not extract date from 0022300722: month must be in 1..12, not 0
2026-02-01 14:40:51,700 - WARNING - ⚠️ Could not extract date from 0022300723: month must be in 1..12, not 0
2026-02-01 14:40:51,700 - WARNING - ⚠️ Could not extract date from 0022300724: month must be in 1..12, not 0
2026-02-01 14:40:51,700 - WARNING - ⚠️ Could not extract date from 0022300725: month must be in 1..12, not 0
2026-02-01 14:40:51,700 - WARNING - ⚠️ Could not extract date from 0022300726: month must be in 1..12, not 0
2026-02-01 14:40:51,700 - WARNING - ⚠️ Could not extract date from 0022300727: month must be in 1..12, not 0
2026-02-01 14:40:51,700 - WARNING - ⚠️ Could not extract date from 0022300728: month must be in 1..12, not 0
2026-02-01 14:40:51,700 - WARNING - ⚠️ Could not extract date from 0022300729: month must be in 1..12, not 0
2026-02-01 14:40:51,700 - WARNING - ⚠️ Could not extract date from 0022300730: month must be in 1..12, not 0
2026-02-01 14:40:51,700 - WARNING - ⚠️ Could not extract date from 0022300731: month must be in 1..12, not 0
2026-02-01 14:40:51,700 - WARNING - ⚠️ Could not extract date from 0022300732: month must be in 1..12, not 0
2026-02-01 14:40:51,700 - WARNING - ⚠️ Could not extract date from 0022300733: month must be in 1..12, not 0
2026-02-01 14:40:51,700 - WARNING - ⚠️ Could not extract date from 0022300734: month must be in 1..12, not 0
2026-02-01 14:40:51,700 - WARNING - ⚠️ Could not extract date from 0022300735: month must be in 1..12, not 0
2026-02-01 14:40:51,701 - WARNING - ⚠️ Could not extract date from 0022300736: month must be in 1..12, not 0
2026-02-01 14:40:51,701 - WARNING - ⚠️ Could not extract date from 0022300737: month must be in 1..12, not 0
2026-02-01 14:40:51,701 - WARNING - ⚠️ Could not extract date from 0022300738: month must be in 1..12, not 0
2026-02-01 14:40:51,701 - WARNING - ⚠️ Could not extract date from 0022300739: month must be in 1..12, not 0
2026-02-01 14:40:51,701 - WARNING - ⚠️ Could not extract date from 0022300740: month must be in 1..12, not 0
2026-02-01 14:40:51,701 - WARNING - ⚠️ Could not extract date from 0022300741: month must be in 1..12, not 0
2026-02-01 14:40:51,701 - WARNING - ⚠️ Could not extract date from 0022300742: month must be in 1..12, not 0
2026-02-01 14:40:51,701 - WARNING - ⚠️ Could not extract date from 0022300743: month must be in 1..12, not 0
2026-02-01 14:40:51,701 - WARNING - ⚠️ Could not extract date from 0022300744: month must be in 1..12, not 0
2026-02-01 14:40:51,701 - WARNING - ⚠️ Could not extract date from 0022300745: month must be in 1..12, not 0
2026-02-01 14:40:51,701 - WARNING - ⚠️ Could not extract date from 0022300746: month must be in 1..12, not 0
2026-02-01 14:40:51,701 - WARNING - ⚠️ Could not extract date from 0022300747: month must be in 1..12, not 0
2026-02-01 14:40:51,701 - WARNING - ⚠️ Could not extract date from 0022300748: month must be in 1..12, not 0
2026-02-01 14:40:51,701 - WARNING - ⚠️ Could not extract date from 0022300749: month must be in 1..12, not 0
2026-02-01 14:40:51,701 - WARNING - ⚠️ Could not extract date from 0022300750: month must be in 1..12, not 0
2026-02-01 14:40:51,701 - WARNING - ⚠️ Could not extract date from 0022300751: month must be in 1..12, not 0
2026-02-01 14:40:51,702 - WARNING - ⚠️ Could not extract date from 0022300752: month must be in 1..12, not 0
2026-02-01 14:40:51,702 - WARNING - ⚠️ Could not extract date from 0022300753: month must be in 1..12, not 0
2026-02-01 14:40:51,702 - WARNING - ⚠️ Could not extract date from 0022300754: month must be in 1..12, not 0
2026-02-01 14:40:51,702 - WARNING - ⚠️ Could not extract date from 0022300755: month must be in 1..12, not 0
2026-02-01 14:40:51,702 - WARNING - ⚠️ Could not extract date from 0022300756: month must be in 1..12, not 0
2026-02-01 14:40:51,702 - WARNING - ⚠️ Could not extract date from 0022300757: month must be in 1..12, not 0
2026-02-01 14:40:51,702 - WARNING - ⚠️ Could not extract date from 0022300758: month must be in 1..12, not 0
2026-02-01 14:40:51,702 - WARNING - ⚠️ Could not extract date from 0022300759: month must be in 1..12, not 0
2026-02-01 14:40:51,702 - WARNING - ⚠️ Could not extract date from 0022300760: month must be in 1..12, not 0
2026-02-01 14:40:51,702 - WARNING - ⚠️ Could not extract date from 0022300761: month must be in 1..12, not 0
2026-02-01 14:40:51,702 - WARNING - ⚠️ Could not extract date from 0022300762: month must be in 1..12, not 0
2026-02-01 14:40:51,702 - WARNING - ⚠️ Could not extract date from 0022300763: month must be in 1..12, not 0
2026-02-01 14:40:51,702 - WARNING - ⚠️ Could not extract date from 0022300764: month must be in 1..12, not 0
2026-02-01 14:40:51,702 - WARNING - ⚠️ Could not extract date from 0022300765: month must be in 1..12, not 0
2026-02-01 14:40:51,702 - WARNING - ⚠️ Could not extract date from 0022300766: month must be in 1..12, not 0
2026-02-01 14:40:51,702 - WARNING - ⚠️ Could not extract date from 0022300767: month must be in 1..12, not 0
2026-02-01 14:40:51,702 - WARNING - ⚠️ Could not extract date from 0022300768: month must be in 1..12, not 0
2026-02-01 14:40:51,702 - WARNING - ⚠️ Could not extract date from 0022300769: month must be in 1..12, not 0
2026-02-01 14:40:51,702 - WARNING - ⚠️ Could not extract date from 0022300770: month must be in 1..12, not 0
2026-02-01 14:40:51,703 - WARNING - ⚠️ Could not extract date from 0022300771: month must be in 1..12, not 0
2026-02-01 14:40:51,703 - WARNING - ⚠️ Could not extract date from 0022300772: month must be in 1..12, not 0
2026-02-01 14:40:51,703 - WARNING - ⚠️ Could not extract date from 0022300773: month must be in 1..12, not 0
2026-02-01 14:40:51,703 - WARNING - ⚠️ Could not extract date from 0022300774: month must be in 1..12, not 0
2026-02-01 14:40:51,703 - WARNING - ⚠️ Could not extract date from 0022300775: month must be in 1..12, not 0
2026-02-01 14:40:51,703 - WARNING - ⚠️ Could not extract date from 0022300776: month must be in 1..12, not 0
2026-02-01 14:40:51,703 - WARNING - ⚠️ Could not extract date from 0022300777: month must be in 1..12, not 0
2026-02-01 14:40:51,703 - WARNING - ⚠️ Could not extract date from 0022300778: month must be in 1..12, not 0
2026-02-01 14:40:51,703 - WARNING - ⚠️ Could not extract date from 0022300779: month must be in 1..12, not 0
2026-02-01 14:40:51,703 - WARNING - ⚠️ Could not extract date from 0022300780: month must be in 1..12, not 0
2026-02-01 14:40:51,703 - WARNING - ⚠️ Could not extract date from 0022300781: month must be in 1..12, not 0
2026-02-01 14:40:51,703 - WARNING - ⚠️ Could not extract date from 0022300782: month must be in 1..12, not 0
2026-02-01 14:40:51,703 - WARNING - ⚠️ Could not extract date from 0022300783: month must be in 1..12, not 0
2026-02-01 14:40:51,703 - WARNING - ⚠️ Could not extract date from 0022300784: month must be in 1..12, not 0
2026-02-01 14:40:51,703 - WARNING - ⚠️ Could not extract date from 0022300785: month must be in 1..12, not 0
2026-02-01 14:40:51,703 - WARNING - ⚠️ Could not extract date from 0022300786: month must be in 1..12, not 0
2026-02-01 14:40:51,703 - WARNING - ⚠️ Could not extract date from 0022300787: month must be in 1..12, not 0
2026-02-01 14:40:51,703 - WARNING - ⚠️ Could not extract date from 0022300788: month must be in 1..12, not 0
2026-02-01 14:40:51,703 - WARNING - ⚠️ Could not extract date from 0022300789: month must be in 1..12, not 0
2026-02-01 14:40:51,704 - WARNING - ⚠️ Could not extract date from 0022300790: month must be in 1..12, not 0
2026-02-01 14:40:51,704 - WARNING - ⚠️ Could not extract date from 0022300791: month must be in 1..12, not 0
2026-02-01 14:40:51,704 - WARNING - ⚠️ Could not extract date from 0022300792: month must be in 1..12, not 0
2026-02-01 14:40:51,704 - WARNING - ⚠️ Could not extract date from 0022300793: month must be in 1..12, not 0
2026-02-01 14:40:51,704 - WARNING - ⚠️ Could not extract date from 0022300794: month must be in 1..12, not 0
2026-02-01 14:40:51,704 - WARNING - ⚠️ Could not extract date from 0022300795: month must be in 1..12, not 0
2026-02-01 14:40:51,704 - WARNING - ⚠️ Could not extract date from 0022300796: month must be in 1..12, not 0
2026-02-01 14:40:51,704 - WARNING - ⚠️ Could not extract date from 0022300797: month must be in 1..12, not 0
2026-02-01 14:40:51,704 - WARNING - ⚠️ Could not extract date from 0022300798: month must be in 1..12, not 0
2026-02-01 14:40:51,704 - WARNING - ⚠️ Could not extract date from 0022300799: month must be in 1..12, not 0
2026-02-01 14:40:51,704 - WARNING - ⚠️ Could not extract date from 0022300800: month must be in 1..12, not 0
2026-02-01 14:40:51,704 - WARNING - ⚠️ Could not extract date from 0022300801: month must be in 1..12, not 0
2026-02-01 14:40:51,705 - WARNING - ⚠️ Could not extract date from 0022300802: month must be in 1..12, not 0
2026-02-01 14:40:51,705 - WARNING - ⚠️ Could not extract date from 0022300803: month must be in 1..12, not 0
2026-02-01 14:40:51,705 - WARNING - ⚠️ Could not extract date from 0022300804: month must be in 1..12, not 0
2026-02-01 14:40:51,705 - WARNING - ⚠️ Could not extract date from 0022300805: month must be in 1..12, not 0
2026-02-01 14:40:51,705 - WARNING - ⚠️ Could not extract date from 0022300806: month must be in 1..12, not 0
2026-02-01 14:40:51,705 - WARNING - ⚠️ Could not extract date from 0022300807: month must be in 1..12, not 0
2026-02-01 14:40:51,706 - WARNING - ⚠️ Could not extract date from 0022300808: month must be in 1..12, not 0
2026-02-01 14:40:51,706 - WARNING - ⚠️ Could not extract date from 0022300809: month must be in 1..12, not 0
2026-02-01 14:40:51,706 - WARNING - ⚠️ Could not extract date from 0022300810: month must be in 1..12, not 0
2026-02-01 14:40:51,706 - WARNING - ⚠️ Could not extract date from 0022300811: month must be in 1..12, not 0
2026-02-01 14:40:51,706 - WARNING - ⚠️ Could not extract date from 0022300812: month must be in 1..12, not 0
2026-02-01 14:40:51,706 - WARNING - ⚠️ Could not extract date from 0022300813: month must be in 1..12, not 0
2026-02-01 14:40:51,706 - WARNING - ⚠️ Could not extract date from 0022300814: month must be in 1..12, not 0
2026-02-01 14:40:51,706 - WARNING - ⚠️ Could not extract date from 0022300815: month must be in 1..12, not 0
2026-02-01 14:40:51,706 - WARNING - ⚠️ Could not extract date from 0022300816: month must be in 1..12, not 0
2026-02-01 14:40:51,706 - WARNING - ⚠️ Could not extract date from 0022300817: month must be in 1..12, not 0
2026-02-01 14:40:51,706 - WARNING - ⚠️ Could not extract date from 0022300818: month must be in 1..12, not 0
2026-02-01 14:40:51,706 - WARNING - ⚠️ Could not extract date from 0022300819: month must be in 1..12, not 0
2026-02-01 14:40:51,706 - WARNING - ⚠️ Could not extract date from 0022300820: month must be in 1..12, not 0
2026-02-01 14:40:51,706 - WARNING - ⚠️ Could not extract date from 0022300821: month must be in 1..12, not 0
2026-02-01 14:40:51,706 - WARNING - ⚠️ Could not extract date from 0022300822: month must be in 1..12, not 0
2026-02-01 14:40:51,706 - WARNING - ⚠️ Could not extract date from 0022300823: month must be in 1..12, not 0
2026-02-01 14:40:51,706 - WARNING - ⚠️ Could not extract date from 0022300824: month must be in 1..12, not 0
2026-02-01 14:40:51,706 - WARNING - ⚠️ Could not extract date from 0022300825: month must be in 1..12, not 0
2026-02-01 14:40:51,707 - WARNING - ⚠️ Could not extract date from 0022300826: month must be in 1..12, not 0
2026-02-01 14:40:51,707 - WARNING - ⚠️ Could not extract date from 0022300827: month must be in 1..12, not 0
2026-02-01 14:40:51,707 - WARNING - ⚠️ Could not extract date from 0022300828: month must be in 1..12, not 0
2026-02-01 14:40:51,707 - WARNING - ⚠️ Could not extract date from 0022300829: month must be in 1..12, not 0
2026-02-01 14:40:51,707 - WARNING - ⚠️ Could not extract date from 0022300830: month must be in 1..12, not 0
2026-02-01 14:40:51,707 - WARNING - ⚠️ Could not extract date from 0022300831: month must be in 1..12, not 0
2026-02-01 14:40:51,707 - WARNING - ⚠️ Could not extract date from 0022300832: month must be in 1..12, not 0
2026-02-01 14:40:51,707 - WARNING - ⚠️ Could not extract date from 0022300833: month must be in 1..12, not 0
2026-02-01 14:40:51,707 - WARNING - ⚠️ Could not extract date from 0022300834: month must be in 1..12, not 0
2026-02-01 14:40:51,707 - WARNING - ⚠️ Could not extract date from 0022300835: month must be in 1..12, not 0
2026-02-01 14:40:51,707 - WARNING - ⚠️ Could not extract date from 0022300836: month must be in 1..12, not 0
2026-02-01 14:40:51,707 - WARNING - ⚠️ Could not extract date from 0022300837: month must be in 1..12, not 0
2026-02-01 14:40:51,707 - WARNING - ⚠️ Could not extract date from 0022300838: month must be in 1..12, not 0
2026-02-01 14:40:51,707 - WARNING - ⚠️ Could not extract date from 0022300839: month must be in 1..12, not 0
2026-02-01 14:40:51,707 - WARNING - ⚠️ Could not extract date from 0022300840: month must be in 1..12, not 0
2026-02-01 14:40:51,707 - WARNING - ⚠️ Could not extract date from 0022300841: month must be in 1..12, not 0
2026-02-01 14:40:51,707 - WARNING - ⚠️ Could not extract date from 0022300842: month must be in 1..12, not 0
2026-02-01 14:40:51,707 - WARNING - ⚠️ Could not extract date from 0022300843: month must be in 1..12, not 0
2026-02-01 14:40:51,707 - WARNING - ⚠️ Could not extract date from 0022300844: month must be in 1..12, not 0
2026-02-01 14:40:51,708 - WARNING - ⚠️ Could not extract date from 0022300845: month must be in 1..12, not 0
2026-02-01 14:40:51,708 - WARNING - ⚠️ Could not extract date from 0022300846: month must be in 1..12, not 0
2026-02-01 14:40:51,708 - WARNING - ⚠️ Could not extract date from 0022300847: month must be in 1..12, not 0
2026-02-01 14:40:51,708 - WARNING - ⚠️ Could not extract date from 0022300848: month must be in 1..12, not 0
2026-02-01 14:40:51,708 - WARNING - ⚠️ Could not extract date from 0022300849: month must be in 1..12, not 0
2026-02-01 14:40:51,708 - WARNING - ⚠️ Could not extract date from 0022300850: month must be in 1..12, not 0
2026-02-01 14:40:51,708 - WARNING - ⚠️ Could not extract date from 0022300851: month must be in 1..12, not 0
2026-02-01 14:40:51,708 - WARNING - ⚠️ Could not extract date from 0022300852: month must be in 1..12, not 0
2026-02-01 14:40:51,708 - WARNING - ⚠️ Could not extract date from 0022300853: month must be in 1..12, not 0
2026-02-01 14:40:51,708 - WARNING - ⚠️ Could not extract date from 0022300854: month must be in 1..12, not 0
2026-02-01 14:40:51,708 - WARNING - ⚠️ Could not extract date from 0022300855: month must be in 1..12, not 0
2026-02-01 14:40:51,708 - WARNING - ⚠️ Could not extract date from 0022300856: month must be in 1..12, not 0
2026-02-01 14:40:51,708 - WARNING - ⚠️ Could not extract date from 0022300857: month must be in 1..12, not 0
2026-02-01 14:40:51,708 - WARNING - ⚠️ Could not extract date from 0022300858: month must be in 1..12, not 0
2026-02-01 14:40:51,708 - WARNING - ⚠️ Could not extract date from 0022300859: month must be in 1..12, not 0
2026-02-01 14:40:51,708 - WARNING - ⚠️ Could not extract date from 0022300860: month must be in 1..12, not 0
2026-02-01 14:40:51,709 - WARNING - ⚠️ Could not extract date from 0022300861: month must be in 1..12, not 0
2026-02-01 14:40:51,709 - WARNING - ⚠️ Could not extract date from 0022300862: month must be in 1..12, not 0
2026-02-01 14:40:51,709 - WARNING - ⚠️ Could not extract date from 0022300863: month must be in 1..12, not 0
2026-02-01 14:40:51,709 - WARNING - ⚠️ Could not extract date from 0022300864: month must be in 1..12, not 0
2026-02-01 14:40:51,709 - WARNING - ⚠️ Could not extract date from 0022300865: month must be in 1..12, not 0
2026-02-01 14:40:51,709 - WARNING - ⚠️ Could not extract date from 0022300866: month must be in 1..12, not 0
2026-02-01 14:40:51,709 - WARNING - ⚠️ Could not extract date from 0022300867: month must be in 1..12, not 0
2026-02-01 14:40:51,709 - WARNING - ⚠️ Could not extract date from 0022300868: month must be in 1..12, not 0
2026-02-01 14:40:51,709 - WARNING - ⚠️ Could not extract date from 0022300869: month must be in 1..12, not 0
2026-02-01 14:40:51,709 - WARNING - ⚠️ Could not extract date from 0022300870: month must be in 1..12, not 0
2026-02-01 14:40:51,709 - WARNING - ⚠️ Could not extract date from 0022300871: month must be in 1..12, not 0
2026-02-01 14:40:51,709 - WARNING - ⚠️ Could not extract date from 0022300872: month must be in 1..12, not 0
2026-02-01 14:40:51,709 - WARNING - ⚠️ Could not extract date from 0022300873: month must be in 1..12, not 0
2026-02-01 14:40:51,709 - WARNING - ⚠️ Could not extract date from 0022300874: month must be in 1..12, not 0
2026-02-01 14:40:51,709 - WARNING - ⚠️ Could not extract date from 0022300875: month must be in 1..12, not 0
2026-02-01 14:40:51,709 - WARNING - ⚠️ Could not extract date from 0022300876: month must be in 1..12, not 0
2026-02-01 14:40:51,709 - WARNING - ⚠️ Could not extract date from 0022300877: month must be in 1..12, not 0
2026-02-01 14:40:51,709 - WARNING - ⚠️ Could not extract date from 0022300878: month must be in 1..12, not 0
2026-02-01 14:40:51,709 - WARNING - ⚠️ Could not extract date from 0022300879: month must be in 1..12, not 0
2026-02-01 14:40:51,710 - WARNING - ⚠️ Could not extract date from 0022300880: month must be in 1..12, not 0
2026-02-01 14:40:51,710 - WARNING - ⚠️ Could not extract date from 0022300881: month must be in 1..12, not 0
2026-02-01 14:40:51,710 - WARNING - ⚠️ Could not extract date from 0022300882: month must be in 1..12, not 0
2026-02-01 14:40:51,710 - WARNING - ⚠️ Could not extract date from 0022300883: month must be in 1..12, not 0
2026-02-01 14:40:51,710 - WARNING - ⚠️ Could not extract date from 0022300884: month must be in 1..12, not 0
2026-02-01 14:40:51,710 - WARNING - ⚠️ Could not extract date from 0022300885: month must be in 1..12, not 0
2026-02-01 14:40:51,710 - WARNING - ⚠️ Could not extract date from 0022300886: month must be in 1..12, not 0
2026-02-01 14:40:51,710 - WARNING - ⚠️ Could not extract date from 0022300887: month must be in 1..12, not 0
2026-02-01 14:40:51,710 - WARNING - ⚠️ Could not extract date from 0022300888: month must be in 1..12, not 0
2026-02-01 14:40:51,710 - WARNING - ⚠️ Could not extract date from 0022300889: month must be in 1..12, not 0
2026-02-01 14:40:51,710 - WARNING - ⚠️ Could not extract date from 0022300890: month must be in 1..12, not 0
2026-02-01 14:40:51,710 - WARNING - ⚠️ Could not extract date from 0022300891: month must be in 1..12, not 0
2026-02-01 14:40:51,710 - WARNING - ⚠️ Could not extract date from 0022300892: month must be in 1..12, not 0
2026-02-01 14:40:51,710 - WARNING - ⚠️ Could not extract date from 0022300893: month must be in 1..12, not 0
2026-02-01 14:40:51,711 - WARNING - ⚠️ Could not extract date from 0022300894: month must be in 1..12, not 0
2026-02-01 14:40:51,711 - WARNING - ⚠️ Could not extract date from 0022300895: month must be in 1..12, not 0
2026-02-01 14:40:51,711 - WARNING - ⚠️ Could not extract date from 0022300896: month must be in 1..12, not 0
2026-02-01 14:40:51,711 - WARNING - ⚠️ Could not extract date from 0022300897: month must be in 1..12, not 0
2026-02-01 14:40:51,711 - WARNING - ⚠️ Could not extract date from 0022300898: month must be in 1..12, not 0
2026-02-01 14:40:51,711 - WARNING - ⚠️ Could not extract date from 0022300899: month must be in 1..12, not 0
2026-02-01 14:40:51,711 - WARNING - ⚠️ Could not extract date from 0022300900: month must be in 1..12, not 0
2026-02-01 14:40:51,711 - WARNING - ⚠️ Could not extract date from 0022300901: month must be in 1..12, not 0
2026-02-01 14:40:51,711 - WARNING - ⚠️ Could not extract date from 0022300902: month must be in 1..12, not 0
2026-02-01 14:40:51,711 - WARNING - ⚠️ Could not extract date from 0022300903: month must be in 1..12, not 0
2026-02-01 14:40:51,711 - WARNING - ⚠️ Could not extract date from 0022300904: month must be in 1..12, not 0
2026-02-01 14:40:51,711 - WARNING - ⚠️ Could not extract date from 0022300905: month must be in 1..12, not 0
2026-02-01 14:40:51,711 - WARNING - ⚠️ Could not extract date from 0022300906: month must be in 1..12, not 0
2026-02-01 14:40:51,711 - WARNING - ⚠️ Could not extract date from 0022300907: month must be in 1..12, not 0
2026-02-01 14:40:51,711 - WARNING - ⚠️ Could not extract date from 0022300908: month must be in 1..12, not 0
2026-02-01 14:40:51,711 - WARNING - ⚠️ Could not extract date from 0022300909: month must be in 1..12, not 0
2026-02-01 14:40:51,711 - WARNING - ⚠️ Could not extract date from 0022300910: month must be in 1..12, not 0
2026-02-01 14:40:51,711 - WARNING - ⚠️ Could not extract date from 0022300911: month must be in 1..12, not 0
2026-02-01 14:40:51,711 - WARNING - ⚠️ Could not extract date from 0022300912: month must be in 1..12, not 0
2026-02-01 14:40:51,712 - WARNING - ⚠️ Could not extract date from 0022300913: month must be in 1..12, not 0
2026-02-01 14:40:51,712 - WARNING - ⚠️ Could not extract date from 0022300914: month must be in 1..12, not 0
2026-02-01 14:40:51,712 - WARNING - ⚠️ Could not extract date from 0022300915: month must be in 1..12, not 0
2026-02-01 14:40:51,712 - WARNING - ⚠️ Could not extract date from 0022300916: month must be in 1..12, not 0
2026-02-01 14:40:51,712 - WARNING - ⚠️ Could not extract date from 0022300917: month must be in 1..12, not 0
2026-02-01 14:40:51,712 - WARNING - ⚠️ Could not extract date from 0022300918: month must be in 1..12, not 0
2026-02-01 14:40:51,712 - WARNING - ⚠️ Could not extract date from 0022300919: month must be in 1..12, not 0
2026-02-01 14:40:51,712 - WARNING - ⚠️ Could not extract date from 0022300920: month must be in 1..12, not 0
2026-02-01 14:40:51,712 - WARNING - ⚠️ Could not extract date from 0022300921: month must be in 1..12, not 0
2026-02-01 14:40:51,712 - WARNING - ⚠️ Could not extract date from 0022300922: month must be in 1..12, not 0
2026-02-01 14:40:51,712 - WARNING - ⚠️ Could not extract date from 0022300923: month must be in 1..12, not 0
2026-02-01 14:40:51,712 - WARNING - ⚠️ Could not extract date from 0022300924: month must be in 1..12, not 0
2026-02-01 14:40:51,712 - WARNING - ⚠️ Could not extract date from 0022300925: month must be in 1..12, not 0
2026-02-01 14:40:51,712 - WARNING - ⚠️ Could not extract date from 0022300926: month must be in 1..12, not 0
2026-02-01 14:40:51,712 - WARNING - ⚠️ Could not extract date from 0022300927: month must be in 1..12, not 0
2026-02-01 14:40:51,712 - WARNING - ⚠️ Could not extract date from 0022300928: month must be in 1..12, not 0
2026-02-01 14:40:51,712 - WARNING - ⚠️ Could not extract date from 0022300929: month must be in 1..12, not 0
2026-02-01 14:40:51,712 - WARNING - ⚠️ Could not extract date from 0022300930: month must be in 1..12, not 0
2026-02-01 14:40:51,712 - WARNING - ⚠️ Could not extract date from 0022300931: month must be in 1..12, not 0
2026-02-01 14:40:51,713 - WARNING - ⚠️ Could not extract date from 0022300932: month must be in 1..12, not 0
2026-02-01 14:40:51,713 - WARNING - ⚠️ Could not extract date from 0022300933: month must be in 1..12, not 0
2026-02-01 14:40:51,713 - WARNING - ⚠️ Could not extract date from 0022300934: month must be in 1..12, not 0
2026-02-01 14:40:51,713 - WARNING - ⚠️ Could not extract date from 0022300935: month must be in 1..12, not 0
2026-02-01 14:40:51,713 - WARNING - ⚠️ Could not extract date from 0022300936: month must be in 1..12, not 0
2026-02-01 14:40:51,713 - WARNING - ⚠️ Could not extract date from 0022300937: month must be in 1..12, not 0
2026-02-01 14:40:51,713 - WARNING - ⚠️ Could not extract date from 0022300938: month must be in 1..12, not 0
2026-02-01 14:40:51,713 - WARNING - ⚠️ Could not extract date from 0022300939: month must be in 1..12, not 0
2026-02-01 14:40:51,713 - WARNING - ⚠️ Could not extract date from 0022300940: month must be in 1..12, not 0
2026-02-01 14:40:51,713 - WARNING - ⚠️ Could not extract date from 0022300941: month must be in 1..12, not 0
2026-02-01 14:40:51,713 - WARNING - ⚠️ Could not extract date from 0022300942: month must be in 1..12, not 0
2026-02-01 14:40:51,713 - WARNING - ⚠️ Could not extract date from 0022300943: month must be in 1..12, not 0
2026-02-01 14:40:51,713 - WARNING - ⚠️ Could not extract date from 0022300944: month must be in 1..12, not 0
2026-02-01 14:40:51,713 - WARNING - ⚠️ Could not extract date from 0022300945: month must be in 1..12, not 0
2026-02-01 14:40:51,713 - WARNING - ⚠️ Could not extract date from 0022300946: month must be in 1..12, not 0
2026-02-01 14:40:51,714 - WARNING - ⚠️ Could not extract date from 0022300947: month must be in 1..12, not 0
2026-02-01 14:40:51,714 - WARNING - ⚠️ Could not extract date from 0022300948: month must be in 1..12, not 0
2026-02-01 14:40:51,714 - WARNING - ⚠️ Could not extract date from 0022300949: month must be in 1..12, not 0
2026-02-01 14:40:51,714 - WARNING - ⚠️ Could not extract date from 0022300950: month must be in 1..12, not 0
2026-02-01 14:40:51,714 - WARNING - ⚠️ Could not extract date from 0022300951: month must be in 1..12, not 0
2026-02-01 14:40:51,714 - WARNING - ⚠️ Could not extract date from 0022300952: month must be in 1..12, not 0
2026-02-01 14:40:51,714 - WARNING - ⚠️ Could not extract date from 0022300953: month must be in 1..12, not 0
2026-02-01 14:40:51,714 - WARNING - ⚠️ Could not extract date from 0022300954: month must be in 1..12, not 0
2026-02-01 14:40:51,714 - WARNING - ⚠️ Could not extract date from 0022300955: month must be in 1..12, not 0
2026-02-01 14:40:51,714 - WARNING - ⚠️ Could not extract date from 0022300956: month must be in 1..12, not 0
2026-02-01 14:40:51,714 - WARNING - ⚠️ Could not extract date from 0022300957: month must be in 1..12, not 0
2026-02-01 14:40:51,714 - WARNING - ⚠️ Could not extract date from 0022300958: month must be in 1..12, not 0
2026-02-01 14:40:51,714 - WARNING - ⚠️ Could not extract date from 0022300959: month must be in 1..12, not 0
2026-02-01 14:40:51,714 - WARNING - ⚠️ Could not extract date from 0022300960: month must be in 1..12, not 0
2026-02-01 14:40:51,714 - WARNING - ⚠️ Could not extract date from 0022300961: month must be in 1..12, not 0
2026-02-01 14:40:51,714 - WARNING - ⚠️ Could not extract date from 0022300962: month must be in 1..12, not 0
2026-02-01 14:40:51,714 - WARNING - ⚠️ Could not extract date from 0022300963: month must be in 1..12, not 0
2026-02-01 14:40:51,714 - WARNING - ⚠️ Could not extract date from 0022300964: month must be in 1..12, not 0
2026-02-01 14:40:51,714 - WARNING - ⚠️ Could not extract date from 0022300965: month must be in 1..12, not 0
2026-02-01 14:40:51,714 - WARNING - ⚠️ Could not extract date from 0022300966: month must be in 1..12, not 0
2026-02-01 14:40:51,714 - WARNING - ⚠️ Could not extract date from 0022300967: month must be in 1..12, not 0
2026-02-01 14:40:51,714 - WARNING - ⚠️ Could not extract date from 0022300968: month must be in 1..12, not 0
2026-02-01 14:40:51,714 - WARNING - ⚠️ Could not extract date from 0022300969: month must be in 1..12, not 0
2026-02-01 14:40:51,714 - WARNING - ⚠️ Could not extract date from 0022300970: month must be in 1..12, not 0
2026-02-01 14:40:51,715 - WARNING - ⚠️ Could not extract date from 0022300971: month must be in 1..12, not 0
2026-02-01 14:40:51,715 - WARNING - ⚠️ Could not extract date from 0022300972: month must be in 1..12, not 0
2026-02-01 14:40:51,715 - WARNING - ⚠️ Could not extract date from 0022300973: month must be in 1..12, not 0
2026-02-01 14:40:51,715 - WARNING - ⚠️ Could not extract date from 0022300974: month must be in 1..12, not 0
2026-02-01 14:40:51,715 - WARNING - ⚠️ Could not extract date from 0022300975: month must be in 1..12, not 0
2026-02-01 14:40:51,715 - WARNING - ⚠️ Could not extract date from 0022300976: month must be in 1..12, not 0
2026-02-01 14:40:51,715 - WARNING - ⚠️ Could not extract date from 0022300977: month must be in 1..12, not 0
2026-02-01 14:40:51,715 - WARNING - ⚠️ Could not extract date from 0022300978: month must be in 1..12, not 0
2026-02-01 14:40:51,715 - WARNING - ⚠️ Could not extract date from 0022300979: month must be in 1..12, not 0
2026-02-01 14:40:51,715 - WARNING - ⚠️ Could not extract date from 0022300980: month must be in 1..12, not 0
2026-02-01 14:40:51,715 - WARNING - ⚠️ Could not extract date from 0022300981: month must be in 1..12, not 0
2026-02-01 14:40:51,715 - WARNING - ⚠️ Could not extract date from 0022300982: month must be in 1..12, not 0
2026-02-01 14:40:51,715 - WARNING - ⚠️ Could not extract date from 0022300983: month must be in 1..12, not 0
2026-02-01 14:40:51,715 - WARNING - ⚠️ Could not extract date from 0022300984: month must be in 1..12, not 0
2026-02-01 14:40:51,715 - WARNING - ⚠️ Could not extract date from 0022300985: month must be in 1..12, not 0
2026-02-01 14:40:51,715 - WARNING - ⚠️ Could not extract date from 0022300986: month must be in 1..12, not 0
2026-02-01 14:40:51,715 - WARNING - ⚠️ Could not extract date from 0022300987: month must be in 1..12, not 0
2026-02-01 14:40:51,715 - WARNING - ⚠️ Could not extract date from 0022300988: month must be in 1..12, not 0
2026-02-01 14:40:51,715 - WARNING - ⚠️ Could not extract date from 0022300989: month must be in 1..12, not 0
2026-02-01 14:40:51,715 - WARNING - ⚠️ Could not extract date from 0022300990: month must be in 1..12, not 0
2026-02-01 14:40:51,715 - WARNING - ⚠️ Could not extract date from 0022300991: month must be in 1..12, not 0
2026-02-01 14:40:51,715 - WARNING - ⚠️ Could not extract date from 0022300992: month must be in 1..12, not 0
2026-02-01 14:40:51,716 - WARNING - ⚠️ Could not extract date from 0022300993: month must be in 1..12, not 0
2026-02-01 14:40:51,716 - WARNING - ⚠️ Could not extract date from 0022300994: month must be in 1..12, not 0
2026-02-01 14:40:51,716 - WARNING - ⚠️ Could not extract date from 0022300995: month must be in 1..12, not 0
2026-02-01 14:40:51,716 - WARNING - ⚠️ Could not extract date from 0022300996: month must be in 1..12, not 0
2026-02-01 14:40:51,716 - WARNING - ⚠️ Could not extract date from 0022300997: month must be in 1..12, not 0
2026-02-01 14:40:51,716 - WARNING - ⚠️ Could not extract date from 0022300998: month must be in 1..12, not 0
2026-02-01 14:40:51,716 - WARNING - ⚠️ Could not extract date from 0022300999: month must be in 1..12, not 0
2026-02-01 14:40:51,716 - WARNING - ⚠️ Could not extract date from 0022301000: day 0 must be in range 1..31 for month 1 in year 2023
2026-02-01 14:40:51,716 - WARNING - ⚠️ Could not extract date from 0022301001: day 0 must be in range 1..31 for month 1 in year 2023
2026-02-01 14:40:51,716 - WARNING - ⚠️ Could not extract date from 0022301002: day 0 must be in range 1..31 for month 1 in year 2023
2026-02-01 14:40:51,716 - WARNING - ⚠️ Could not extract date from 0022301003: day 0 must be in range 1..31 for month 1 in year 2023
2026-02-01 14:40:51,716 - WARNING - ⚠️ Could not extract date from 0022301004: day 0 must be in range 1..31 for month 1 in year 2023
2026-02-01 14:40:51,716 - WARNING - ⚠️ Could not extract date from 0022301005: day 0 must be in range 1..31 for month 1 in year 2023
2026-02-01 14:40:51,716 - WARNING - ⚠️ Could not extract date from 0022301006: day 0 must be in range 1..31 for month 1 in year 2023
2026-02-01 14:40:51,716 - WARNING - ⚠️ Could not extract date from 0022301007: day 0 must be in range 1..31 for month 1 in year 2023
2026-02-01 14:40:51,716 - WARNING - ⚠️ Could not extract date from 0022301008: day 0 must be in range 1..31 for month 1 in year 2023
2026-02-01 14:40:51,716 - WARNING - ⚠️ Could not extract date from 0022301009: day 0 must be in range 1..31 for month 1 in year 2023
2026-02-01 14:40:51,718 - WARNING - ⚠️ Could not extract date from 0022400001: month must be in 1..12, not 0
2026-02-01 14:40:51,718 - WARNING - ⚠️ Could not extract date from 0022400002: month must be in 1..12, not 0
2026-02-01 14:40:51,718 - WARNING - ⚠️ Could not extract date from 0022400003: month must be in 1..12, not 0
2026-02-01 14:40:51,718 - WARNING - ⚠️ Could not extract date from 0022400004: month must be in 1..12, not 0
2026-02-01 14:40:51,718 - WARNING - ⚠️ Could not extract date from 0022400005: month must be in 1..12, not 0
2026-02-01 14:40:51,718 - WARNING - ⚠️ Could not extract date from 0022400006: month must be in 1..12, not 0
2026-02-01 14:40:51,718 - WARNING - ⚠️ Could not extract date from 0022400007: month must be in 1..12, not 0
2026-02-01 14:40:51,719 - WARNING - ⚠️ Could not extract date from 0022400008: month must be in 1..12, not 0
2026-02-01 14:40:51,719 - WARNING - ⚠️ Could not extract date from 0022400009: month must be in 1..12, not 0
2026-02-01 14:40:51,719 - WARNING - ⚠️ Could not extract date from 0022400010: month must be in 1..12, not 0
2026-02-01 14:40:51,719 - WARNING - ⚠️ Could not extract date from 0022400011: month must be in 1..12, not 0
2026-02-01 14:40:51,719 - WARNING - ⚠️ Could not extract date from 0022400012: month must be in 1..12, not 0
2026-02-01 14:40:51,719 - WARNING - ⚠️ Could not extract date from 0022400013: month must be in 1..12, not 0
2026-02-01 14:40:51,719 - WARNING - ⚠️ Could not extract date from 0022400014: month must be in 1..12, not 0
2026-02-01 14:40:51,719 - WARNING - ⚠️ Could not extract date from 0022400015: month must be in 1..12, not 0
2026-02-01 14:40:51,719 - WARNING - ⚠️ Could not extract date from 0022400016: month must be in 1..12, not 0
2026-02-01 14:40:51,719 - WARNING - ⚠️ Could not extract date from 0022400017: month must be in 1..12, not 0
2026-02-01 14:40:51,719 - WARNING - ⚠️ Could not extract date from 0022400018: month must be in 1..12, not 0
2026-02-01 14:40:51,719 - WARNING - ⚠️ Could not extract date from 0022400019: month must be in 1..12, not 0
2026-02-01 14:40:51,719 - WARNING - ⚠️ Could not extract date from 0022400020: month must be in 1..12, not 0
2026-02-01 14:40:51,719 - WARNING - ⚠️ Could not extract date from 0022400021: month must be in 1..12, not 0
2026-02-01 14:40:51,719 - WARNING - ⚠️ Could not extract date from 0022400022: month must be in 1..12, not 0
2026-02-01 14:40:51,719 - WARNING - ⚠️ Could not extract date from 0022400023: month must be in 1..12, not 0
2026-02-01 14:40:51,719 - WARNING - ⚠️ Could not extract date from 0022400024: month must be in 1..12, not 0
2026-02-01 14:40:51,719 - WARNING - ⚠️ Could not extract date from 0022400025: month must be in 1..12, not 0
2026-02-01 14:40:51,719 - WARNING - ⚠️ Could not extract date from 0022400026: month must be in 1..12, not 0
2026-02-01 14:40:51,719 - WARNING - ⚠️ Could not extract date from 0022400027: month must be in 1..12, not 0
2026-02-01 14:40:51,719 - WARNING - ⚠️ Could not extract date from 0022400028: month must be in 1..12, not 0
2026-02-01 14:40:51,719 - WARNING - ⚠️ Could not extract date from 0022400029: month must be in 1..12, not 0
2026-02-01 14:40:51,719 - WARNING - ⚠️ Could not extract date from 0022400030: month must be in 1..12, not 0
2026-02-01 14:40:51,719 - WARNING - ⚠️ Could not extract date from 0022400031: month must be in 1..12, not 0
2026-02-01 14:40:51,719 - WARNING - ⚠️ Could not extract date from 0022400032: month must be in 1..12, not 0
2026-02-01 14:40:51,720 - WARNING - ⚠️ Could not extract date from 0022400033: month must be in 1..12, not 0
2026-02-01 14:40:51,720 - WARNING - ⚠️ Could not extract date from 0022400034: month must be in 1..12, not 0
2026-02-01 14:40:51,720 - WARNING - ⚠️ Could not extract date from 0022400035: month must be in 1..12, not 0
2026-02-01 14:40:51,720 - WARNING - ⚠️ Could not extract date from 0022400036: month must be in 1..12, not 0
2026-02-01 14:40:51,720 - WARNING - ⚠️ Could not extract date from 0022400037: month must be in 1..12, not 0
2026-02-01 14:40:51,720 - WARNING - ⚠️ Could not extract date from 0022400038: month must be in 1..12, not 0
2026-02-01 14:40:51,720 - WARNING - ⚠️ Could not extract date from 0022400039: month must be in 1..12, not 0
2026-02-01 14:40:51,720 - WARNING - ⚠️ Could not extract date from 0022400040: month must be in 1..12, not 0
2026-02-01 14:40:51,720 - WARNING - ⚠️ Could not extract date from 0022400041: month must be in 1..12, not 0
2026-02-01 14:40:51,720 - WARNING - ⚠️ Could not extract date from 0022400042: month must be in 1..12, not 0
2026-02-01 14:40:51,720 - WARNING - ⚠️ Could not extract date from 0022400043: month must be in 1..12, not 0
2026-02-01 14:40:51,720 - WARNING - ⚠️ Could not extract date from 0022400044: month must be in 1..12, not 0
2026-02-01 14:40:51,720 - WARNING - ⚠️ Could not extract date from 0022400045: month must be in 1..12, not 0
2026-02-01 14:40:51,720 - WARNING - ⚠️ Could not extract date from 0022400046: month must be in 1..12, not 0
2026-02-01 14:40:51,720 - WARNING - ⚠️ Could not extract date from 0022400047: month must be in 1..12, not 0
2026-02-01 14:40:51,720 - WARNING - ⚠️ Could not extract date from 0022400048: month must be in 1..12, not 0
2026-02-01 14:40:51,720 - WARNING - ⚠️ Could not extract date from 0022400049: month must be in 1..12, not 0
2026-02-01 14:40:51,720 - WARNING - ⚠️ Could not extract date from 0022400050: month must be in 1..12, not 0
2026-02-01 14:40:51,720 - WARNING - ⚠️ Could not extract date from 0022400051: month must be in 1..12, not 0
2026-02-01 14:40:51,720 - WARNING - ⚠️ Could not extract date from 0022400052: month must be in 1..12, not 0
2026-02-01 14:40:51,720 - WARNING - ⚠️ Could not extract date from 0022400053: month must be in 1..12, not 0
2026-02-01 14:40:51,720 - WARNING - ⚠️ Could not extract date from 0022400054: month must be in 1..12, not 0
2026-02-01 14:40:51,720 - WARNING - ⚠️ Could not extract date from 0022400055: month must be in 1..12, not 0
2026-02-01 14:40:51,720 - WARNING - ⚠️ Could not extract date from 0022400056: month must be in 1..12, not 0
2026-02-01 14:40:51,720 - WARNING - ⚠️ Could not extract date from 0022400057: month must be in 1..12, not 0
2026-02-01 14:40:51,721 - WARNING - ⚠️ Could not extract date from 0022400058: month must be in 1..12, not 0
2026-02-01 14:40:51,721 - WARNING - ⚠️ Could not extract date from 0022400059: month must be in 1..12, not 0
2026-02-01 14:40:51,721 - WARNING - ⚠️ Could not extract date from 0022400060: month must be in 1..12, not 0
2026-02-01 14:40:51,721 - WARNING - ⚠️ Could not extract date from 0022400061: month must be in 1..12, not 0
2026-02-01 14:40:51,721 - WARNING - ⚠️ Could not extract date from 0022400062: month must be in 1..12, not 0
2026-02-01 14:40:51,721 - WARNING - ⚠️ Could not extract date from 0022400063: month must be in 1..12, not 0
2026-02-01 14:40:51,721 - WARNING - ⚠️ Could not extract date from 0022400064: month must be in 1..12, not 0
2026-02-01 14:40:51,721 - WARNING - ⚠️ Could not extract date from 0022400065: month must be in 1..12, not 0
2026-02-01 14:40:51,721 - WARNING - ⚠️ Could not extract date from 0022400066: month must be in 1..12, not 0
2026-02-01 14:40:51,721 - WARNING - ⚠️ Could not extract date from 0022400067: month must be in 1..12, not 0
2026-02-01 14:40:51,721 - WARNING - ⚠️ Could not extract date from 0022400068: month must be in 1..12, not 0
2026-02-01 14:40:51,721 - WARNING - ⚠️ Could not extract date from 0022400069: month must be in 1..12, not 0
2026-02-01 14:40:51,721 - WARNING - ⚠️ Could not extract date from 0022400070: month must be in 1..12, not 0
2026-02-01 14:40:51,721 - WARNING - ⚠️ Could not extract date from 0022400071: month must be in 1..12, not 0
2026-02-01 14:40:51,721 - WARNING - ⚠️ Could not extract date from 0022400072: month must be in 1..12, not 0
2026-02-01 14:40:51,721 - WARNING - ⚠️ Could not extract date from 0022400073: month must be in 1..12, not 0
2026-02-01 14:40:51,721 - WARNING - ⚠️ Could not extract date from 0022400074: month must be in 1..12, not 0
2026-02-01 14:40:51,721 - WARNING - ⚠️ Could not extract date from 0022400075: month must be in 1..12, not 0
2026-02-01 14:40:51,721 - WARNING - ⚠️ Could not extract date from 0022400076: month must be in 1..12, not 0
2026-02-01 14:40:51,721 - WARNING - ⚠️ Could not extract date from 0022400077: month must be in 1..12, not 0
2026-02-01 14:40:51,721 - WARNING - ⚠️ Could not extract date from 0022400078: month must be in 1..12, not 0
2026-02-01 14:40:51,721 - WARNING - ⚠️ Could not extract date from 0022400079: month must be in 1..12, not 0
2026-02-01 14:40:51,721 - WARNING - ⚠️ Could not extract date from 0022400080: month must be in 1..12, not 0
2026-02-01 14:40:51,721 - WARNING - ⚠️ Could not extract date from 0022400081: month must be in 1..12, not 0
2026-02-01 14:40:51,722 - WARNING - ⚠️ Could not extract date from 0022400082: month must be in 1..12, not 0
2026-02-01 14:40:51,722 - WARNING - ⚠️ Could not extract date from 0022400083: month must be in 1..12, not 0
2026-02-01 14:40:51,722 - WARNING - ⚠️ Could not extract date from 0022400084: month must be in 1..12, not 0
2026-02-01 14:40:51,722 - WARNING - ⚠️ Could not extract date from 0022400085: month must be in 1..12, not 0
2026-02-01 14:40:51,722 - WARNING - ⚠️ Could not extract date from 0022400086: month must be in 1..12, not 0
2026-02-01 14:40:51,722 - WARNING - ⚠️ Could not extract date from 0022400087: month must be in 1..12, not 0
2026-02-01 14:40:51,722 - WARNING - ⚠️ Could not extract date from 0022400088: month must be in 1..12, not 0
2026-02-01 14:40:51,722 - WARNING - ⚠️ Could not extract date from 0022400089: month must be in 1..12, not 0
2026-02-01 14:40:51,722 - WARNING - ⚠️ Could not extract date from 0022400090: month must be in 1..12, not 0
2026-02-01 14:40:51,722 - WARNING - ⚠️ Could not extract date from 0022400091: month must be in 1..12, not 0
2026-02-01 14:40:51,722 - WARNING - ⚠️ Could not extract date from 0022400092: month must be in 1..12, not 0
2026-02-01 14:40:51,722 - WARNING - ⚠️ Could not extract date from 0022400093: month must be in 1..12, not 0
2026-02-01 14:40:51,722 - WARNING - ⚠️ Could not extract date from 0022400094: month must be in 1..12, not 0
2026-02-01 14:40:51,722 - WARNING - ⚠️ Could not extract date from 0022400095: month must be in 1..12, not 0
2026-02-01 14:40:51,722 - WARNING - ⚠️ Could not extract date from 0022400096: month must be in 1..12, not 0
2026-02-01 14:40:51,722 - WARNING - ⚠️ Could not extract date from 0022400097: month must be in 1..12, not 0
2026-02-01 14:40:51,722 - WARNING - ⚠️ Could not extract date from 0022400098: month must be in 1..12, not 0
2026-02-01 14:40:51,722 - WARNING - ⚠️ Could not extract date from 0022400099: month must be in 1..12, not 0
2026-02-01 14:40:51,722 - WARNING - ⚠️ Could not extract date from 0022400100: month must be in 1..12, not 0
2026-02-01 14:40:51,723 - WARNING - ⚠️ Could not extract date from 0022400101: month must be in 1..12, not 0
2026-02-01 14:40:51,723 - WARNING - ⚠️ Could not extract date from 0022400102: month must be in 1..12, not 0
2026-02-01 14:40:51,723 - WARNING - ⚠️ Could not extract date from 0022400103: month must be in 1..12, not 0
2026-02-01 14:40:51,723 - WARNING - ⚠️ Could not extract date from 0022400104: month must be in 1..12, not 0
2026-02-01 14:40:51,723 - WARNING - ⚠️ Could not extract date from 0022400105: month must be in 1..12, not 0
2026-02-01 14:40:51,723 - WARNING - ⚠️ Could not extract date from 0022400106: month must be in 1..12, not 0
2026-02-01 14:40:51,723 - WARNING - ⚠️ Could not extract date from 0022400107: month must be in 1..12, not 0
2026-02-01 14:40:51,723 - WARNING - ⚠️ Could not extract date from 0022400108: month must be in 1..12, not 0
2026-02-01 14:40:51,723 - WARNING - ⚠️ Could not extract date from 0022400109: month must be in 1..12, not 0
2026-02-01 14:40:51,723 - WARNING - ⚠️ Could not extract date from 0022400110: month must be in 1..12, not 0
2026-02-01 14:40:51,723 - WARNING - ⚠️ Could not extract date from 0022400111: month must be in 1..12, not 0
2026-02-01 14:40:51,723 - WARNING - ⚠️ Could not extract date from 0022400112: month must be in 1..12, not 0
2026-02-01 14:40:51,723 - WARNING - ⚠️ Could not extract date from 0022400113: month must be in 1..12, not 0
2026-02-01 14:40:51,723 - WARNING - ⚠️ Could not extract date from 0022400114: month must be in 1..12, not 0
2026-02-01 14:40:51,723 - WARNING - ⚠️ Could not extract date from 0022400115: month must be in 1..12, not 0
2026-02-01 14:40:51,723 - WARNING - ⚠️ Could not extract date from 0022400116: month must be in 1..12, not 0
2026-02-01 14:40:51,723 - WARNING - ⚠️ Could not extract date from 0022400117: month must be in 1..12, not 0
2026-02-01 14:40:51,723 - WARNING - ⚠️ Could not extract date from 0022400118: month must be in 1..12, not 0
2026-02-01 14:40:51,723 - WARNING - ⚠️ Could not extract date from 0022400119: month must be in 1..12, not 0
2026-02-01 14:40:51,723 - WARNING - ⚠️ Could not extract date from 0022400120: month must be in 1..12, not 0
2026-02-01 14:40:51,723 - WARNING - ⚠️ Could not extract date from 0022400121: month must be in 1..12, not 0
2026-02-01 14:40:51,723 - WARNING - ⚠️ Could not extract date from 0022400122: month must be in 1..12, not 0
2026-02-01 14:40:51,723 - WARNING - ⚠️ Could not extract date from 0022400123: month must be in 1..12, not 0
2026-02-01 14:40:51,724 - WARNING - ⚠️ Could not extract date from 0022400124: month must be in 1..12, not 0
2026-02-01 14:40:51,724 - WARNING - ⚠️ Could not extract date from 0022400125: month must be in 1..12, not 0
2026-02-01 14:40:51,724 - WARNING - ⚠️ Could not extract date from 0022400126: month must be in 1..12, not 0
2026-02-01 14:40:51,724 - WARNING - ⚠️ Could not extract date from 0022400127: month must be in 1..12, not 0
2026-02-01 14:40:51,724 - WARNING - ⚠️ Could not extract date from 0022400128: month must be in 1..12, not 0
2026-02-01 14:40:51,724 - WARNING - ⚠️ Could not extract date from 0022400129: month must be in 1..12, not 0
2026-02-01 14:40:51,724 - WARNING - ⚠️ Could not extract date from 0022400130: month must be in 1..12, not 0
2026-02-01 14:40:51,724 - WARNING - ⚠️ Could not extract date from 0022400131: month must be in 1..12, not 0
2026-02-01 14:40:51,724 - WARNING - ⚠️ Could not extract date from 0022400132: month must be in 1..12, not 0
2026-02-01 14:40:51,724 - WARNING - ⚠️ Could not extract date from 0022400133: month must be in 1..12, not 0
2026-02-01 14:40:51,724 - WARNING - ⚠️ Could not extract date from 0022400134: month must be in 1..12, not 0
2026-02-01 14:40:51,724 - WARNING - ⚠️ Could not extract date from 0022400135: month must be in 1..12, not 0
2026-02-01 14:40:51,724 - WARNING - ⚠️ Could not extract date from 0022400136: month must be in 1..12, not 0
2026-02-01 14:40:51,724 - WARNING - ⚠️ Could not extract date from 0022400137: month must be in 1..12, not 0
2026-02-01 14:40:51,724 - WARNING - ⚠️ Could not extract date from 0022400138: month must be in 1..12, not 0
2026-02-01 14:40:51,724 - WARNING - ⚠️ Could not extract date from 0022400139: month must be in 1..12, not 0
2026-02-01 14:40:51,724 - WARNING - ⚠️ Could not extract date from 0022400140: month must be in 1..12, not 0
2026-02-01 14:40:51,724 - WARNING - ⚠️ Could not extract date from 0022400141: month must be in 1..12, not 0
2026-02-01 14:40:51,724 - WARNING - ⚠️ Could not extract date from 0022400142: month must be in 1..12, not 0
2026-02-01 14:40:51,724 - WARNING - ⚠️ Could not extract date from 0022400143: month must be in 1..12, not 0
2026-02-01 14:40:51,724 - WARNING - ⚠️ Could not extract date from 0022400144: month must be in 1..12, not 0
2026-02-01 14:40:51,724 - WARNING - ⚠️ Could not extract date from 0022400145: month must be in 1..12, not 0
2026-02-01 14:40:51,725 - WARNING - ⚠️ Could not extract date from 0022400146: month must be in 1..12, not 0
2026-02-01 14:40:51,725 - WARNING - ⚠️ Could not extract date from 0022400147: month must be in 1..12, not 0
2026-02-01 14:40:51,725 - WARNING - ⚠️ Could not extract date from 0022400148: month must be in 1..12, not 0
2026-02-01 14:40:51,725 - WARNING - ⚠️ Could not extract date from 0022400149: month must be in 1..12, not 0
2026-02-01 14:40:51,725 - WARNING - ⚠️ Could not extract date from 0022400150: month must be in 1..12, not 0
2026-02-01 14:40:51,725 - WARNING - ⚠️ Could not extract date from 0022400151: month must be in 1..12, not 0
2026-02-01 14:40:51,725 - WARNING - ⚠️ Could not extract date from 0022400152: month must be in 1..12, not 0
2026-02-01 14:40:51,725 - WARNING - ⚠️ Could not extract date from 0022400153: month must be in 1..12, not 0
2026-02-01 14:40:51,725 - WARNING - ⚠️ Could not extract date from 0022400154: month must be in 1..12, not 0
2026-02-01 14:40:51,725 - WARNING - ⚠️ Could not extract date from 0022400155: month must be in 1..12, not 0
2026-02-01 14:40:51,725 - WARNING - ⚠️ Could not extract date from 0022400156: month must be in 1..12, not 0
2026-02-01 14:40:51,725 - WARNING - ⚠️ Could not extract date from 0022400157: month must be in 1..12, not 0
2026-02-01 14:40:51,725 - WARNING - ⚠️ Could not extract date from 0022400158: month must be in 1..12, not 0
2026-02-01 14:40:51,725 - WARNING - ⚠️ Could not extract date from 0022400159: month must be in 1..12, not 0
2026-02-01 14:40:51,725 - WARNING - ⚠️ Could not extract date from 0022400160: month must be in 1..12, not 0
2026-02-01 14:40:51,725 - WARNING - ⚠️ Could not extract date from 0022400161: month must be in 1..12, not 0
2026-02-01 14:40:51,725 - WARNING - ⚠️ Could not extract date from 0022400162: month must be in 1..12, not 0
2026-02-01 14:40:51,725 - WARNING - ⚠️ Could not extract date from 0022400163: month must be in 1..12, not 0
2026-02-01 14:40:51,725 - WARNING - ⚠️ Could not extract date from 0022400164: month must be in 1..12, not 0
2026-02-01 14:40:51,725 - WARNING - ⚠️ Could not extract date from 0022400165: month must be in 1..12, not 0
2026-02-01 14:40:51,725 - WARNING - ⚠️ Could not extract date from 0022400166: month must be in 1..12, not 0
2026-02-01 14:40:51,725 - WARNING - ⚠️ Could not extract date from 0022400167: month must be in 1..12, not 0
2026-02-01 14:40:51,725 - WARNING - ⚠️ Could not extract date from 0022400168: month must be in 1..12, not 0
2026-02-01 14:40:51,726 - WARNING - ⚠️ Could not extract date from 0022400169: month must be in 1..12, not 0
2026-02-01 14:40:51,726 - WARNING - ⚠️ Could not extract date from 0022400170: month must be in 1..12, not 0
2026-02-01 14:40:51,726 - WARNING - ⚠️ Could not extract date from 0022400171: month must be in 1..12, not 0
2026-02-01 14:40:51,726 - WARNING - ⚠️ Could not extract date from 0022400172: month must be in 1..12, not 0
2026-02-01 14:40:51,726 - WARNING - ⚠️ Could not extract date from 0022400173: month must be in 1..12, not 0
2026-02-01 14:40:51,726 - WARNING - ⚠️ Could not extract date from 0022400174: month must be in 1..12, not 0
2026-02-01 14:40:51,726 - WARNING - ⚠️ Could not extract date from 0022400175: month must be in 1..12, not 0
2026-02-01 14:40:51,726 - WARNING - ⚠️ Could not extract date from 0022400176: month must be in 1..12, not 0
2026-02-01 14:40:51,726 - WARNING - ⚠️ Could not extract date from 0022400177: month must be in 1..12, not 0
2026-02-01 14:40:51,726 - WARNING - ⚠️ Could not extract date from 0022400178: month must be in 1..12, not 0
2026-02-01 14:40:51,726 - WARNING - ⚠️ Could not extract date from 0022400179: month must be in 1..12, not 0
2026-02-01 14:40:51,726 - WARNING - ⚠️ Could not extract date from 0022400180: month must be in 1..12, not 0
2026-02-01 14:40:51,726 - WARNING - ⚠️ Could not extract date from 0022400181: month must be in 1..12, not 0
2026-02-01 14:40:51,726 - WARNING - ⚠️ Could not extract date from 0022400182: month must be in 1..12, not 0
2026-02-01 14:40:51,726 - WARNING - ⚠️ Could not extract date from 0022400183: month must be in 1..12, not 0
2026-02-01 14:40:51,726 - WARNING - ⚠️ Could not extract date from 0022400184: month must be in 1..12, not 0
2026-02-01 14:40:51,726 - WARNING - ⚠️ Could not extract date from 0022400185: month must be in 1..12, not 0
2026-02-01 14:40:51,726 - WARNING - ⚠️ Could not extract date from 0022400186: month must be in 1..12, not 0
2026-02-01 14:40:51,726 - WARNING - ⚠️ Could not extract date from 0022400187: month must be in 1..12, not 0
2026-02-01 14:40:51,726 - WARNING - ⚠️ Could not extract date from 0022400188: month must be in 1..12, not 0
2026-02-01 14:40:51,726 - WARNING - ⚠️ Could not extract date from 0022400189: month must be in 1..12, not 0
2026-02-01 14:40:51,726 - WARNING - ⚠️ Could not extract date from 0022400190: month must be in 1..12, not 0
2026-02-01 14:40:51,726 - WARNING - ⚠️ Could not extract date from 0022400191: month must be in 1..12, not 0
2026-02-01 14:40:51,727 - WARNING - ⚠️ Could not extract date from 0022400192: month must be in 1..12, not 0
2026-02-01 14:40:51,727 - WARNING - ⚠️ Could not extract date from 0022400193: month must be in 1..12, not 0
2026-02-01 14:40:51,727 - WARNING - ⚠️ Could not extract date from 0022400194: month must be in 1..12, not 0
2026-02-01 14:40:51,727 - WARNING - ⚠️ Could not extract date from 0022400195: month must be in 1..12, not 0
2026-02-01 14:40:51,727 - WARNING - ⚠️ Could not extract date from 0022400196: month must be in 1..12, not 0
2026-02-01 14:40:51,727 - WARNING - ⚠️ Could not extract date from 0022400197: month must be in 1..12, not 0
2026-02-01 14:40:51,727 - WARNING - ⚠️ Could not extract date from 0022400198: month must be in 1..12, not 0
2026-02-01 14:40:51,727 - WARNING - ⚠️ Could not extract date from 0022400199: month must be in 1..12, not 0
2026-02-01 14:40:51,727 - WARNING - ⚠️ Could not extract date from 0022400200: month must be in 1..12, not 0
2026-02-01 14:40:51,727 - WARNING - ⚠️ Could not extract date from 0022400201: month must be in 1..12, not 0
2026-02-01 14:40:51,727 - WARNING - ⚠️ Could not extract date from 0022400202: month must be in 1..12, not 0
2026-02-01 14:40:51,727 - WARNING - ⚠️ Could not extract date from 0022400203: month must be in 1..12, not 0
2026-02-01 14:40:51,727 - WARNING - ⚠️ Could not extract date from 0022400204: month must be in 1..12, not 0
2026-02-01 14:40:51,727 - WARNING - ⚠️ Could not extract date from 0022400205: month must be in 1..12, not 0
2026-02-01 14:40:51,727 - WARNING - ⚠️ Could not extract date from 0022400206: month must be in 1..12, not 0
2026-02-01 14:40:51,727 - WARNING - ⚠️ Could not extract date from 0022400207: month must be in 1..12, not 0
2026-02-01 14:40:51,727 - WARNING - ⚠️ Could not extract date from 0022400208: month must be in 1..12, not 0
2026-02-01 14:40:51,727 - WARNING - ⚠️ Could not extract date from 0022400209: month must be in 1..12, not 0
2026-02-01 14:40:51,728 - WARNING - ⚠️ Could not extract date from 0022400210: month must be in 1..12, not 0
2026-02-01 14:40:51,728 - WARNING - ⚠️ Could not extract date from 0022400211: month must be in 1..12, not 0
2026-02-01 14:40:51,728 - WARNING - ⚠️ Could not extract date from 0022400212: month must be in 1..12, not 0
2026-02-01 14:40:51,728 - WARNING - ⚠️ Could not extract date from 0022400213: month must be in 1..12, not 0
2026-02-01 14:40:51,728 - WARNING - ⚠️ Could not extract date from 0022400214: month must be in 1..12, not 0
2026-02-01 14:40:51,728 - WARNING - ⚠️ Could not extract date from 0022400215: month must be in 1..12, not 0
2026-02-01 14:40:51,728 - WARNING - ⚠️ Could not extract date from 0022400216: month must be in 1..12, not 0
2026-02-01 14:40:51,728 - WARNING - ⚠️ Could not extract date from 0022400217: month must be in 1..12, not 0
2026-02-01 14:40:51,728 - WARNING - ⚠️ Could not extract date from 0022400218: month must be in 1..12, not 0
2026-02-01 14:40:51,728 - WARNING - ⚠️ Could not extract date from 0022400219: month must be in 1..12, not 0
2026-02-01 14:40:51,728 - WARNING - ⚠️ Could not extract date from 0022400220: month must be in 1..12, not 0
2026-02-01 14:40:51,728 - WARNING - ⚠️ Could not extract date from 0022400221: month must be in 1..12, not 0
2026-02-01 14:40:51,728 - WARNING - ⚠️ Could not extract date from 0022400222: month must be in 1..12, not 0
2026-02-01 14:40:51,728 - WARNING - ⚠️ Could not extract date from 0022400223: month must be in 1..12, not 0
2026-02-01 14:40:51,728 - WARNING - ⚠️ Could not extract date from 0022400224: month must be in 1..12, not 0
2026-02-01 14:40:51,729 - WARNING - ⚠️ Could not extract date from 0022400225: month must be in 1..12, not 0
2026-02-01 14:40:51,729 - WARNING - ⚠️ Could not extract date from 0022400226: month must be in 1..12, not 0
2026-02-01 14:40:51,729 - WARNING - ⚠️ Could not extract date from 0022400227: month must be in 1..12, not 0
2026-02-01 14:40:51,729 - WARNING - ⚠️ Could not extract date from 0022400228: month must be in 1..12, not 0
2026-02-01 14:40:51,729 - WARNING - ⚠️ Could not extract date from 0022400229: month must be in 1..12, not 0
2026-02-01 14:40:51,729 - WARNING - ⚠️ Could not extract date from 0022400230: month must be in 1..12, not 0
2026-02-01 14:40:51,729 - WARNING - ⚠️ Could not extract date from 0022400231: month must be in 1..12, not 0
2026-02-01 14:40:51,729 - WARNING - ⚠️ Could not extract date from 0022400232: month must be in 1..12, not 0
2026-02-01 14:40:51,729 - WARNING - ⚠️ Could not extract date from 0022400233: month must be in 1..12, not 0
2026-02-01 14:40:51,729 - WARNING - ⚠️ Could not extract date from 0022400234: month must be in 1..12, not 0
2026-02-01 14:40:51,729 - WARNING - ⚠️ Could not extract date from 0022400235: month must be in 1..12, not 0
2026-02-01 14:40:51,729 - WARNING - ⚠️ Could not extract date from 0022400236: month must be in 1..12, not 0
2026-02-01 14:40:51,729 - WARNING - ⚠️ Could not extract date from 0022400237: month must be in 1..12, not 0
2026-02-01 14:40:51,729 - WARNING - ⚠️ Could not extract date from 0022400238: month must be in 1..12, not 0
2026-02-01 14:40:51,729 - WARNING - ⚠️ Could not extract date from 0022400239: month must be in 1..12, not 0
2026-02-01 14:40:51,729 - WARNING - ⚠️ Could not extract date from 0022400240: month must be in 1..12, not 0
2026-02-01 14:40:51,729 - WARNING - ⚠️ Could not extract date from 0022400241: month must be in 1..12, not 0
2026-02-01 14:40:51,729 - WARNING - ⚠️ Could not extract date from 0022400242: month must be in 1..12, not 0
2026-02-01 14:40:51,729 - WARNING - ⚠️ Could not extract date from 0022400243: month must be in 1..12, not 0
2026-02-01 14:40:51,729 - WARNING - ⚠️ Could not extract date from 0022400244: month must be in 1..12, not 0
2026-02-01 14:40:51,730 - WARNING - ⚠️ Could not extract date from 0022400245: month must be in 1..12, not 0
2026-02-01 14:40:51,730 - WARNING - ⚠️ Could not extract date from 0022400246: month must be in 1..12, not 0
2026-02-01 14:40:51,730 - WARNING - ⚠️ Could not extract date from 0022400247: month must be in 1..12, not 0
2026-02-01 14:40:51,730 - WARNING - ⚠️ Could not extract date from 0022400248: month must be in 1..12, not 0
2026-02-01 14:40:51,730 - WARNING - ⚠️ Could not extract date from 0022400249: month must be in 1..12, not 0
2026-02-01 14:40:51,730 - WARNING - ⚠️ Could not extract date from 0022400250: month must be in 1..12, not 0
2026-02-01 14:40:51,730 - WARNING - ⚠️ Could not extract date from 0022400251: month must be in 1..12, not 0
2026-02-01 14:40:51,730 - WARNING - ⚠️ Could not extract date from 0022400252: month must be in 1..12, not 0
2026-02-01 14:40:51,730 - WARNING - ⚠️ Could not extract date from 0022400253: month must be in 1..12, not 0
2026-02-01 14:40:51,730 - WARNING - ⚠️ Could not extract date from 0022400254: month must be in 1..12, not 0
2026-02-01 14:40:51,730 - WARNING - ⚠️ Could not extract date from 0022400255: month must be in 1..12, not 0
2026-02-01 14:40:51,730 - WARNING - ⚠️ Could not extract date from 0022400256: month must be in 1..12, not 0
2026-02-01 14:40:51,730 - WARNING - ⚠️ Could not extract date from 0022400257: month must be in 1..12, not 0
2026-02-01 14:40:51,730 - WARNING - ⚠️ Could not extract date from 0022400258: month must be in 1..12, not 0
2026-02-01 14:40:51,730 - WARNING - ⚠️ Could not extract date from 0022400259: month must be in 1..12, not 0
2026-02-01 14:40:51,730 - WARNING - ⚠️ Could not extract date from 0022400260: month must be in 1..12, not 0
2026-02-01 14:40:51,730 - WARNING - ⚠️ Could not extract date from 0022400261: month must be in 1..12, not 0
2026-02-01 14:40:51,730 - WARNING - ⚠️ Could not extract date from 0022400262: month must be in 1..12, not 0
2026-02-01 14:40:51,731 - WARNING - ⚠️ Could not extract date from 0022400263: month must be in 1..12, not 0
2026-02-01 14:40:51,731 - WARNING - ⚠️ Could not extract date from 0022400264: month must be in 1..12, not 0
2026-02-01 14:40:51,731 - WARNING - ⚠️ Could not extract date from 0022400265: month must be in 1..12, not 0
2026-02-01 14:40:51,731 - WARNING - ⚠️ Could not extract date from 0022400266: month must be in 1..12, not 0
2026-02-01 14:40:51,731 - WARNING - ⚠️ Could not extract date from 0022400267: month must be in 1..12, not 0
2026-02-01 14:40:51,731 - WARNING - ⚠️ Could not extract date from 0022400268: month must be in 1..12, not 0
2026-02-01 14:40:51,731 - WARNING - ⚠️ Could not extract date from 0022400269: month must be in 1..12, not 0
2026-02-01 14:40:51,731 - WARNING - ⚠️ Could not extract date from 0022400270: month must be in 1..12, not 0
2026-02-01 14:40:51,731 - WARNING - ⚠️ Could not extract date from 0022400271: month must be in 1..12, not 0
2026-02-01 14:40:51,731 - WARNING - ⚠️ Could not extract date from 0022400272: month must be in 1..12, not 0
2026-02-01 14:40:51,731 - WARNING - ⚠️ Could not extract date from 0022400273: month must be in 1..12, not 0
2026-02-01 14:40:51,731 - WARNING - ⚠️ Could not extract date from 0022400274: month must be in 1..12, not 0
2026-02-01 14:40:51,731 - WARNING - ⚠️ Could not extract date from 0022400275: month must be in 1..12, not 0
2026-02-01 14:40:51,731 - WARNING - ⚠️ Could not extract date from 0022400276: month must be in 1..12, not 0
2026-02-01 14:40:51,731 - WARNING - ⚠️ Could not extract date from 0022400277: month must be in 1..12, not 0
2026-02-01 14:40:51,731 - WARNING - ⚠️ Could not extract date from 0022400278: month must be in 1..12, not 0
2026-02-01 14:40:51,732 - WARNING - ⚠️ Could not extract date from 0022400279: month must be in 1..12, not 0
2026-02-01 14:40:51,732 - WARNING - ⚠️ Could not extract date from 0022400280: month must be in 1..12, not 0
2026-02-01 14:40:51,732 - WARNING - ⚠️ Could not extract date from 0022400281: month must be in 1..12, not 0
2026-02-01 14:40:51,732 - WARNING - ⚠️ Could not extract date from 0022400282: month must be in 1..12, not 0
2026-02-01 14:40:51,732 - WARNING - ⚠️ Could not extract date from 0022400283: month must be in 1..12, not 0
2026-02-01 14:40:51,732 - WARNING - ⚠️ Could not extract date from 0022400284: month must be in 1..12, not 0
2026-02-01 14:40:51,732 - WARNING - ⚠️ Could not extract date from 0022400285: month must be in 1..12, not 0
2026-02-01 14:40:51,732 - WARNING - ⚠️ Could not extract date from 0022400286: month must be in 1..12, not 0
2026-02-01 14:40:51,732 - WARNING - ⚠️ Could not extract date from 0022400287: month must be in 1..12, not 0
2026-02-01 14:40:51,732 - WARNING - ⚠️ Could not extract date from 0022400288: month must be in 1..12, not 0
2026-02-01 14:40:51,732 - WARNING - ⚠️ Could not extract date from 0022400289: month must be in 1..12, not 0
2026-02-01 14:40:51,732 - WARNING - ⚠️ Could not extract date from 0022400290: month must be in 1..12, not 0
2026-02-01 14:40:51,732 - WARNING - ⚠️ Could not extract date from 0022400291: month must be in 1..12, not 0
2026-02-01 14:40:51,733 - WARNING - ⚠️ Could not extract date from 0022400292: month must be in 1..12, not 0
2026-02-01 14:40:51,733 - WARNING - ⚠️ Could not extract date from 0022400293: month must be in 1..12, not 0
2026-02-01 14:40:51,733 - WARNING - ⚠️ Could not extract date from 0022400294: month must be in 1..12, not 0
2026-02-01 14:40:51,733 - WARNING - ⚠️ Could not extract date from 0022400295: month must be in 1..12, not 0
2026-02-01 14:40:51,733 - WARNING - ⚠️ Could not extract date from 0022400296: month must be in 1..12, not 0
2026-02-01 14:40:51,733 - WARNING - ⚠️ Could not extract date from 0022400297: month must be in 1..12, not 0
2026-02-01 14:40:51,733 - WARNING - ⚠️ Could not extract date from 0022400298: month must be in 1..12, not 0
2026-02-01 14:40:51,733 - WARNING - ⚠️ Could not extract date from 0022400299: month must be in 1..12, not 0
2026-02-01 14:40:51,733 - WARNING - ⚠️ Could not extract date from 0022400300: month must be in 1..12, not 0
2026-02-01 14:40:51,733 - WARNING - ⚠️ Could not extract date from 0022400301: month must be in 1..12, not 0
2026-02-01 14:40:51,733 - WARNING - ⚠️ Could not extract date from 0022400302: month must be in 1..12, not 0
2026-02-01 14:40:51,733 - WARNING - ⚠️ Could not extract date from 0022400303: month must be in 1..12, not 0
2026-02-01 14:40:51,733 - WARNING - ⚠️ Could not extract date from 0022400304: month must be in 1..12, not 0
2026-02-01 14:40:51,733 - WARNING - ⚠️ Could not extract date from 0022400305: month must be in 1..12, not 0
2026-02-01 14:40:51,733 - WARNING - ⚠️ Could not extract date from 0022400306: month must be in 1..12, not 0
2026-02-01 14:40:51,733 - WARNING - ⚠️ Could not extract date from 0022400307: month must be in 1..12, not 0
2026-02-01 14:40:51,733 - WARNING - ⚠️ Could not extract date from 0022400308: month must be in 1..12, not 0
2026-02-01 14:40:51,733 - WARNING - ⚠️ Could not extract date from 0022400309: month must be in 1..12, not 0
2026-02-01 14:40:51,733 - WARNING - ⚠️ Could not extract date from 0022400310: month must be in 1..12, not 0
2026-02-01 14:40:51,733 - WARNING - ⚠️ Could not extract date from 0022400311: month must be in 1..12, not 0
2026-02-01 14:40:51,734 - WARNING - ⚠️ Could not extract date from 0022400312: month must be in 1..12, not 0
2026-02-01 14:40:51,734 - WARNING - ⚠️ Could not extract date from 0022400313: month must be in 1..12, not 0
2026-02-01 14:40:51,734 - WARNING - ⚠️ Could not extract date from 0022400314: month must be in 1..12, not 0
2026-02-01 14:40:51,734 - WARNING - ⚠️ Could not extract date from 0022400315: month must be in 1..12, not 0
2026-02-01 14:40:51,734 - WARNING - ⚠️ Could not extract date from 0022400316: month must be in 1..12, not 0
2026-02-01 14:40:51,734 - WARNING - ⚠️ Could not extract date from 0022400317: month must be in 1..12, not 0
2026-02-01 14:40:51,734 - WARNING - ⚠️ Could not extract date from 0022400318: month must be in 1..12, not 0
2026-02-01 14:40:51,734 - WARNING - ⚠️ Could not extract date from 0022400319: month must be in 1..12, not 0
2026-02-01 14:40:51,734 - WARNING - ⚠️ Could not extract date from 0022400320: month must be in 1..12, not 0
2026-02-01 14:40:51,734 - WARNING - ⚠️ Could not extract date from 0022400321: month must be in 1..12, not 0
2026-02-01 14:40:51,734 - WARNING - ⚠️ Could not extract date from 0022400322: month must be in 1..12, not 0
2026-02-01 14:40:51,734 - WARNING - ⚠️ Could not extract date from 0022400323: month must be in 1..12, not 0
2026-02-01 14:40:51,734 - WARNING - ⚠️ Could not extract date from 0022400324: month must be in 1..12, not 0
2026-02-01 14:40:51,734 - WARNING - ⚠️ Could not extract date from 0022400325: month must be in 1..12, not 0
2026-02-01 14:40:51,735 - WARNING - ⚠️ Could not extract date from 0022400326: month must be in 1..12, not 0
2026-02-01 14:40:51,735 - WARNING - ⚠️ Could not extract date from 0022400327: month must be in 1..12, not 0
2026-02-01 14:40:51,735 - WARNING - ⚠️ Could not extract date from 0022400328: month must be in 1..12, not 0
2026-02-01 14:40:51,735 - WARNING - ⚠️ Could not extract date from 0022400329: month must be in 1..12, not 0
2026-02-01 14:40:51,735 - WARNING - ⚠️ Could not extract date from 0022400330: month must be in 1..12, not 0
2026-02-01 14:40:51,735 - WARNING - ⚠️ Could not extract date from 0022400331: month must be in 1..12, not 0
2026-02-01 14:40:51,735 - WARNING - ⚠️ Could not extract date from 0022400332: month must be in 1..12, not 0
2026-02-01 14:40:51,735 - WARNING - ⚠️ Could not extract date from 0022400333: month must be in 1..12, not 0
2026-02-01 14:40:51,736 - WARNING - ⚠️ Could not extract date from 0022400334: month must be in 1..12, not 0
2026-02-01 14:40:51,736 - WARNING - ⚠️ Could not extract date from 0022400335: month must be in 1..12, not 0
2026-02-01 14:40:51,736 - WARNING - ⚠️ Could not extract date from 0022400336: month must be in 1..12, not 0
2026-02-01 14:40:51,736 - WARNING - ⚠️ Could not extract date from 0022400337: month must be in 1..12, not 0
2026-02-01 14:40:51,736 - WARNING - ⚠️ Could not extract date from 0022400338: month must be in 1..12, not 0
2026-02-01 14:40:51,736 - WARNING - ⚠️ Could not extract date from 0022400339: month must be in 1..12, not 0
2026-02-01 14:40:51,736 - WARNING - ⚠️ Could not extract date from 0022400340: month must be in 1..12, not 0
2026-02-01 14:40:51,736 - WARNING - ⚠️ Could not extract date from 0022400341: month must be in 1..12, not 0
2026-02-01 14:40:51,736 - WARNING - ⚠️ Could not extract date from 0022400342: month must be in 1..12, not 0
2026-02-01 14:40:51,736 - WARNING - ⚠️ Could not extract date from 0022400343: month must be in 1..12, not 0
2026-02-01 14:40:51,736 - WARNING - ⚠️ Could not extract date from 0022400344: month must be in 1..12, not 0
2026-02-01 14:40:51,736 - WARNING - ⚠️ Could not extract date from 0022400345: month must be in 1..12, not 0
2026-02-01 14:40:51,736 - WARNING - ⚠️ Could not extract date from 0022400346: month must be in 1..12, not 0
2026-02-01 14:40:51,736 - WARNING - ⚠️ Could not extract date from 0022400347: month must be in 1..12, not 0
2026-02-01 14:40:51,736 - WARNING - ⚠️ Could not extract date from 0022400348: month must be in 1..12, not 0
2026-02-01 14:40:51,736 - WARNING - ⚠️ Could not extract date from 0022400349: month must be in 1..12, not 0
2026-02-01 14:40:51,736 - WARNING - ⚠️ Could not extract date from 0022400350: month must be in 1..12, not 0
2026-02-01 14:40:51,736 - WARNING - ⚠️ Could not extract date from 0022400351: month must be in 1..12, not 0
2026-02-01 14:40:51,736 - WARNING - ⚠️ Could not extract date from 0022400352: month must be in 1..12, not 0
2026-02-01 14:40:51,737 - WARNING - ⚠️ Could not extract date from 0022400353: month must be in 1..12, not 0
2026-02-01 14:40:51,737 - WARNING - ⚠️ Could not extract date from 0022400354: month must be in 1..12, not 0
2026-02-01 14:40:51,737 - WARNING - ⚠️ Could not extract date from 0022400355: month must be in 1..12, not 0
2026-02-01 14:40:51,737 - WARNING - ⚠️ Could not extract date from 0022400356: month must be in 1..12, not 0
2026-02-01 14:40:51,737 - WARNING - ⚠️ Could not extract date from 0022400357: month must be in 1..12, not 0
2026-02-01 14:40:51,737 - WARNING - ⚠️ Could not extract date from 0022400358: month must be in 1..12, not 0
2026-02-01 14:40:51,737 - WARNING - ⚠️ Could not extract date from 0022400359: month must be in 1..12, not 0
2026-02-01 14:40:51,737 - WARNING - ⚠️ Could not extract date from 0022400360: month must be in 1..12, not 0
2026-02-01 14:40:51,737 - WARNING - ⚠️ Could not extract date from 0022400361: month must be in 1..12, not 0
2026-02-01 14:40:51,737 - WARNING - ⚠️ Could not extract date from 0022400362: month must be in 1..12, not 0
2026-02-01 14:40:51,737 - WARNING - ⚠️ Could not extract date from 0022400363: month must be in 1..12, not 0
2026-02-01 14:40:51,737 - WARNING - ⚠️ Could not extract date from 0022400364: month must be in 1..12, not 0
2026-02-01 14:40:51,737 - WARNING - ⚠️ Could not extract date from 0022400365: month must be in 1..12, not 0
2026-02-01 14:40:51,737 - WARNING - ⚠️ Could not extract date from 0022400366: month must be in 1..12, not 0
2026-02-01 14:40:51,737 - WARNING - ⚠️ Could not extract date from 0022400367: month must be in 1..12, not 0
2026-02-01 14:40:51,737 - WARNING - ⚠️ Could not extract date from 0022400368: month must be in 1..12, not 0
2026-02-01 14:40:51,737 - WARNING - ⚠️ Could not extract date from 0022400369: month must be in 1..12, not 0
2026-02-01 14:40:51,737 - WARNING - ⚠️ Could not extract date from 0022400370: month must be in 1..12, not 0
2026-02-01 14:40:51,737 - WARNING - ⚠️ Could not extract date from 0022400371: month must be in 1..12, not 0
2026-02-01 14:40:51,738 - WARNING - ⚠️ Could not extract date from 0022400372: month must be in 1..12, not 0
2026-02-01 14:40:51,738 - WARNING - ⚠️ Could not extract date from 0022400373: month must be in 1..12, not 0
2026-02-01 14:40:51,738 - WARNING - ⚠️ Could not extract date from 0022400374: month must be in 1..12, not 0
2026-02-01 14:40:51,738 - WARNING - ⚠️ Could not extract date from 0022400375: month must be in 1..12, not 0
2026-02-01 14:40:51,738 - WARNING - ⚠️ Could not extract date from 0022400376: month must be in 1..12, not 0
2026-02-01 14:40:51,738 - WARNING - ⚠️ Could not extract date from 0022400377: month must be in 1..12, not 0
2026-02-01 14:40:51,738 - WARNING - ⚠️ Could not extract date from 0022400378: month must be in 1..12, not 0
2026-02-01 14:40:51,738 - WARNING - ⚠️ Could not extract date from 0022400379: month must be in 1..12, not 0
2026-02-01 14:40:51,738 - WARNING - ⚠️ Could not extract date from 0022400380: month must be in 1..12, not 0
2026-02-01 14:40:51,739 - WARNING - ⚠️ Could not extract date from 0022400381: month must be in 1..12, not 0
2026-02-01 14:40:51,739 - WARNING - ⚠️ Could not extract date from 0022400382: month must be in 1..12, not 0
2026-02-01 14:40:51,739 - WARNING - ⚠️ Could not extract date from 0022400383: month must be in 1..12, not 0
2026-02-01 14:40:51,739 - WARNING - ⚠️ Could not extract date from 0022400384: month must be in 1..12, not 0
2026-02-01 14:40:51,739 - WARNING - ⚠️ Could not extract date from 0022400385: month must be in 1..12, not 0
2026-02-01 14:40:51,739 - WARNING - ⚠️ Could not extract date from 0022400386: month must be in 1..12, not 0
2026-02-01 14:40:51,739 - WARNING - ⚠️ Could not extract date from 0022400387: month must be in 1..12, not 0
2026-02-01 14:40:51,739 - WARNING - ⚠️ Could not extract date from 0022400388: month must be in 1..12, not 0
2026-02-01 14:40:51,739 - WARNING - ⚠️ Could not extract date from 0022400389: month must be in 1..12, not 0
2026-02-01 14:40:51,740 - WARNING - ⚠️ Could not extract date from 0022400390: month must be in 1..12, not 0
2026-02-01 14:40:51,740 - WARNING - ⚠️ Could not extract date from 0022400391: month must be in 1..12, not 0
2026-02-01 14:40:51,740 - WARNING - ⚠️ Could not extract date from 0022400392: month must be in 1..12, not 0
2026-02-01 14:40:51,740 - WARNING - ⚠️ Could not extract date from 0022400393: month must be in 1..12, not 0
2026-02-01 14:40:51,740 - WARNING - ⚠️ Could not extract date from 0022400394: month must be in 1..12, not 0
2026-02-01 14:40:51,740 - WARNING - ⚠️ Could not extract date from 0022400395: month must be in 1..12, not 0
2026-02-01 14:40:51,740 - WARNING - ⚠️ Could not extract date from 0022400396: month must be in 1..12, not 0
2026-02-01 14:40:51,740 - WARNING - ⚠️ Could not extract date from 0022400397: month must be in 1..12, not 0
2026-02-01 14:40:51,740 - WARNING - ⚠️ Could not extract date from 0022400398: month must be in 1..12, not 0
2026-02-01 14:40:51,741 - WARNING - ⚠️ Could not extract date from 0022400399: month must be in 1..12, not 0
2026-02-01 14:40:51,741 - WARNING - ⚠️ Could not extract date from 0022400400: month must be in 1..12, not 0
2026-02-01 14:40:51,741 - WARNING - ⚠️ Could not extract date from 0022400401: month must be in 1..12, not 0
2026-02-01 14:40:51,741 - WARNING - ⚠️ Could not extract date from 0022400402: month must be in 1..12, not 0
2026-02-01 14:40:51,741 - WARNING - ⚠️ Could not extract date from 0022400403: month must be in 1..12, not 0
2026-02-01 14:40:51,741 - WARNING - ⚠️ Could not extract date from 0022400404: month must be in 1..12, not 0
2026-02-01 14:40:51,741 - WARNING - ⚠️ Could not extract date from 0022400405: month must be in 1..12, not 0
2026-02-01 14:40:51,741 - WARNING - ⚠️ Could not extract date from 0022400406: month must be in 1..12, not 0
2026-02-01 14:40:51,741 - WARNING - ⚠️ Could not extract date from 0022400407: month must be in 1..12, not 0
2026-02-01 14:40:51,741 - WARNING - ⚠️ Could not extract date from 0022400408: month must be in 1..12, not 0
2026-02-01 14:40:51,741 - WARNING - ⚠️ Could not extract date from 0022400409: month must be in 1..12, not 0
2026-02-01 14:40:51,741 - WARNING - ⚠️ Could not extract date from 0022400410: month must be in 1..12, not 0
2026-02-01 14:40:51,741 - WARNING - ⚠️ Could not extract date from 0022400411: month must be in 1..12, not 0
2026-02-01 14:40:51,741 - WARNING - ⚠️ Could not extract date from 0022400412: month must be in 1..12, not 0
2026-02-01 14:40:51,741 - WARNING - ⚠️ Could not extract date from 0022400413: month must be in 1..12, not 0
2026-02-01 14:40:51,741 - WARNING - ⚠️ Could not extract date from 0022400414: month must be in 1..12, not 0
2026-02-01 14:40:51,741 - WARNING - ⚠️ Could not extract date from 0022400415: month must be in 1..12, not 0
2026-02-01 14:40:51,741 - WARNING - ⚠️ Could not extract date from 0022400416: month must be in 1..12, not 0
2026-02-01 14:40:51,741 - WARNING - ⚠️ Could not extract date from 0022400417: month must be in 1..12, not 0
2026-02-01 14:40:51,741 - WARNING - ⚠️ Could not extract date from 0022400418: month must be in 1..12, not 0
2026-02-01 14:40:51,741 - WARNING - ⚠️ Could not extract date from 0022400419: month must be in 1..12, not 0
2026-02-01 14:40:51,742 - WARNING - ⚠️ Could not extract date from 0022400420: month must be in 1..12, not 0
2026-02-01 14:40:51,742 - WARNING - ⚠️ Could not extract date from 0022400421: month must be in 1..12, not 0
2026-02-01 14:40:51,742 - WARNING - ⚠️ Could not extract date from 0022400422: month must be in 1..12, not 0
2026-02-01 14:40:51,742 - WARNING - ⚠️ Could not extract date from 0022400423: month must be in 1..12, not 0
2026-02-01 14:40:51,742 - WARNING - ⚠️ Could not extract date from 0022400424: month must be in 1..12, not 0
2026-02-01 14:40:51,742 - WARNING - ⚠️ Could not extract date from 0022400425: month must be in 1..12, not 0
2026-02-01 14:40:51,742 - WARNING - ⚠️ Could not extract date from 0022400426: month must be in 1..12, not 0
2026-02-01 14:40:51,742 - WARNING - ⚠️ Could not extract date from 0022400427: month must be in 1..12, not 0
2026-02-01 14:40:51,742 - WARNING - ⚠️ Could not extract date from 0022400428: month must be in 1..12, not 0
2026-02-01 14:40:51,742 - WARNING - ⚠️ Could not extract date from 0022400429: month must be in 1..12, not 0
2026-02-01 14:40:51,742 - WARNING - ⚠️ Could not extract date from 0022400430: month must be in 1..12, not 0
2026-02-01 14:40:51,742 - WARNING - ⚠️ Could not extract date from 0022400431: month must be in 1..12, not 0
2026-02-01 14:40:51,742 - WARNING - ⚠️ Could not extract date from 0022400432: month must be in 1..12, not 0
2026-02-01 14:40:51,742 - WARNING - ⚠️ Could not extract date from 0022400433: month must be in 1..12, not 0
2026-02-01 14:40:51,742 - WARNING - ⚠️ Could not extract date from 0022400434: month must be in 1..12, not 0
2026-02-01 14:40:51,742 - WARNING - ⚠️ Could not extract date from 0022400435: month must be in 1..12, not 0
2026-02-01 14:40:51,742 - WARNING - ⚠️ Could not extract date from 0022400436: month must be in 1..12, not 0
2026-02-01 14:40:51,742 - WARNING - ⚠️ Could not extract date from 0022400437: month must be in 1..12, not 0
2026-02-01 14:40:51,742 - WARNING - ⚠️ Could not extract date from 0022400438: month must be in 1..12, not 0
2026-02-01 14:40:51,742 - WARNING - ⚠️ Could not extract date from 0022400439: month must be in 1..12, not 0
2026-02-01 14:40:51,742 - WARNING - ⚠️ Could not extract date from 0022400440: month must be in 1..12, not 0
2026-02-01 14:40:51,742 - WARNING - ⚠️ Could not extract date from 0022400441: month must be in 1..12, not 0
2026-02-01 14:40:51,743 - WARNING - ⚠️ Could not extract date from 0022400442: month must be in 1..12, not 0
2026-02-01 14:40:51,743 - WARNING - ⚠️ Could not extract date from 0022400443: month must be in 1..12, not 0
2026-02-01 14:40:51,743 - WARNING - ⚠️ Could not extract date from 0022400444: month must be in 1..12, not 0
2026-02-01 14:40:51,743 - WARNING - ⚠️ Could not extract date from 0022400445: month must be in 1..12, not 0
2026-02-01 14:40:51,743 - WARNING - ⚠️ Could not extract date from 0022400446: month must be in 1..12, not 0
2026-02-01 14:40:51,743 - WARNING - ⚠️ Could not extract date from 0022400447: month must be in 1..12, not 0
2026-02-01 14:40:51,743 - WARNING - ⚠️ Could not extract date from 0022400448: month must be in 1..12, not 0
2026-02-01 14:40:51,743 - WARNING - ⚠️ Could not extract date from 0022400449: month must be in 1..12, not 0
2026-02-01 14:40:51,743 - WARNING - ⚠️ Could not extract date from 0022400450: month must be in 1..12, not 0
2026-02-01 14:40:51,743 - WARNING - ⚠️ Could not extract date from 0022400451: month must be in 1..12, not 0
2026-02-01 14:40:51,743 - WARNING - ⚠️ Could not extract date from 0022400452: month must be in 1..12, not 0
2026-02-01 14:40:51,743 - WARNING - ⚠️ Could not extract date from 0022400453: month must be in 1..12, not 0
2026-02-01 14:40:51,743 - WARNING - ⚠️ Could not extract date from 0022400454: month must be in 1..12, not 0
2026-02-01 14:40:51,743 - WARNING - ⚠️ Could not extract date from 0022400455: month must be in 1..12, not 0
2026-02-01 14:40:51,743 - WARNING - ⚠️ Could not extract date from 0022400456: month must be in 1..12, not 0
2026-02-01 14:40:51,743 - WARNING - ⚠️ Could not extract date from 0022400457: month must be in 1..12, not 0
2026-02-01 14:40:51,743 - WARNING - ⚠️ Could not extract date from 0022400458: month must be in 1..12, not 0
2026-02-01 14:40:51,743 - WARNING - ⚠️ Could not extract date from 0022400459: month must be in 1..12, not 0
2026-02-01 14:40:51,743 - WARNING - ⚠️ Could not extract date from 0022400460: month must be in 1..12, not 0
2026-02-01 14:40:51,743 - WARNING - ⚠️ Could not extract date from 0022400461: month must be in 1..12, not 0
2026-02-01 14:40:51,743 - WARNING - ⚠️ Could not extract date from 0022400462: month must be in 1..12, not 0
2026-02-01 14:40:51,744 - WARNING - ⚠️ Could not extract date from 0022400463: month must be in 1..12, not 0
2026-02-01 14:40:51,744 - WARNING - ⚠️ Could not extract date from 0022400464: month must be in 1..12, not 0
2026-02-01 14:40:51,744 - WARNING - ⚠️ Could not extract date from 0022400465: month must be in 1..12, not 0
2026-02-01 14:40:51,744 - WARNING - ⚠️ Could not extract date from 0022400466: month must be in 1..12, not 0
2026-02-01 14:40:51,744 - WARNING - ⚠️ Could not extract date from 0022400467: month must be in 1..12, not 0
2026-02-01 14:40:51,744 - WARNING - ⚠️ Could not extract date from 0022400468: month must be in 1..12, not 0
2026-02-01 14:40:51,744 - WARNING - ⚠️ Could not extract date from 0022400469: month must be in 1..12, not 0
2026-02-01 14:40:51,744 - WARNING - ⚠️ Could not extract date from 0022400470: month must be in 1..12, not 0
2026-02-01 14:40:51,744 - WARNING - ⚠️ Could not extract date from 0022400471: month must be in 1..12, not 0
2026-02-01 14:40:51,744 - WARNING - ⚠️ Could not extract date from 0022400472: month must be in 1..12, not 0
2026-02-01 14:40:51,744 - WARNING - ⚠️ Could not extract date from 0022400473: month must be in 1..12, not 0
2026-02-01 14:40:51,744 - WARNING - ⚠️ Could not extract date from 0022400474: month must be in 1..12, not 0
2026-02-01 14:40:51,744 - WARNING - ⚠️ Could not extract date from 0022400475: month must be in 1..12, not 0
2026-02-01 14:40:51,744 - WARNING - ⚠️ Could not extract date from 0022400476: month must be in 1..12, not 0
2026-02-01 14:40:51,744 - WARNING - ⚠️ Could not extract date from 0022400477: month must be in 1..12, not 0
2026-02-01 14:40:51,744 - WARNING - ⚠️ Could not extract date from 0022400478: month must be in 1..12, not 0
2026-02-01 14:40:51,744 - WARNING - ⚠️ Could not extract date from 0022400479: month must be in 1..12, not 0
2026-02-01 14:40:51,744 - WARNING - ⚠️ Could not extract date from 0022400480: month must be in 1..12, not 0
2026-02-01 14:40:51,744 - WARNING - ⚠️ Could not extract date from 0022400481: month must be in 1..12, not 0
2026-02-01 14:40:51,744 - WARNING - ⚠️ Could not extract date from 0022400482: month must be in 1..12, not 0
2026-02-01 14:40:51,744 - WARNING - ⚠️ Could not extract date from 0022400483: month must be in 1..12, not 0
2026-02-01 14:40:51,744 - WARNING - ⚠️ Could not extract date from 0022400484: month must be in 1..12, not 0
2026-02-01 14:40:51,744 - WARNING - ⚠️ Could not extract date from 0022400485: month must be in 1..12, not 0
2026-02-01 14:40:51,744 - WARNING - ⚠️ Could not extract date from 0022400486: month must be in 1..12, not 0
2026-02-01 14:40:51,744 - WARNING - ⚠️ Could not extract date from 0022400487: month must be in 1..12, not 0
2026-02-01 14:40:51,745 - WARNING - ⚠️ Could not extract date from 0022400488: month must be in 1..12, not 0
2026-02-01 14:40:51,745 - WARNING - ⚠️ Could not extract date from 0022400489: month must be in 1..12, not 0
2026-02-01 14:40:51,745 - WARNING - ⚠️ Could not extract date from 0022400490: month must be in 1..12, not 0
2026-02-01 14:40:51,745 - WARNING - ⚠️ Could not extract date from 0022400491: month must be in 1..12, not 0
2026-02-01 14:40:51,745 - WARNING - ⚠️ Could not extract date from 0022400492: month must be in 1..12, not 0
2026-02-01 14:40:51,745 - WARNING - ⚠️ Could not extract date from 0022400493: month must be in 1..12, not 0
2026-02-01 14:40:51,745 - WARNING - ⚠️ Could not extract date from 0022400494: month must be in 1..12, not 0
2026-02-01 14:40:51,745 - WARNING - ⚠️ Could not extract date from 0022400495: month must be in 1..12, not 0
2026-02-01 14:40:51,745 - WARNING - ⚠️ Could not extract date from 0022400496: month must be in 1..12, not 0
2026-02-01 14:40:51,745 - WARNING - ⚠️ Could not extract date from 0022400497: month must be in 1..12, not 0
2026-02-01 14:40:51,745 - WARNING - ⚠️ Could not extract date from 0022400498: month must be in 1..12, not 0
2026-02-01 14:40:51,745 - WARNING - ⚠️ Could not extract date from 0022400499: month must be in 1..12, not 0
2026-02-01 14:40:51,745 - WARNING - ⚠️ Could not extract date from 0022400500: month must be in 1..12, not 0
2026-02-01 14:40:51,745 - WARNING - ⚠️ Could not extract date from 0022400501: month must be in 1..12, not 0
2026-02-01 14:40:51,745 - WARNING - ⚠️ Could not extract date from 0022400502: month must be in 1..12, not 0
2026-02-01 14:40:51,745 - WARNING - ⚠️ Could not extract date from 0022400503: month must be in 1..12, not 0
2026-02-01 14:40:51,745 - WARNING - ⚠️ Could not extract date from 0022400504: month must be in 1..12, not 0
2026-02-01 14:40:51,745 - WARNING - ⚠️ Could not extract date from 0022400505: month must be in 1..12, not 0
2026-02-01 14:40:51,745 - WARNING - ⚠️ Could not extract date from 0022400506: month must be in 1..12, not 0
2026-02-01 14:40:51,745 - WARNING - ⚠️ Could not extract date from 0022400507: month must be in 1..12, not 0
2026-02-01 14:40:51,745 - WARNING - ⚠️ Could not extract date from 0022400508: month must be in 1..12, not 0
2026-02-01 14:40:51,745 - WARNING - ⚠️ Could not extract date from 0022400509: month must be in 1..12, not 0
2026-02-01 14:40:51,745 - WARNING - ⚠️ Could not extract date from 0022400510: month must be in 1..12, not 0
2026-02-01 14:40:51,746 - WARNING - ⚠️ Could not extract date from 0022400511: month must be in 1..12, not 0
2026-02-01 14:40:51,746 - WARNING - ⚠️ Could not extract date from 0022400512: month must be in 1..12, not 0
2026-02-01 14:40:51,746 - WARNING - ⚠️ Could not extract date from 0022400513: month must be in 1..12, not 0
2026-02-01 14:40:51,746 - WARNING - ⚠️ Could not extract date from 0022400514: month must be in 1..12, not 0
2026-02-01 14:40:51,746 - WARNING - ⚠️ Could not extract date from 0022400515: month must be in 1..12, not 0
2026-02-01 14:40:51,746 - WARNING - ⚠️ Could not extract date from 0022400516: month must be in 1..12, not 0
2026-02-01 14:40:51,746 - WARNING - ⚠️ Could not extract date from 0022400517: month must be in 1..12, not 0
2026-02-01 14:40:51,746 - WARNING - ⚠️ Could not extract date from 0022400518: month must be in 1..12, not 0
2026-02-01 14:40:51,746 - WARNING - ⚠️ Could not extract date from 0022400519: month must be in 1..12, not 0
2026-02-01 14:40:51,746 - WARNING - ⚠️ Could not extract date from 0022400520: month must be in 1..12, not 0
2026-02-01 14:40:51,746 - WARNING - ⚠️ Could not extract date from 0022400521: month must be in 1..12, not 0
2026-02-01 14:40:51,746 - WARNING - ⚠️ Could not extract date from 0022400522: month must be in 1..12, not 0
2026-02-01 14:40:51,746 - WARNING - ⚠️ Could not extract date from 0022400523: month must be in 1..12, not 0
2026-02-01 14:40:51,746 - WARNING - ⚠️ Could not extract date from 0022400524: month must be in 1..12, not 0
2026-02-01 14:40:51,746 - WARNING - ⚠️ Could not extract date from 0022400525: month must be in 1..12, not 0
2026-02-01 14:40:51,746 - WARNING - ⚠️ Could not extract date from 0022400526: month must be in 1..12, not 0
2026-02-01 14:40:51,746 - WARNING - ⚠️ Could not extract date from 0022400527: month must be in 1..12, not 0
2026-02-01 14:40:51,746 - WARNING - ⚠️ Could not extract date from 0022400528: month must be in 1..12, not 0
2026-02-01 14:40:51,746 - WARNING - ⚠️ Could not extract date from 0022400529: month must be in 1..12, not 0
2026-02-01 14:40:51,746 - WARNING - ⚠️ Could not extract date from 0022400530: month must be in 1..12, not 0
2026-02-01 14:40:51,746 - WARNING - ⚠️ Could not extract date from 0022400531: month must be in 1..12, not 0
2026-02-01 14:40:51,747 - WARNING - ⚠️ Could not extract date from 0022400532: month must be in 1..12, not 0
2026-02-01 14:40:51,747 - WARNING - ⚠️ Could not extract date from 0022400533: month must be in 1..12, not 0
2026-02-01 14:40:51,747 - WARNING - ⚠️ Could not extract date from 0022400534: month must be in 1..12, not 0
2026-02-01 14:40:51,747 - WARNING - ⚠️ Could not extract date from 0022400535: month must be in 1..12, not 0
2026-02-01 14:40:51,747 - WARNING - ⚠️ Could not extract date from 0022400536: month must be in 1..12, not 0
2026-02-01 14:40:51,747 - WARNING - ⚠️ Could not extract date from 0022400537: month must be in 1..12, not 0
2026-02-01 14:40:51,747 - WARNING - ⚠️ Could not extract date from 0022400538: month must be in 1..12, not 0
2026-02-01 14:40:51,747 - WARNING - ⚠️ Could not extract date from 0022400539: month must be in 1..12, not 0
2026-02-01 14:40:51,747 - WARNING - ⚠️ Could not extract date from 0022400540: month must be in 1..12, not 0
2026-02-01 14:40:51,747 - WARNING - ⚠️ Could not extract date from 0022400541: month must be in 1..12, not 0
2026-02-01 14:40:51,747 - WARNING - ⚠️ Could not extract date from 0022400542: month must be in 1..12, not 0
2026-02-01 14:40:51,747 - WARNING - ⚠️ Could not extract date from 0022400543: month must be in 1..12, not 0
2026-02-01 14:40:51,747 - WARNING - ⚠️ Could not extract date from 0022400544: month must be in 1..12, not 0
2026-02-01 14:40:51,747 - WARNING - ⚠️ Could not extract date from 0022400545: month must be in 1..12, not 0
2026-02-01 14:40:51,747 - WARNING - ⚠️ Could not extract date from 0022400546: month must be in 1..12, not 0
2026-02-01 14:40:51,747 - WARNING - ⚠️ Could not extract date from 0022400547: month must be in 1..12, not 0
2026-02-01 14:40:51,747 - WARNING - ⚠️ Could not extract date from 0022400548: month must be in 1..12, not 0
2026-02-01 14:40:51,747 - WARNING - ⚠️ Could not extract date from 0022400549: month must be in 1..12, not 0
2026-02-01 14:40:51,747 - WARNING - ⚠️ Could not extract date from 0022400550: month must be in 1..12, not 0
2026-02-01 14:40:51,747 - WARNING - ⚠️ Could not extract date from 0022400551: month must be in 1..12, not 0
2026-02-01 14:40:51,747 - WARNING - ⚠️ Could not extract date from 0022400552: month must be in 1..12, not 0
2026-02-01 14:40:51,748 - WARNING - ⚠️ Could not extract date from 0022400553: month must be in 1..12, not 0
2026-02-01 14:40:51,748 - WARNING - ⚠️ Could not extract date from 0022400554: month must be in 1..12, not 0
2026-02-01 14:40:51,748 - WARNING - ⚠️ Could not extract date from 0022400555: month must be in 1..12, not 0
2026-02-01 14:40:51,748 - WARNING - ⚠️ Could not extract date from 0022400556: month must be in 1..12, not 0
2026-02-01 14:40:51,748 - WARNING - ⚠️ Could not extract date from 0022400557: month must be in 1..12, not 0
2026-02-01 14:40:51,748 - WARNING - ⚠️ Could not extract date from 0022400558: month must be in 1..12, not 0
2026-02-01 14:40:51,748 - WARNING - ⚠️ Could not extract date from 0022400559: month must be in 1..12, not 0
2026-02-01 14:40:51,748 - WARNING - ⚠️ Could not extract date from 0022400560: month must be in 1..12, not 0
2026-02-01 14:40:51,748 - WARNING - ⚠️ Could not extract date from 0022400561: month must be in 1..12, not 0
2026-02-01 14:40:51,748 - WARNING - ⚠️ Could not extract date from 0022400562: month must be in 1..12, not 0
2026-02-01 14:40:51,748 - WARNING - ⚠️ Could not extract date from 0022400563: month must be in 1..12, not 0
2026-02-01 14:40:51,748 - WARNING - ⚠️ Could not extract date from 0022400564: month must be in 1..12, not 0
2026-02-01 14:40:51,748 - WARNING - ⚠️ Could not extract date from 0022400565: month must be in 1..12, not 0
2026-02-01 14:40:51,748 - WARNING - ⚠️ Could not extract date from 0022400566: month must be in 1..12, not 0
2026-02-01 14:40:51,749 - WARNING - ⚠️ Could not extract date from 0022400567: month must be in 1..12, not 0
2026-02-01 14:40:51,749 - WARNING - ⚠️ Could not extract date from 0022400568: month must be in 1..12, not 0
2026-02-01 14:40:51,749 - WARNING - ⚠️ Could not extract date from 0022400569: month must be in 1..12, not 0
2026-02-01 14:40:51,749 - WARNING - ⚠️ Could not extract date from 0022400570: month must be in 1..12, not 0
2026-02-01 14:40:51,749 - WARNING - ⚠️ Could not extract date from 0022400571: month must be in 1..12, not 0
2026-02-01 14:40:51,749 - WARNING - ⚠️ Could not extract date from 0022400572: month must be in 1..12, not 0
2026-02-01 14:40:51,749 - WARNING - ⚠️ Could not extract date from 0022400573: month must be in 1..12, not 0
2026-02-01 14:40:51,749 - WARNING - ⚠️ Could not extract date from 0022400574: month must be in 1..12, not 0
2026-02-01 14:40:51,749 - WARNING - ⚠️ Could not extract date from 0022400575: month must be in 1..12, not 0
2026-02-01 14:40:51,749 - WARNING - ⚠️ Could not extract date from 0022400576: month must be in 1..12, not 0
2026-02-01 14:40:51,749 - WARNING - ⚠️ Could not extract date from 0022400577: month must be in 1..12, not 0
2026-02-01 14:40:51,749 - WARNING - ⚠️ Could not extract date from 0022400578: month must be in 1..12, not 0
2026-02-01 14:40:51,750 - WARNING - ⚠️ Could not extract date from 0022400579: month must be in 1..12, not 0
2026-02-01 14:40:51,750 - WARNING - ⚠️ Could not extract date from 0022400580: month must be in 1..12, not 0
2026-02-01 14:40:51,750 - WARNING - ⚠️ Could not extract date from 0022400581: month must be in 1..12, not 0
2026-02-01 14:40:51,750 - WARNING - ⚠️ Could not extract date from 0022400582: month must be in 1..12, not 0
2026-02-01 14:40:51,750 - WARNING - ⚠️ Could not extract date from 0022400583: month must be in 1..12, not 0
2026-02-01 14:40:51,750 - WARNING - ⚠️ Could not extract date from 0022400584: month must be in 1..12, not 0
2026-02-01 14:40:51,750 - WARNING - ⚠️ Could not extract date from 0022400585: month must be in 1..12, not 0
2026-02-01 14:40:51,750 - WARNING - ⚠️ Could not extract date from 0022400586: month must be in 1..12, not 0
2026-02-01 14:40:51,750 - WARNING - ⚠️ Could not extract date from 0022400587: month must be in 1..12, not 0
2026-02-01 14:40:51,750 - WARNING - ⚠️ Could not extract date from 0022400588: month must be in 1..12, not 0
2026-02-01 14:40:51,750 - WARNING - ⚠️ Could not extract date from 0022400589: month must be in 1..12, not 0
2026-02-01 14:40:51,750 - WARNING - ⚠️ Could not extract date from 0022400590: month must be in 1..12, not 0
2026-02-01 14:40:51,750 - WARNING - ⚠️ Could not extract date from 0022400591: month must be in 1..12, not 0
2026-02-01 14:40:51,751 - WARNING - ⚠️ Could not extract date from 0022400592: month must be in 1..12, not 0
2026-02-01 14:40:51,751 - WARNING - ⚠️ Could not extract date from 0022400593: month must be in 1..12, not 0
2026-02-01 14:40:51,751 - WARNING - ⚠️ Could not extract date from 0022400594: month must be in 1..12, not 0
2026-02-01 14:40:51,751 - WARNING - ⚠️ Could not extract date from 0022400595: month must be in 1..12, not 0
2026-02-01 14:40:51,751 - WARNING - ⚠️ Could not extract date from 0022400596: month must be in 1..12, not 0
2026-02-01 14:40:51,751 - WARNING - ⚠️ Could not extract date from 0022400597: month must be in 1..12, not 0
2026-02-01 14:40:51,751 - WARNING - ⚠️ Could not extract date from 0022400598: month must be in 1..12, not 0
2026-02-01 14:40:51,751 - WARNING - ⚠️ Could not extract date from 0022400599: month must be in 1..12, not 0
2026-02-01 14:40:51,751 - WARNING - ⚠️ Could not extract date from 0022400600: month must be in 1..12, not 0
2026-02-01 14:40:51,751 - WARNING - ⚠️ Could not extract date from 0022400601: month must be in 1..12, not 0
2026-02-01 14:40:51,751 - WARNING - ⚠️ Could not extract date from 0022400602: month must be in 1..12, not 0
2026-02-01 14:40:51,751 - WARNING - ⚠️ Could not extract date from 0022400603: month must be in 1..12, not 0
2026-02-01 14:40:51,751 - WARNING - ⚠️ Could not extract date from 0022400604: month must be in 1..12, not 0
2026-02-01 14:40:51,752 - WARNING - ⚠️ Could not extract date from 0022400605: month must be in 1..12, not 0
2026-02-01 14:40:51,752 - WARNING - ⚠️ Could not extract date from 0022400606: month must be in 1..12, not 0
2026-02-01 14:40:51,752 - WARNING - ⚠️ Could not extract date from 0022400607: month must be in 1..12, not 0
2026-02-01 14:40:51,752 - WARNING - ⚠️ Could not extract date from 0022400608: month must be in 1..12, not 0
2026-02-01 14:40:51,752 - WARNING - ⚠️ Could not extract date from 0022400609: month must be in 1..12, not 0
2026-02-01 14:40:51,752 - WARNING - ⚠️ Could not extract date from 0022400610: month must be in 1..12, not 0
2026-02-01 14:40:51,752 - WARNING - ⚠️ Could not extract date from 0022400611: month must be in 1..12, not 0
2026-02-01 14:40:51,752 - WARNING - ⚠️ Could not extract date from 0022400612: month must be in 1..12, not 0
2026-02-01 14:40:51,752 - WARNING - ⚠️ Could not extract date from 0022400613: month must be in 1..12, not 0
2026-02-01 14:40:51,752 - WARNING - ⚠️ Could not extract date from 0022400614: month must be in 1..12, not 0
2026-02-01 14:40:51,752 - WARNING - ⚠️ Could not extract date from 0022400615: month must be in 1..12, not 0
2026-02-01 14:40:51,752 - WARNING - ⚠️ Could not extract date from 0022400616: month must be in 1..12, not 0
2026-02-01 14:40:51,752 - WARNING - ⚠️ Could not extract date from 0022400617: month must be in 1..12, not 0
2026-02-01 14:40:51,752 - WARNING - ⚠️ Could not extract date from 0022400618: month must be in 1..12, not 0
2026-02-01 14:40:51,752 - WARNING - ⚠️ Could not extract date from 0022400619: month must be in 1..12, not 0
2026-02-01 14:40:51,752 - WARNING - ⚠️ Could not extract date from 0022400620: month must be in 1..12, not 0
2026-02-01 14:40:51,752 - WARNING - ⚠️ Could not extract date from 0022400621: month must be in 1..12, not 0
2026-02-01 14:40:51,753 - WARNING - ⚠️ Could not extract date from 0022400622: month must be in 1..12, not 0
2026-02-01 14:40:51,753 - WARNING - ⚠️ Could not extract date from 0022400623: month must be in 1..12, not 0
2026-02-01 14:40:51,753 - WARNING - ⚠️ Could not extract date from 0022400624: month must be in 1..12, not 0
2026-02-01 14:40:51,753 - WARNING - ⚠️ Could not extract date from 0022400625: month must be in 1..12, not 0
2026-02-01 14:40:51,753 - WARNING - ⚠️ Could not extract date from 0022400626: month must be in 1..12, not 0
2026-02-01 14:40:51,753 - WARNING - ⚠️ Could not extract date from 0022400627: month must be in 1..12, not 0
2026-02-01 14:40:51,753 - WARNING - ⚠️ Could not extract date from 0022400628: month must be in 1..12, not 0
2026-02-01 14:40:51,753 - WARNING - ⚠️ Could not extract date from 0022400629: month must be in 1..12, not 0
2026-02-01 14:40:51,753 - WARNING - ⚠️ Could not extract date from 0022400630: month must be in 1..12, not 0
2026-02-01 14:40:51,753 - WARNING - ⚠️ Could not extract date from 0022400631: month must be in 1..12, not 0
2026-02-01 14:40:51,753 - WARNING - ⚠️ Could not extract date from 0022400632: month must be in 1..12, not 0
2026-02-01 14:40:51,753 - WARNING - ⚠️ Could not extract date from 0022400633: month must be in 1..12, not 0
2026-02-01 14:40:51,753 - WARNING - ⚠️ Could not extract date from 0022400634: month must be in 1..12, not 0
2026-02-01 14:40:51,753 - WARNING - ⚠️ Could not extract date from 0022400635: month must be in 1..12, not 0
2026-02-01 14:40:51,753 - WARNING - ⚠️ Could not extract date from 0022400636: month must be in 1..12, not 0
2026-02-01 14:40:51,753 - WARNING - ⚠️ Could not extract date from 0022400637: month must be in 1..12, not 0
2026-02-01 14:40:51,753 - WARNING - ⚠️ Could not extract date from 0022400638: month must be in 1..12, not 0
2026-02-01 14:40:51,753 - WARNING - ⚠️ Could not extract date from 0022400639: month must be in 1..12, not 0
2026-02-01 14:40:51,753 - WARNING - ⚠️ Could not extract date from 0022400640: month must be in 1..12, not 0
2026-02-01 14:40:51,753 - WARNING - ⚠️ Could not extract date from 0022400641: month must be in 1..12, not 0
2026-02-01 14:40:51,753 - WARNING - ⚠️ Could not extract date from 0022400642: month must be in 1..12, not 0
2026-02-01 14:40:51,753 - WARNING - ⚠️ Could not extract date from 0022400643: month must be in 1..12, not 0
2026-02-01 14:40:51,753 - WARNING - ⚠️ Could not extract date from 0022400644: month must be in 1..12, not 0
2026-02-01 14:40:51,754 - WARNING - ⚠️ Could not extract date from 0022400645: month must be in 1..12, not 0
2026-02-01 14:40:51,754 - WARNING - ⚠️ Could not extract date from 0022400646: month must be in 1..12, not 0
2026-02-01 14:40:51,754 - WARNING - ⚠️ Could not extract date from 0022400647: month must be in 1..12, not 0
2026-02-01 14:40:51,754 - WARNING - ⚠️ Could not extract date from 0022400648: month must be in 1..12, not 0
2026-02-01 14:40:51,754 - WARNING - ⚠️ Could not extract date from 0022400649: month must be in 1..12, not 0
2026-02-01 14:40:51,754 - WARNING - ⚠️ Could not extract date from 0022400650: month must be in 1..12, not 0
2026-02-01 14:40:51,754 - WARNING - ⚠️ Could not extract date from 0022400651: month must be in 1..12, not 0
2026-02-01 14:40:51,754 - WARNING - ⚠️ Could not extract date from 0022400652: month must be in 1..12, not 0
2026-02-01 14:40:51,754 - WARNING - ⚠️ Could not extract date from 0022400653: month must be in 1..12, not 0
2026-02-01 14:40:51,754 - WARNING - ⚠️ Could not extract date from 0022400654: month must be in 1..12, not 0
2026-02-01 14:40:51,754 - WARNING - ⚠️ Could not extract date from 0022400655: month must be in 1..12, not 0
2026-02-01 14:40:51,754 - WARNING - ⚠️ Could not extract date from 0022400656: month must be in 1..12, not 0
2026-02-01 14:40:51,754 - WARNING - ⚠️ Could not extract date from 0022400657: month must be in 1..12, not 0
2026-02-01 14:40:51,754 - WARNING - ⚠️ Could not extract date from 0022400658: month must be in 1..12, not 0
2026-02-01 14:40:51,754 - WARNING - ⚠️ Could not extract date from 0022400659: month must be in 1..12, not 0
2026-02-01 14:40:51,754 - WARNING - ⚠️ Could not extract date from 0022400660: month must be in 1..12, not 0
2026-02-01 14:40:51,754 - WARNING - ⚠️ Could not extract date from 0022400661: month must be in 1..12, not 0
2026-02-01 14:40:51,754 - WARNING - ⚠️ Could not extract date from 0022400662: month must be in 1..12, not 0
2026-02-01 14:40:51,754 - WARNING - ⚠️ Could not extract date from 0022400663: month must be in 1..12, not 0
2026-02-01 14:40:51,754 - WARNING - ⚠️ Could not extract date from 0022400664: month must be in 1..12, not 0
2026-02-01 14:40:51,755 - WARNING - ⚠️ Could not extract date from 0022400665: month must be in 1..12, not 0
2026-02-01 14:40:51,755 - WARNING - ⚠️ Could not extract date from 0022400666: month must be in 1..12, not 0
2026-02-01 14:40:51,755 - WARNING - ⚠️ Could not extract date from 0022400667: month must be in 1..12, not 0
2026-02-01 14:40:51,755 - WARNING - ⚠️ Could not extract date from 0022400668: month must be in 1..12, not 0
2026-02-01 14:40:51,755 - WARNING - ⚠️ Could not extract date from 0022400669: month must be in 1..12, not 0
2026-02-01 14:40:51,755 - WARNING - ⚠️ Could not extract date from 0022400670: month must be in 1..12, not 0
2026-02-01 14:40:51,755 - WARNING - ⚠️ Could not extract date from 0022400671: month must be in 1..12, not 0
2026-02-01 14:40:51,755 - WARNING - ⚠️ Could not extract date from 0022400672: month must be in 1..12, not 0
2026-02-01 14:40:51,755 - WARNING - ⚠️ Could not extract date from 0022400673: month must be in 1..12, not 0
2026-02-01 14:40:51,755 - WARNING - ⚠️ Could not extract date from 0022400674: month must be in 1..12, not 0
2026-02-01 14:40:51,755 - WARNING - ⚠️ Could not extract date from 0022400675: month must be in 1..12, not 0
2026-02-01 14:40:51,755 - WARNING - ⚠️ Could not extract date from 0022400676: month must be in 1..12, not 0
2026-02-01 14:40:51,755 - WARNING - ⚠️ Could not extract date from 0022400677: month must be in 1..12, not 0
2026-02-01 14:40:51,755 - WARNING - ⚠️ Could not extract date from 0022400678: month must be in 1..12, not 0
2026-02-01 14:40:51,755 - WARNING - ⚠️ Could not extract date from 0022400679: month must be in 1..12, not 0
2026-02-01 14:40:51,755 - WARNING - ⚠️ Could not extract date from 0022400680: month must be in 1..12, not 0
2026-02-01 14:40:51,755 - WARNING - ⚠️ Could not extract date from 0022400681: month must be in 1..12, not 0
2026-02-01 14:40:51,755 - WARNING - ⚠️ Could not extract date from 0022400682: month must be in 1..12, not 0
2026-02-01 14:40:51,755 - WARNING - ⚠️ Could not extract date from 0022400683: month must be in 1..12, not 0
2026-02-01 14:40:51,755 - WARNING - ⚠️ Could not extract date from 0022400684: month must be in 1..12, not 0
2026-02-01 14:40:51,755 - WARNING - ⚠️ Could not extract date from 0022400685: month must be in 1..12, not 0
2026-02-01 14:40:51,756 - WARNING - ⚠️ Could not extract date from 0022400686: month must be in 1..12, not 0
2026-02-01 14:40:51,756 - WARNING - ⚠️ Could not extract date from 0022400687: month must be in 1..12, not 0
2026-02-01 14:40:51,756 - WARNING - ⚠️ Could not extract date from 0022400688: month must be in 1..12, not 0
2026-02-01 14:40:51,756 - WARNING - ⚠️ Could not extract date from 0022400689: month must be in 1..12, not 0
2026-02-01 14:40:51,756 - WARNING - ⚠️ Could not extract date from 0022400690: month must be in 1..12, not 0
2026-02-01 14:40:51,756 - WARNING - ⚠️ Could not extract date from 0022400691: month must be in 1..12, not 0
2026-02-01 14:40:51,756 - WARNING - ⚠️ Could not extract date from 0022400692: month must be in 1..12, not 0
2026-02-01 14:40:51,756 - WARNING - ⚠️ Could not extract date from 0022400693: month must be in 1..12, not 0
2026-02-01 14:40:51,756 - WARNING - ⚠️ Could not extract date from 0022400694: month must be in 1..12, not 0
2026-02-01 14:40:51,756 - WARNING - ⚠️ Could not extract date from 0022400695: month must be in 1..12, not 0
2026-02-01 14:40:51,756 - WARNING - ⚠️ Could not extract date from 0022400696: month must be in 1..12, not 0
2026-02-01 14:40:51,756 - WARNING - ⚠️ Could not extract date from 0022400697: month must be in 1..12, not 0
2026-02-01 14:40:51,756 - WARNING - ⚠️ Could not extract date from 0022400698: month must be in 1..12, not 0
2026-02-01 14:40:51,756 - WARNING - ⚠️ Could not extract date from 0022400699: month must be in 1..12, not 0
2026-02-01 14:40:51,756 - WARNING - ⚠️ Could not extract date from 0022400700: month must be in 1..12, not 0
2026-02-01 14:40:51,756 - WARNING - ⚠️ Could not extract date from 0022400701: month must be in 1..12, not 0
2026-02-01 14:40:51,756 - WARNING - ⚠️ Could not extract date from 0022400702: month must be in 1..12, not 0
2026-02-01 14:40:51,756 - WARNING - ⚠️ Could not extract date from 0022400703: month must be in 1..12, not 0
2026-02-01 14:40:51,756 - WARNING - ⚠️ Could not extract date from 0022400704: month must be in 1..12, not 0
2026-02-01 14:40:51,756 - WARNING - ⚠️ Could not extract date from 0022400705: month must be in 1..12, not 0
2026-02-01 14:40:51,756 - WARNING - ⚠️ Could not extract date from 0022400706: month must be in 1..12, not 0
2026-02-01 14:40:51,756 - WARNING - ⚠️ Could not extract date from 0022400707: month must be in 1..12, not 0
2026-02-01 14:40:51,757 - WARNING - ⚠️ Could not extract date from 0022400708: month must be in 1..12, not 0
2026-02-01 14:40:51,757 - WARNING - ⚠️ Could not extract date from 0022400709: month must be in 1..12, not 0
2026-02-01 14:40:51,757 - WARNING - ⚠️ Could not extract date from 0022400710: month must be in 1..12, not 0
2026-02-01 14:40:51,757 - WARNING - ⚠️ Could not extract date from 0022400711: month must be in 1..12, not 0
2026-02-01 14:40:51,757 - WARNING - ⚠️ Could not extract date from 0022400712: month must be in 1..12, not 0
2026-02-01 14:40:51,757 - WARNING - ⚠️ Could not extract date from 0022400713: month must be in 1..12, not 0
2026-02-01 14:40:51,757 - WARNING - ⚠️ Could not extract date from 0022400714: month must be in 1..12, not 0
2026-02-01 14:40:51,757 - WARNING - ⚠️ Could not extract date from 0022400715: month must be in 1..12, not 0
2026-02-01 14:40:51,757 - WARNING - ⚠️ Could not extract date from 0022400716: month must be in 1..12, not 0
2026-02-01 14:40:51,757 - WARNING - ⚠️ Could not extract date from 0022400717: month must be in 1..12, not 0
2026-02-01 14:40:51,757 - WARNING - ⚠️ Could not extract date from 0022400718: month must be in 1..12, not 0
2026-02-01 14:40:51,757 - WARNING - ⚠️ Could not extract date from 0022400719: month must be in 1..12, not 0
2026-02-01 14:40:51,757 - WARNING - ⚠️ Could not extract date from 0022400720: month must be in 1..12, not 0
2026-02-01 14:40:51,757 - WARNING - ⚠️ Could not extract date from 0022400721: month must be in 1..12, not 0
2026-02-01 14:40:51,757 - WARNING - ⚠️ Could not extract date from 0022400722: month must be in 1..12, not 0
2026-02-01 14:40:51,757 - WARNING - ⚠️ Could not extract date from 0022400723: month must be in 1..12, not 0
2026-02-01 14:40:51,757 - WARNING - ⚠️ Could not extract date from 0022400724: month must be in 1..12, not 0
2026-02-01 14:40:51,757 - WARNING - ⚠️ Could not extract date from 0022400725: month must be in 1..12, not 0
2026-02-01 14:40:51,757 - WARNING - ⚠️ Could not extract date from 0022400726: month must be in 1..12, not 0
2026-02-01 14:40:51,757 - WARNING - ⚠️ Could not extract date from 0022400727: month must be in 1..12, not 0
2026-02-01 14:40:51,757 - WARNING - ⚠️ Could not extract date from 0022400728: month must be in 1..12, not 0
2026-02-01 14:40:51,757 - WARNING - ⚠️ Could not extract date from 0022400729: month must be in 1..12, not 0
2026-02-01 14:40:51,758 - WARNING - ⚠️ Could not extract date from 0022400730: month must be in 1..12, not 0
2026-02-01 14:40:51,758 - WARNING - ⚠️ Could not extract date from 0022400731: month must be in 1..12, not 0
2026-02-01 14:40:51,758 - WARNING - ⚠️ Could not extract date from 0022400732: month must be in 1..12, not 0
2026-02-01 14:40:51,758 - WARNING - ⚠️ Could not extract date from 0022400733: month must be in 1..12, not 0
2026-02-01 14:40:51,758 - WARNING - ⚠️ Could not extract date from 0022400734: month must be in 1..12, not 0
2026-02-01 14:40:51,758 - WARNING - ⚠️ Could not extract date from 0022400735: month must be in 1..12, not 0
2026-02-01 14:40:51,758 - WARNING - ⚠️ Could not extract date from 0022400736: month must be in 1..12, not 0
2026-02-01 14:40:51,758 - WARNING - ⚠️ Could not extract date from 0022400737: month must be in 1..12, not 0
2026-02-01 14:40:51,758 - WARNING - ⚠️ Could not extract date from 0022400738: month must be in 1..12, not 0
2026-02-01 14:40:51,758 - WARNING - ⚠️ Could not extract date from 0022400739: month must be in 1..12, not 0
2026-02-01 14:40:51,758 - WARNING - ⚠️ Could not extract date from 0022400740: month must be in 1..12, not 0
2026-02-01 14:40:51,758 - WARNING - ⚠️ Could not extract date from 0022400741: month must be in 1..12, not 0
2026-02-01 14:40:51,758 - WARNING - ⚠️ Could not extract date from 0022400742: month must be in 1..12, not 0
2026-02-01 14:40:51,758 - WARNING - ⚠️ Could not extract date from 0022400743: month must be in 1..12, not 0
2026-02-01 14:40:51,758 - WARNING - ⚠️ Could not extract date from 0022400744: month must be in 1..12, not 0
2026-02-01 14:40:51,758 - WARNING - ⚠️ Could not extract date from 0022400745: month must be in 1..12, not 0
2026-02-01 14:40:51,758 - WARNING - ⚠️ Could not extract date from 0022400746: month must be in 1..12, not 0
2026-02-01 14:40:51,758 - WARNING - ⚠️ Could not extract date from 0022400747: month must be in 1..12, not 0
2026-02-01 14:40:51,758 - WARNING - ⚠️ Could not extract date from 0022400748: month must be in 1..12, not 0
2026-02-01 14:40:51,759 - WARNING - ⚠️ Could not extract date from 0022400749: month must be in 1..12, not 0
2026-02-01 14:40:51,759 - WARNING - ⚠️ Could not extract date from 0022400750: month must be in 1..12, not 0
2026-02-01 14:40:51,759 - WARNING - ⚠️ Could not extract date from 0022400751: month must be in 1..12, not 0
2026-02-01 14:40:51,759 - WARNING - ⚠️ Could not extract date from 0022400752: month must be in 1..12, not 0
2026-02-01 14:40:51,759 - WARNING - ⚠️ Could not extract date from 0022400753: month must be in 1..12, not 0
2026-02-01 14:40:51,759 - WARNING - ⚠️ Could not extract date from 0022400754: month must be in 1..12, not 0
2026-02-01 14:40:51,759 - WARNING - ⚠️ Could not extract date from 0022400755: month must be in 1..12, not 0
2026-02-01 14:40:51,759 - WARNING - ⚠️ Could not extract date from 0022400756: month must be in 1..12, not 0
2026-02-01 14:40:51,759 - WARNING - ⚠️ Could not extract date from 0022400757: month must be in 1..12, not 0
2026-02-01 14:40:51,759 - WARNING - ⚠️ Could not extract date from 0022400758: month must be in 1..12, not 0
2026-02-01 14:40:51,759 - WARNING - ⚠️ Could not extract date from 0022400759: month must be in 1..12, not 0
2026-02-01 14:40:51,759 - WARNING - ⚠️ Could not extract date from 0022400760: month must be in 1..12, not 0
2026-02-01 14:40:51,759 - WARNING - ⚠️ Could not extract date from 0022400761: month must be in 1..12, not 0
2026-02-01 14:40:51,759 - WARNING - ⚠️ Could not extract date from 0022400762: month must be in 1..12, not 0
2026-02-01 14:40:51,759 - WARNING - ⚠️ Could not extract date from 0022400763: month must be in 1..12, not 0
2026-02-01 14:40:51,759 - WARNING - ⚠️ Could not extract date from 0022400764: month must be in 1..12, not 0
2026-02-01 14:40:51,759 - WARNING - ⚠️ Could not extract date from 0022400765: month must be in 1..12, not 0
2026-02-01 14:40:51,759 - WARNING - ⚠️ Could not extract date from 0022400766: month must be in 1..12, not 0
2026-02-01 14:40:51,759 - WARNING - ⚠️ Could not extract date from 0022400767: month must be in 1..12, not 0
2026-02-01 14:40:51,760 - WARNING - ⚠️ Could not extract date from 0022400768: month must be in 1..12, not 0
2026-02-01 14:40:51,760 - WARNING - ⚠️ Could not extract date from 0022400769: month must be in 1..12, not 0
2026-02-01 14:40:51,760 - WARNING - ⚠️ Could not extract date from 0022400770: month must be in 1..12, not 0
2026-02-01 14:40:51,760 - WARNING - ⚠️ Could not extract date from 0022400771: month must be in 1..12, not 0
2026-02-01 14:40:51,760 - WARNING - ⚠️ Could not extract date from 0022400772: month must be in 1..12, not 0
2026-02-01 14:40:51,760 - WARNING - ⚠️ Could not extract date from 0022400773: month must be in 1..12, not 0
2026-02-01 14:40:51,760 - WARNING - ⚠️ Could not extract date from 0022400774: month must be in 1..12, not 0
2026-02-01 14:40:51,760 - WARNING - ⚠️ Could not extract date from 0022400775: month must be in 1..12, not 0
2026-02-01 14:40:51,760 - WARNING - ⚠️ Could not extract date from 0022400776: month must be in 1..12, not 0
2026-02-01 14:40:51,760 - WARNING - ⚠️ Could not extract date from 0022400777: month must be in 1..12, not 0
2026-02-01 14:40:51,760 - WARNING - ⚠️ Could not extract date from 0022400778: month must be in 1..12, not 0
2026-02-01 14:40:51,760 - WARNING - ⚠️ Could not extract date from 0022400779: month must be in 1..12, not 0
2026-02-01 14:40:51,760 - WARNING - ⚠️ Could not extract date from 0022400780: month must be in 1..12, not 0
2026-02-01 14:40:51,762 - WARNING - ⚠️ Could not extract date from 0022400781: month must be in 1..12, not 0
2026-02-01 14:40:51,762 - WARNING - ⚠️ Could not extract date from 0022400782: month must be in 1..12, not 0
2026-02-01 14:40:51,762 - WARNING - ⚠️ Could not extract date from 0022400783: month must be in 1..12, not 0
2026-02-01 14:40:51,762 - WARNING - ⚠️ Could not extract date from 0022400784: month must be in 1..12, not 0
2026-02-01 14:40:51,762 - WARNING - ⚠️ Could not extract date from 0022400785: month must be in 1..12, not 0
2026-02-01 14:40:51,762 - WARNING - ⚠️ Could not extract date from 0022400786: month must be in 1..12, not 0
2026-02-01 14:40:51,763 - WARNING - ⚠️ Could not extract date from 0022400787: month must be in 1..12, not 0
2026-02-01 14:40:51,763 - WARNING - ⚠️ Could not extract date from 0022400788: month must be in 1..12, not 0
2026-02-01 14:40:51,763 - WARNING - ⚠️ Could not extract date from 0022400789: month must be in 1..12, not 0
2026-02-01 14:40:51,763 - WARNING - ⚠️ Could not extract date from 0022400790: month must be in 1..12, not 0
2026-02-01 14:40:51,763 - WARNING - ⚠️ Could not extract date from 0022400791: month must be in 1..12, not 0
2026-02-01 14:40:51,763 - WARNING - ⚠️ Could not extract date from 0022400792: month must be in 1..12, not 0
2026-02-01 14:40:51,763 - WARNING - ⚠️ Could not extract date from 0022400793: month must be in 1..12, not 0
2026-02-01 14:40:51,763 - WARNING - ⚠️ Could not extract date from 0022400794: month must be in 1..12, not 0
2026-02-01 14:40:51,763 - WARNING - ⚠️ Could not extract date from 0022400795: month must be in 1..12, not 0
2026-02-01 14:40:51,763 - WARNING - ⚠️ Could not extract date from 0022400796: month must be in 1..12, not 0
2026-02-01 14:40:51,763 - WARNING - ⚠️ Could not extract date from 0022400797: month must be in 1..12, not 0
2026-02-01 14:40:51,763 - WARNING - ⚠️ Could not extract date from 0022400798: month must be in 1..12, not 0
2026-02-01 14:40:51,763 - WARNING - ⚠️ Could not extract date from 0022400799: month must be in 1..12, not 0
2026-02-01 14:40:51,763 - WARNING - ⚠️ Could not extract date from 0022400800: month must be in 1..12, not 0
2026-02-01 14:40:51,763 - WARNING - ⚠️ Could not extract date from 0022400801: month must be in 1..12, not 0
2026-02-01 14:40:51,763 - WARNING - ⚠️ Could not extract date from 0022400802: month must be in 1..12, not 0
2026-02-01 14:40:51,764 - WARNING - ⚠️ Could not extract date from 0022400803: month must be in 1..12, not 0
2026-02-01 14:40:51,764 - WARNING - ⚠️ Could not extract date from 0022400804: month must be in 1..12, not 0
2026-02-01 14:40:51,764 - WARNING - ⚠️ Could not extract date from 0022400805: month must be in 1..12, not 0
2026-02-01 14:40:51,764 - WARNING - ⚠️ Could not extract date from 0022400806: month must be in 1..12, not 0
2026-02-01 14:40:51,764 - WARNING - ⚠️ Could not extract date from 0022400807: month must be in 1..12, not 0
2026-02-01 14:40:51,764 - WARNING - ⚠️ Could not extract date from 0022400808: month must be in 1..12, not 0
2026-02-01 14:40:51,764 - WARNING - ⚠️ Could not extract date from 0022400809: month must be in 1..12, not 0
2026-02-01 14:40:51,764 - WARNING - ⚠️ Could not extract date from 0022400810: month must be in 1..12, not 0
2026-02-01 14:40:51,764 - WARNING - ⚠️ Could not extract date from 0022400811: month must be in 1..12, not 0
2026-02-01 14:40:51,764 - WARNING - ⚠️ Could not extract date from 0022400812: month must be in 1..12, not 0
2026-02-01 14:40:51,764 - WARNING - ⚠️ Could not extract date from 0022400813: month must be in 1..12, not 0
2026-02-01 14:40:51,764 - WARNING - ⚠️ Could not extract date from 0022400814: month must be in 1..12, not 0
2026-02-01 14:40:51,764 - WARNING - ⚠️ Could not extract date from 0022400815: month must be in 1..12, not 0
2026-02-01 14:40:51,764 - WARNING - ⚠️ Could not extract date from 0022400816: month must be in 1..12, not 0
2026-02-01 14:40:51,764 - WARNING - ⚠️ Could not extract date from 0022400817: month must be in 1..12, not 0
2026-02-01 14:40:51,764 - WARNING - ⚠️ Could not extract date from 0022400818: month must be in 1..12, not 0
2026-02-01 14:40:51,764 - WARNING - ⚠️ Could not extract date from 0022400819: month must be in 1..12, not 0
2026-02-01 14:40:51,764 - WARNING - ⚠️ Could not extract date from 0022400820: month must be in 1..12, not 0
2026-02-01 14:40:51,764 - WARNING - ⚠️ Could not extract date from 0022400821: month must be in 1..12, not 0
2026-02-01 14:40:51,765 - WARNING - ⚠️ Could not extract date from 0022400822: month must be in 1..12, not 0
2026-02-01 14:40:51,765 - WARNING - ⚠️ Could not extract date from 0022400823: month must be in 1..12, not 0
2026-02-01 14:40:51,765 - WARNING - ⚠️ Could not extract date from 0022400824: month must be in 1..12, not 0
2026-02-01 14:40:51,765 - WARNING - ⚠️ Could not extract date from 0022400825: month must be in 1..12, not 0
2026-02-01 14:40:51,765 - WARNING - ⚠️ Could not extract date from 0022400826: month must be in 1..12, not 0
2026-02-01 14:40:51,765 - WARNING - ⚠️ Could not extract date from 0022400827: month must be in 1..12, not 0
2026-02-01 14:40:51,765 - WARNING - ⚠️ Could not extract date from 0022400828: month must be in 1..12, not 0
2026-02-01 14:40:51,765 - WARNING - ⚠️ Could not extract date from 0022400829: month must be in 1..12, not 0
2026-02-01 14:40:51,765 - WARNING - ⚠️ Could not extract date from 0022400830: month must be in 1..12, not 0
2026-02-01 14:40:51,765 - WARNING - ⚠️ Could not extract date from 0022400831: month must be in 1..12, not 0
2026-02-01 14:40:51,765 - WARNING - ⚠️ Could not extract date from 0022400832: month must be in 1..12, not 0
2026-02-01 14:40:51,766 - WARNING - ⚠️ Could not extract date from 0022400833: month must be in 1..12, not 0
2026-02-01 14:40:51,766 - WARNING - ⚠️ Could not extract date from 0022400834: month must be in 1..12, not 0
2026-02-01 14:40:51,766 - WARNING - ⚠️ Could not extract date from 0022400835: month must be in 1..12, not 0
2026-02-01 14:40:51,766 - WARNING - ⚠️ Could not extract date from 0022400836: month must be in 1..12, not 0
2026-02-01 14:40:51,766 - WARNING - ⚠️ Could not extract date from 0022400837: month must be in 1..12, not 0
2026-02-01 14:40:51,766 - WARNING - ⚠️ Could not extract date from 0022400838: month must be in 1..12, not 0
2026-02-01 14:40:51,766 - WARNING - ⚠️ Could not extract date from 0022400839: month must be in 1..12, not 0
2026-02-01 14:40:51,766 - WARNING - ⚠️ Could not extract date from 0022400840: month must be in 1..12, not 0
2026-02-01 14:40:51,766 - WARNING - ⚠️ Could not extract date from 0022400841: month must be in 1..12, not 0
2026-02-01 14:40:51,766 - WARNING - ⚠️ Could not extract date from 0022400842: month must be in 1..12, not 0
2026-02-01 14:40:51,766 - WARNING - ⚠️ Could not extract date from 0022400843: month must be in 1..12, not 0
2026-02-01 14:40:51,766 - WARNING - ⚠️ Could not extract date from 0022400844: month must be in 1..12, not 0
2026-02-01 14:40:51,766 - WARNING - ⚠️ Could not extract date from 0022400845: month must be in 1..12, not 0
2026-02-01 14:40:51,766 - WARNING - ⚠️ Could not extract date from 0022400846: month must be in 1..12, not 0
2026-02-01 14:40:51,766 - WARNING - ⚠️ Could not extract date from 0022400847: month must be in 1..12, not 0
2026-02-01 14:40:51,766 - WARNING - ⚠️ Could not extract date from 0022400848: month must be in 1..12, not 0
2026-02-01 14:40:51,766 - WARNING - ⚠️ Could not extract date from 0022400849: month must be in 1..12, not 0
2026-02-01 14:40:51,766 - WARNING - ⚠️ Could not extract date from 0022400850: month must be in 1..12, not 0
2026-02-01 14:40:51,767 - WARNING - ⚠️ Could not extract date from 0022400851: month must be in 1..12, not 0
2026-02-01 14:40:51,767 - WARNING - ⚠️ Could not extract date from 0022400852: month must be in 1..12, not 0
2026-02-01 14:40:51,767 - WARNING - ⚠️ Could not extract date from 0022400853: month must be in 1..12, not 0
2026-02-01 14:40:51,767 - WARNING - ⚠️ Could not extract date from 0022400854: month must be in 1..12, not 0
2026-02-01 14:40:51,767 - WARNING - ⚠️ Could not extract date from 0022400855: month must be in 1..12, not 0
2026-02-01 14:40:51,767 - WARNING - ⚠️ Could not extract date from 0022400856: month must be in 1..12, not 0
2026-02-01 14:40:51,767 - WARNING - ⚠️ Could not extract date from 0022400857: month must be in 1..12, not 0
2026-02-01 14:40:51,767 - WARNING - ⚠️ Could not extract date from 0022400858: month must be in 1..12, not 0
2026-02-01 14:40:51,767 - WARNING - ⚠️ Could not extract date from 0022400859: month must be in 1..12, not 0
2026-02-01 14:40:51,767 - WARNING - ⚠️ Could not extract date from 0022400860: month must be in 1..12, not 0
2026-02-01 14:40:51,767 - WARNING - ⚠️ Could not extract date from 0022400861: month must be in 1..12, not 0
2026-02-01 14:40:51,767 - WARNING - ⚠️ Could not extract date from 0022400862: month must be in 1..12, not 0
2026-02-01 14:40:51,767 - WARNING - ⚠️ Could not extract date from 0022400863: month must be in 1..12, not 0
2026-02-01 14:40:51,767 - WARNING - ⚠️ Could not extract date from 0022400864: month must be in 1..12, not 0
2026-02-01 14:40:51,767 - WARNING - ⚠️ Could not extract date from 0022400865: month must be in 1..12, not 0
2026-02-01 14:40:51,767 - WARNING - ⚠️ Could not extract date from 0022400866: month must be in 1..12, not 0
2026-02-01 14:40:51,767 - WARNING - ⚠️ Could not extract date from 0022400867: month must be in 1..12, not 0
2026-02-01 14:40:51,767 - WARNING - ⚠️ Could not extract date from 0022400868: month must be in 1..12, not 0
2026-02-01 14:40:51,767 - WARNING - ⚠️ Could not extract date from 0022400869: month must be in 1..12, not 0
2026-02-01 14:40:51,767 - WARNING - ⚠️ Could not extract date from 0022400870: month must be in 1..12, not 0
2026-02-01 14:40:51,767 - WARNING - ⚠️ Could not extract date from 0022400871: month must be in 1..12, not 0
2026-02-01 14:40:51,767 - WARNING - ⚠️ Could not extract date from 0022400872: month must be in 1..12, not 0
2026-02-01 14:40:51,767 - WARNING - ⚠️ Could not extract date from 0022400873: month must be in 1..12, not 0
2026-02-01 14:40:51,768 - WARNING - ⚠️ Could not extract date from 0022400874: month must be in 1..12, not 0
2026-02-01 14:40:51,768 - WARNING - ⚠️ Could not extract date from 0022400875: month must be in 1..12, not 0
2026-02-01 14:40:51,768 - WARNING - ⚠️ Could not extract date from 0022400876: month must be in 1..12, not 0
2026-02-01 14:40:51,768 - WARNING - ⚠️ Could not extract date from 0022400877: month must be in 1..12, not 0
2026-02-01 14:40:51,768 - WARNING - ⚠️ Could not extract date from 0022400878: month must be in 1..12, not 0
2026-02-01 14:40:51,768 - WARNING - ⚠️ Could not extract date from 0022400879: month must be in 1..12, not 0
2026-02-01 14:40:51,768 - WARNING - ⚠️ Could not extract date from 0022400880: month must be in 1..12, not 0
2026-02-01 14:40:51,768 - WARNING - ⚠️ Could not extract date from 0022400881: month must be in 1..12, not 0
2026-02-01 14:40:51,768 - WARNING - ⚠️ Could not extract date from 0022400882: month must be in 1..12, not 0
2026-02-01 14:40:51,768 - WARNING - ⚠️ Could not extract date from 0022400883: month must be in 1..12, not 0
2026-02-01 14:40:51,768 - WARNING - ⚠️ Could not extract date from 0022400884: month must be in 1..12, not 0
2026-02-01 14:40:51,768 - WARNING - ⚠️ Could not extract date from 0022400885: month must be in 1..12, not 0
2026-02-01 14:40:51,768 - WARNING - ⚠️ Could not extract date from 0022400886: month must be in 1..12, not 0
2026-02-01 14:40:51,768 - WARNING - ⚠️ Could not extract date from 0022400887: month must be in 1..12, not 0
2026-02-01 14:40:51,768 - WARNING - ⚠️ Could not extract date from 0022400888: month must be in 1..12, not 0
2026-02-01 14:40:51,768 - WARNING - ⚠️ Could not extract date from 0022400889: month must be in 1..12, not 0
2026-02-01 14:40:51,768 - WARNING - ⚠️ Could not extract date from 0022400890: month must be in 1..12, not 0
2026-02-01 14:40:51,768 - WARNING - ⚠️ Could not extract date from 0022400891: month must be in 1..12, not 0
2026-02-01 14:40:51,768 - WARNING - ⚠️ Could not extract date from 0022400892: month must be in 1..12, not 0
2026-02-01 14:40:51,768 - WARNING - ⚠️ Could not extract date from 0022400893: month must be in 1..12, not 0
2026-02-01 14:40:51,768 - WARNING - ⚠️ Could not extract date from 0022400894: month must be in 1..12, not 0
2026-02-01 14:40:51,768 - WARNING - ⚠️ Could not extract date from 0022400895: month must be in 1..12, not 0
2026-02-01 14:40:51,768 - WARNING - ⚠️ Could not extract date from 0022400896: month must be in 1..12, not 0
2026-02-01 14:40:51,768 - WARNING - ⚠️ Could not extract date from 0022400897: month must be in 1..12, not 0
2026-02-01 14:40:51,768 - WARNING - ⚠️ Could not extract date from 0022400898: month must be in 1..12, not 0
2026-02-01 14:40:51,768 - WARNING - ⚠️ Could not extract date from 0022400899: month must be in 1..12, not 0
2026-02-01 14:40:51,768 - WARNING - ⚠️ Could not extract date from 0022400900: month must be in 1..12, not 0
2026-02-01 14:40:51,769 - WARNING - ⚠️ Could not extract date from 0022400901: month must be in 1..12, not 0
2026-02-01 14:40:51,769 - WARNING - ⚠️ Could not extract date from 0022400902: month must be in 1..12, not 0
2026-02-01 14:40:51,769 - WARNING - ⚠️ Could not extract date from 0022400903: month must be in 1..12, not 0
2026-02-01 14:40:51,769 - WARNING - ⚠️ Could not extract date from 0022400904: month must be in 1..12, not 0
2026-02-01 14:40:51,769 - WARNING - ⚠️ Could not extract date from 0022400905: month must be in 1..12, not 0
2026-02-01 14:40:51,769 - WARNING - ⚠️ Could not extract date from 0022400906: month must be in 1..12, not 0
2026-02-01 14:40:51,769 - WARNING - ⚠️ Could not extract date from 0022400907: month must be in 1..12, not 0
2026-02-01 14:40:51,769 - WARNING - ⚠️ Could not extract date from 0022400908: month must be in 1..12, not 0
2026-02-01 14:40:51,769 - WARNING - ⚠️ Could not extract date from 0022400909: month must be in 1..12, not 0
2026-02-01 14:40:51,769 - WARNING - ⚠️ Could not extract date from 0022400910: month must be in 1..12, not 0
2026-02-01 14:40:51,769 - WARNING - ⚠️ Could not extract date from 0022400911: month must be in 1..12, not 0
2026-02-01 14:40:51,769 - WARNING - ⚠️ Could not extract date from 0022400912: month must be in 1..12, not 0
2026-02-01 14:40:51,769 - WARNING - ⚠️ Could not extract date from 0022400913: month must be in 1..12, not 0
2026-02-01 14:40:51,769 - WARNING - ⚠️ Could not extract date from 0022400914: month must be in 1..12, not 0
2026-02-01 14:40:51,769 - WARNING - ⚠️ Could not extract date from 0022400915: month must be in 1..12, not 0
2026-02-01 14:40:51,769 - WARNING - ⚠️ Could not extract date from 0022400916: month must be in 1..12, not 0
2026-02-01 14:40:51,769 - WARNING - ⚠️ Could not extract date from 0022400917: month must be in 1..12, not 0
2026-02-01 14:40:51,769 - WARNING - ⚠️ Could not extract date from 0022400918: month must be in 1..12, not 0
2026-02-01 14:40:51,769 - WARNING - ⚠️ Could not extract date from 0022400919: month must be in 1..12, not 0
2026-02-01 14:40:51,769 - WARNING - ⚠️ Could not extract date from 0022400920: month must be in 1..12, not 0
2026-02-01 14:40:51,769 - WARNING - ⚠️ Could not extract date from 0022400921: month must be in 1..12, not 0
2026-02-01 14:40:51,769 - WARNING - ⚠️ Could not extract date from 0022400922: month must be in 1..12, not 0
2026-02-01 14:40:51,769 - WARNING - ⚠️ Could not extract date from 0022400923: month must be in 1..12, not 0
2026-02-01 14:40:51,769 - WARNING - ⚠️ Could not extract date from 0022400924: month must be in 1..12, not 0
2026-02-01 14:40:51,769 - WARNING - ⚠️ Could not extract date from 0022400925: month must be in 1..12, not 0
2026-02-01 14:40:51,770 - WARNING - ⚠️ Could not extract date from 0022400926: month must be in 1..12, not 0
2026-02-01 14:40:51,770 - WARNING - ⚠️ Could not extract date from 0022400927: month must be in 1..12, not 0
2026-02-01 14:40:51,770 - WARNING - ⚠️ Could not extract date from 0022400928: month must be in 1..12, not 0
2026-02-01 14:40:51,770 - WARNING - ⚠️ Could not extract date from 0022400929: month must be in 1..12, not 0
2026-02-01 14:40:51,770 - WARNING - ⚠️ Could not extract date from 0022400930: month must be in 1..12, not 0
2026-02-01 14:40:51,770 - WARNING - ⚠️ Could not extract date from 0022400931: month must be in 1..12, not 0
2026-02-01 14:40:51,770 - WARNING - ⚠️ Could not extract date from 0022400932: month must be in 1..12, not 0
2026-02-01 14:40:51,770 - WARNING - ⚠️ Could not extract date from 0022400933: month must be in 1..12, not 0
2026-02-01 14:40:51,770 - WARNING - ⚠️ Could not extract date from 0022400934: month must be in 1..12, not 0
2026-02-01 14:40:51,770 - WARNING - ⚠️ Could not extract date from 0022400935: month must be in 1..12, not 0
2026-02-01 14:40:51,770 - WARNING - ⚠️ Could not extract date from 0022400936: month must be in 1..12, not 0
2026-02-01 14:40:51,770 - WARNING - ⚠️ Could not extract date from 0022400937: month must be in 1..12, not 0
2026-02-01 14:40:51,770 - WARNING - ⚠️ Could not extract date from 0022400938: month must be in 1..12, not 0
2026-02-01 14:40:51,770 - WARNING - ⚠️ Could not extract date from 0022400939: month must be in 1..12, not 0
2026-02-01 14:40:51,770 - WARNING - ⚠️ Could not extract date from 0022400940: month must be in 1..12, not 0
2026-02-01 14:40:51,770 - WARNING - ⚠️ Could not extract date from 0022400941: month must be in 1..12, not 0
2026-02-01 14:40:51,770 - WARNING - ⚠️ Could not extract date from 0022400942: month must be in 1..12, not 0
2026-02-01 14:40:51,770 - WARNING - ⚠️ Could not extract date from 0022400943: month must be in 1..12, not 0
2026-02-01 14:40:51,770 - WARNING - ⚠️ Could not extract date from 0022400944: month must be in 1..12, not 0
2026-02-01 14:40:51,770 - WARNING - ⚠️ Could not extract date from 0022400945: month must be in 1..12, not 0
2026-02-01 14:40:51,770 - WARNING - ⚠️ Could not extract date from 0022400946: month must be in 1..12, not 0
2026-02-01 14:40:51,770 - WARNING - ⚠️ Could not extract date from 0022400947: month must be in 1..12, not 0
2026-02-01 14:40:51,771 - WARNING - ⚠️ Could not extract date from 0022400948: month must be in 1..12, not 0
2026-02-01 14:40:51,771 - WARNING - ⚠️ Could not extract date from 0022400949: month must be in 1..12, not 0
2026-02-01 14:40:51,771 - WARNING - ⚠️ Could not extract date from 0022400950: month must be in 1..12, not 0
2026-02-01 14:40:51,771 - WARNING - ⚠️ Could not extract date from 0022400951: month must be in 1..12, not 0
2026-02-01 14:40:51,771 - WARNING - ⚠️ Could not extract date from 0022400952: month must be in 1..12, not 0
2026-02-01 14:40:51,771 - WARNING - ⚠️ Could not extract date from 0022400953: month must be in 1..12, not 0
2026-02-01 14:40:51,771 - WARNING - ⚠️ Could not extract date from 0022400954: month must be in 1..12, not 0
2026-02-01 14:40:51,771 - WARNING - ⚠️ Could not extract date from 0022400955: month must be in 1..12, not 0
2026-02-01 14:40:51,771 - WARNING - ⚠️ Could not extract date from 0022400956: month must be in 1..12, not 0
2026-02-01 14:40:51,771 - WARNING - ⚠️ Could not extract date from 0022400957: month must be in 1..12, not 0
2026-02-01 14:40:51,771 - WARNING - ⚠️ Could not extract date from 0022400958: month must be in 1..12, not 0
2026-02-01 14:40:51,771 - WARNING - ⚠️ Could not extract date from 0022400959: month must be in 1..12, not 0
2026-02-01 14:40:51,771 - WARNING - ⚠️ Could not extract date from 0022400960: month must be in 1..12, not 0
2026-02-01 14:40:51,771 - WARNING - ⚠️ Could not extract date from 0022400961: month must be in 1..12, not 0
2026-02-01 14:40:51,771 - WARNING - ⚠️ Could not extract date from 0022400962: month must be in 1..12, not 0
2026-02-01 14:40:51,771 - WARNING - ⚠️ Could not extract date from 0022400963: month must be in 1..12, not 0
2026-02-01 14:40:51,771 - WARNING - ⚠️ Could not extract date from 0022400964: month must be in 1..12, not 0
2026-02-01 14:40:51,771 - WARNING - ⚠️ Could not extract date from 0022400965: month must be in 1..12, not 0
2026-02-01 14:40:51,771 - WARNING - ⚠️ Could not extract date from 0022400966: month must be in 1..12, not 0
2026-02-01 14:40:51,771 - WARNING - ⚠️ Could not extract date from 0022400967: month must be in 1..12, not 0
2026-02-01 14:40:51,771 - WARNING - ⚠️ Could not extract date from 0022400968: month must be in 1..12, not 0
2026-02-01 14:40:51,772 - WARNING - ⚠️ Could not extract date from 0022400969: month must be in 1..12, not 0
2026-02-01 14:40:51,772 - WARNING - ⚠️ Could not extract date from 0022400970: month must be in 1..12, not 0
2026-02-01 14:40:51,772 - WARNING - ⚠️ Could not extract date from 0022400971: month must be in 1..12, not 0
2026-02-01 14:40:51,772 - WARNING - ⚠️ Could not extract date from 0022400972: month must be in 1..12, not 0
2026-02-01 14:40:51,772 - WARNING - ⚠️ Could not extract date from 0022400973: month must be in 1..12, not 0
2026-02-01 14:40:51,772 - WARNING - ⚠️ Could not extract date from 0022400974: month must be in 1..12, not 0
2026-02-01 14:40:51,772 - WARNING - ⚠️ Could not extract date from 0022400975: month must be in 1..12, not 0
2026-02-01 14:40:51,772 - WARNING - ⚠️ Could not extract date from 0022400976: month must be in 1..12, not 0
2026-02-01 14:40:51,772 - WARNING - ⚠️ Could not extract date from 0022400977: month must be in 1..12, not 0
2026-02-01 14:40:51,772 - WARNING - ⚠️ Could not extract date from 0022400978: month must be in 1..12, not 0
2026-02-01 14:40:51,772 - WARNING - ⚠️ Could not extract date from 0022400979: month must be in 1..12, not 0
2026-02-01 14:40:51,772 - WARNING - ⚠️ Could not extract date from 0022400980: month must be in 1..12, not 0
2026-02-01 14:40:51,772 - WARNING - ⚠️ Could not extract date from 0022400981: month must be in 1..12, not 0
2026-02-01 14:40:51,772 - WARNING - ⚠️ Could not extract date from 0022400982: month must be in 1..12, not 0
2026-02-01 14:40:51,772 - WARNING - ⚠️ Could not extract date from 0022400983: month must be in 1..12, not 0
2026-02-01 14:40:51,772 - WARNING - ⚠️ Could not extract date from 0022400984: month must be in 1..12, not 0
2026-02-01 14:40:51,772 - WARNING - ⚠️ Could not extract date from 0022400985: month must be in 1..12, not 0
2026-02-01 14:40:51,772 - WARNING - ⚠️ Could not extract date from 0022400986: month must be in 1..12, not 0
2026-02-01 14:40:51,772 - WARNING - ⚠️ Could not extract date from 0022400987: month must be in 1..12, not 0
2026-02-01 14:40:51,772 - WARNING - ⚠️ Could not extract date from 0022400988: month must be in 1..12, not 0
2026-02-01 14:40:51,772 - WARNING - ⚠️ Could not extract date from 0022400989: month must be in 1..12, not 0
2026-02-01 14:40:51,772 - WARNING - ⚠️ Could not extract date from 0022400990: month must be in 1..12, not 0
2026-02-01 14:40:51,773 - WARNING - ⚠️ Could not extract date from 0022400991: month must be in 1..12, not 0
2026-02-01 14:40:51,773 - WARNING - ⚠️ Could not extract date from 0022400992: month must be in 1..12, not 0
2026-02-01 14:40:51,773 - WARNING - ⚠️ Could not extract date from 0022400993: month must be in 1..12, not 0
2026-02-01 14:40:51,773 - WARNING - ⚠️ Could not extract date from 0022400994: month must be in 1..12, not 0
2026-02-01 14:40:51,773 - WARNING - ⚠️ Could not extract date from 0022400995: month must be in 1..12, not 0
2026-02-01 14:40:51,773 - WARNING - ⚠️ Could not extract date from 0022400996: month must be in 1..12, not 0
2026-02-01 14:40:51,773 - WARNING - ⚠️ Could not extract date from 0022400997: month must be in 1..12, not 0
2026-02-01 14:40:51,773 - WARNING - ⚠️ Could not extract date from 0022400998: month must be in 1..12, not 0
2026-02-01 14:40:51,773 - WARNING - ⚠️ Could not extract date from 0022400999: month must be in 1..12, not 0
2026-02-01 14:40:51,773 - WARNING - ⚠️ Could not extract date from 0022401000: day 0 must be in range 1..31 for month 1 in year 2024
2026-02-01 14:40:51,773 - WARNING - ⚠️ Could not extract date from 0022401001: day 0 must be in range 1..31 for month 1 in year 2024
2026-02-01 14:40:51,773 - WARNING - ⚠️ Could not extract date from 0022401002: day 0 must be in range 1..31 for month 1 in year 2024
2026-02-01 14:40:51,773 - WARNING - ⚠️ Could not extract date from 0022401003: day 0 must be in range 1..31 for month 1 in year 2024
2026-02-01 14:40:51,773 - WARNING - ⚠️ Could not extract date from 0022401004: day 0 must be in range 1..31 for month 1 in year 2024
2026-02-01 14:40:51,773 - WARNING - ⚠️ Could not extract date from 0022401005: day 0 must be in range 1..31 for month 1 in year 2024
2026-02-01 14:40:51,773 - WARNING - ⚠️ Could not extract date from 0022401006: day 0 must be in range 1..31 for month 1 in year 2024
2026-02-01 14:40:51,773 - WARNING - ⚠️ Could not extract date from 0022401007: day 0 must be in range 1..31 for month 1 in year 2024
2026-02-01 14:40:51,773 - WARNING - ⚠️ Could not extract date from 0022401008: day 0 must be in range 1..31 for month 1 in year 2024
2026-02-01 14:40:51,773 - WARNING - ⚠️ Could not extract date from 0022401009: day 0 must be in range 1..31 for month 1 in year 2024
2026-02-01 14:40:51,774 - WARNING - ⚠️ Could not extract date from 0022500001: month must be in 1..12, not 0
2026-02-01 14:40:51,774 - WARNING - ⚠️ Could not extract date from 0022500002: month must be in 1..12, not 0
2026-02-01 14:40:51,774 - WARNING - ⚠️ Could not extract date from 0022500003: month must be in 1..12, not 0
2026-02-01 14:40:51,774 - WARNING - ⚠️ Could not extract date from 0022500004: month must be in 1..12, not 0
2026-02-01 14:40:51,775 - WARNING - ⚠️ Could not extract date from 0022500005: month must be in 1..12, not 0
2026-02-01 14:40:51,775 - WARNING - ⚠️ Could not extract date from 0022500006: month must be in 1..12, not 0
2026-02-01 14:40:51,775 - WARNING - ⚠️ Could not extract date from 0022500007: month must be in 1..12, not 0
2026-02-01 14:40:51,775 - WARNING - ⚠️ Could not extract date from 0022500008: month must be in 1..12, not 0
2026-02-01 14:40:51,775 - WARNING - ⚠️ Could not extract date from 0022500009: month must be in 1..12, not 0
2026-02-01 14:40:51,775 - WARNING - ⚠️ Could not extract date from 0022500010: month must be in 1..12, not 0
2026-02-01 14:40:51,775 - WARNING - ⚠️ Could not extract date from 0022500011: month must be in 1..12, not 0
2026-02-01 14:40:51,775 - WARNING - ⚠️ Could not extract date from 0022500012: month must be in 1..12, not 0
2026-02-01 14:40:51,775 - WARNING - ⚠️ Could not extract date from 0022500013: month must be in 1..12, not 0
2026-02-01 14:40:51,775 - WARNING - ⚠️ Could not extract date from 0022500014: month must be in 1..12, not 0
2026-02-01 14:40:51,775 - WARNING - ⚠️ Could not extract date from 0022500015: month must be in 1..12, not 0
2026-02-01 14:40:51,775 - WARNING - ⚠️ Could not extract date from 0022500016: month must be in 1..12, not 0
2026-02-01 14:40:51,775 - WARNING - ⚠️ Could not extract date from 0022500017: month must be in 1..12, not 0
2026-02-01 14:40:51,775 - WARNING - ⚠️ Could not extract date from 0022500018: month must be in 1..12, not 0
2026-02-01 14:40:51,775 - WARNING - ⚠️ Could not extract date from 0022500019: month must be in 1..12, not 0
2026-02-01 14:40:51,775 - WARNING - ⚠️ Could not extract date from 0022500020: month must be in 1..12, not 0
2026-02-01 14:40:51,775 - WARNING - ⚠️ Could not extract date from 0022500021: month must be in 1..12, not 0
2026-02-01 14:40:51,775 - WARNING - ⚠️ Could not extract date from 0022500022: month must be in 1..12, not 0
2026-02-01 14:40:51,775 - WARNING - ⚠️ Could not extract date from 0022500023: month must be in 1..12, not 0
2026-02-01 14:40:51,775 - WARNING - ⚠️ Could not extract date from 0022500024: month must be in 1..12, not 0
2026-02-01 14:40:51,775 - WARNING - ⚠️ Could not extract date from 0022500025: month must be in 1..12, not 0
2026-02-01 14:40:51,775 - WARNING - ⚠️ Could not extract date from 0022500026: month must be in 1..12, not 0
2026-02-01 14:40:51,776 - WARNING - ⚠️ Could not extract date from 0022500027: month must be in 1..12, not 0
2026-02-01 14:40:51,776 - WARNING - ⚠️ Could not extract date from 0022500028: month must be in 1..12, not 0
2026-02-01 14:40:51,776 - WARNING - ⚠️ Could not extract date from 0022500029: month must be in 1..12, not 0
2026-02-01 14:40:51,776 - WARNING - ⚠️ Could not extract date from 0022500030: month must be in 1..12, not 0
2026-02-01 14:40:51,776 - WARNING - ⚠️ Could not extract date from 0022500031: month must be in 1..12, not 0
2026-02-01 14:40:51,776 - WARNING - ⚠️ Could not extract date from 0022500032: month must be in 1..12, not 0
2026-02-01 14:40:51,776 - WARNING - ⚠️ Could not extract date from 0022500033: month must be in 1..12, not 0
2026-02-01 14:40:51,776 - WARNING - ⚠️ Could not extract date from 0022500034: month must be in 1..12, not 0
2026-02-01 14:40:51,776 - WARNING - ⚠️ Could not extract date from 0022500035: month must be in 1..12, not 0
2026-02-01 14:40:51,776 - WARNING - ⚠️ Could not extract date from 0022500036: month must be in 1..12, not 0
2026-02-01 14:40:51,776 - WARNING - ⚠️ Could not extract date from 0022500037: month must be in 1..12, not 0
2026-02-01 14:40:51,776 - WARNING - ⚠️ Could not extract date from 0022500038: month must be in 1..12, not 0
2026-02-01 14:40:51,776 - WARNING - ⚠️ Could not extract date from 0022500039: month must be in 1..12, not 0
2026-02-01 14:40:51,776 - WARNING - ⚠️ Could not extract date from 0022500040: month must be in 1..12, not 0
2026-02-01 14:40:51,776 - WARNING - ⚠️ Could not extract date from 0022500041: month must be in 1..12, not 0
2026-02-01 14:40:51,776 - WARNING - ⚠️ Could not extract date from 0022500042: month must be in 1..12, not 0
2026-02-01 14:40:51,776 - WARNING - ⚠️ Could not extract date from 0022500043: month must be in 1..12, not 0
2026-02-01 14:40:51,776 - WARNING - ⚠️ Could not extract date from 0022500044: month must be in 1..12, not 0
2026-02-01 14:40:51,776 - WARNING - ⚠️ Could not extract date from 0022500045: month must be in 1..12, not 0
2026-02-01 14:40:51,777 - WARNING - ⚠️ Could not extract date from 0022500046: month must be in 1..12, not 0
2026-02-01 14:40:51,777 - WARNING - ⚠️ Could not extract date from 0022500047: month must be in 1..12, not 0
2026-02-01 14:40:51,777 - WARNING - ⚠️ Could not extract date from 0022500048: month must be in 1..12, not 0
2026-02-01 14:40:51,777 - WARNING - ⚠️ Could not extract date from 0022500049: month must be in 1..12, not 0
2026-02-01 14:40:51,777 - WARNING - ⚠️ Could not extract date from 0022500050: month must be in 1..12, not 0
2026-02-01 14:40:51,777 - WARNING - ⚠️ Could not extract date from 0022500051: month must be in 1..12, not 0
2026-02-01 14:40:51,777 - WARNING - ⚠️ Could not extract date from 0022500052: month must be in 1..12, not 0
2026-02-01 14:40:51,777 - WARNING - ⚠️ Could not extract date from 0022500053: month must be in 1..12, not 0
2026-02-01 14:40:51,777 - WARNING - ⚠️ Could not extract date from 0022500054: month must be in 1..12, not 0
2026-02-01 14:40:51,777 - WARNING - ⚠️ Could not extract date from 0022500055: month must be in 1..12, not 0
2026-02-01 14:40:51,777 - WARNING - ⚠️ Could not extract date from 0022500056: month must be in 1..12, not 0
2026-02-01 14:40:51,777 - WARNING - ⚠️ Could not extract date from 0022500057: month must be in 1..12, not 0
2026-02-01 14:40:51,777 - WARNING - ⚠️ Could not extract date from 0022500058: month must be in 1..12, not 0
2026-02-01 14:40:51,777 - WARNING - ⚠️ Could not extract date from 0022500059: month must be in 1..12, not 0
2026-02-01 14:40:51,777 - WARNING - ⚠️ Could not extract date from 0022500060: month must be in 1..12, not 0
2026-02-01 14:40:51,777 - WARNING - ⚠️ Could not extract date from 0022500061: month must be in 1..12, not 0
2026-02-01 14:40:51,777 - WARNING - ⚠️ Could not extract date from 0022500062: month must be in 1..12, not 0
2026-02-01 14:40:51,777 - WARNING - ⚠️ Could not extract date from 0022500063: month must be in 1..12, not 0
2026-02-01 14:40:51,777 - WARNING - ⚠️ Could not extract date from 0022500064: month must be in 1..12, not 0
2026-02-01 14:40:51,777 - WARNING - ⚠️ Could not extract date from 0022500065: month must be in 1..12, not 0
2026-02-01 14:40:51,778 - WARNING - ⚠️ Could not extract date from 0022500066: month must be in 1..12, not 0
2026-02-01 14:40:51,778 - WARNING - ⚠️ Could not extract date from 0022500067: month must be in 1..12, not 0
2026-02-01 14:40:51,778 - WARNING - ⚠️ Could not extract date from 0022500068: month must be in 1..12, not 0
2026-02-01 14:40:51,778 - WARNING - ⚠️ Could not extract date from 0022500069: month must be in 1..12, not 0
2026-02-01 14:40:51,778 - WARNING - ⚠️ Could not extract date from 0022500070: month must be in 1..12, not 0
2026-02-01 14:40:51,778 - WARNING - ⚠️ Could not extract date from 0022500071: month must be in 1..12, not 0
2026-02-01 14:40:51,778 - WARNING - ⚠️ Could not extract date from 0022500072: month must be in 1..12, not 0
2026-02-01 14:40:51,778 - WARNING - ⚠️ Could not extract date from 0022500073: month must be in 1..12, not 0
2026-02-01 14:40:51,778 - WARNING - ⚠️ Could not extract date from 0022500074: month must be in 1..12, not 0
2026-02-01 14:40:51,778 - WARNING - ⚠️ Could not extract date from 0022500075: month must be in 1..12, not 0
2026-02-01 14:40:51,778 - WARNING - ⚠️ Could not extract date from 0022500076: month must be in 1..12, not 0
2026-02-01 14:40:51,778 - WARNING - ⚠️ Could not extract date from 0022500077: month must be in 1..12, not 0
2026-02-01 14:40:51,778 - WARNING - ⚠️ Could not extract date from 0022500078: month must be in 1..12, not 0
2026-02-01 14:40:51,778 - WARNING - ⚠️ Could not extract date from 0022500079: month must be in 1..12, not 0
2026-02-01 14:40:51,778 - WARNING - ⚠️ Could not extract date from 0022500080: month must be in 1..12, not 0
2026-02-01 14:40:51,778 - WARNING - ⚠️ Could not extract date from 0022500081: month must be in 1..12, not 0
2026-02-01 14:40:51,778 - WARNING - ⚠️ Could not extract date from 0022500082: month must be in 1..12, not 0
2026-02-01 14:40:51,779 - WARNING - ⚠️ Could not extract date from 0022500083: month must be in 1..12, not 0
2026-02-01 14:40:51,779 - WARNING - ⚠️ Could not extract date from 0022500084: month must be in 1..12, not 0
2026-02-01 14:40:51,779 - WARNING - ⚠️ Could not extract date from 0022500085: month must be in 1..12, not 0
2026-02-01 14:40:51,779 - WARNING - ⚠️ Could not extract date from 0022500086: month must be in 1..12, not 0
2026-02-01 14:40:51,779 - WARNING - ⚠️ Could not extract date from 0022500087: month must be in 1..12, not 0
2026-02-01 14:40:51,779 - WARNING - ⚠️ Could not extract date from 0022500088: month must be in 1..12, not 0
2026-02-01 14:40:51,779 - WARNING - ⚠️ Could not extract date from 0022500089: month must be in 1..12, not 0
2026-02-01 14:40:51,779 - WARNING - ⚠️ Could not extract date from 0022500090: month must be in 1..12, not 0
2026-02-01 14:40:51,779 - WARNING - ⚠️ Could not extract date from 0022500091: month must be in 1..12, not 0
2026-02-01 14:40:51,779 - WARNING - ⚠️ Could not extract date from 0022500092: month must be in 1..12, not 0
2026-02-01 14:40:51,779 - WARNING - ⚠️ Could not extract date from 0022500093: month must be in 1..12, not 0
2026-02-01 14:40:51,779 - WARNING - ⚠️ Could not extract date from 0022500094: month must be in 1..12, not 0
2026-02-01 14:40:51,779 - WARNING - ⚠️ Could not extract date from 0022500095: month must be in 1..12, not 0
2026-02-01 14:40:51,779 - WARNING - ⚠️ Could not extract date from 0022500096: month must be in 1..12, not 0
2026-02-01 14:40:51,779 - WARNING - ⚠️ Could not extract date from 0022500097: month must be in 1..12, not 0
2026-02-01 14:40:51,779 - WARNING - ⚠️ Could not extract date from 0022500098: month must be in 1..12, not 0
2026-02-01 14:40:51,779 - WARNING - ⚠️ Could not extract date from 0022500099: month must be in 1..12, not 0
2026-02-01 14:40:51,779 - WARNING - ⚠️ Could not extract date from 0022500100: month must be in 1..12, not 0
2026-02-01 14:40:51,779 - WARNING - ⚠️ Could not extract date from 0022500101: month must be in 1..12, not 0
2026-02-01 14:40:51,779 - WARNING - ⚠️ Could not extract date from 0022500102: month must be in 1..12, not 0
2026-02-01 14:40:51,779 - WARNING - ⚠️ Could not extract date from 0022500103: month must be in 1..12, not 0
2026-02-01 14:40:51,779 - WARNING - ⚠️ Could not extract date from 0022500104: month must be in 1..12, not 0
2026-02-01 14:40:51,779 - WARNING - ⚠️ Could not extract date from 0022500105: month must be in 1..12, not 0
2026-02-01 14:40:51,779 - WARNING - ⚠️ Could not extract date from 0022500106: month must be in 1..12, not 0
2026-02-01 14:40:51,780 - WARNING - ⚠️ Could not extract date from 0022500107: month must be in 1..12, not 0
2026-02-01 14:40:51,780 - WARNING - ⚠️ Could not extract date from 0022500108: month must be in 1..12, not 0
2026-02-01 14:40:51,780 - WARNING - ⚠️ Could not extract date from 0022500109: month must be in 1..12, not 0
2026-02-01 14:40:51,780 - WARNING - ⚠️ Could not extract date from 0022500110: month must be in 1..12, not 0
2026-02-01 14:40:51,780 - WARNING - ⚠️ Could not extract date from 0022500111: month must be in 1..12, not 0
2026-02-01 14:40:51,780 - WARNING - ⚠️ Could not extract date from 0022500112: month must be in 1..12, not 0
2026-02-01 14:40:51,780 - WARNING - ⚠️ Could not extract date from 0022500113: month must be in 1..12, not 0
2026-02-01 14:40:51,780 - WARNING - ⚠️ Could not extract date from 0022500114: month must be in 1..12, not 0
2026-02-01 14:40:51,780 - WARNING - ⚠️ Could not extract date from 0022500115: month must be in 1..12, not 0
2026-02-01 14:40:51,780 - WARNING - ⚠️ Could not extract date from 0022500116: month must be in 1..12, not 0
2026-02-01 14:40:51,780 - WARNING - ⚠️ Could not extract date from 0022500117: month must be in 1..12, not 0
2026-02-01 14:40:51,780 - WARNING - ⚠️ Could not extract date from 0022500118: month must be in 1..12, not 0
2026-02-01 14:40:51,780 - WARNING - ⚠️ Could not extract date from 0022500119: month must be in 1..12, not 0
2026-02-01 14:40:51,780 - WARNING - ⚠️ Could not extract date from 0022500120: month must be in 1..12, not 0
2026-02-01 14:40:51,780 - WARNING - ⚠️ Could not extract date from 0022500121: month must be in 1..12, not 0
2026-02-01 14:40:51,780 - WARNING - ⚠️ Could not extract date from 0022500122: month must be in 1..12, not 0
2026-02-01 14:40:51,780 - WARNING - ⚠️ Could not extract date from 0022500123: month must be in 1..12, not 0
2026-02-01 14:40:51,780 - WARNING - ⚠️ Could not extract date from 0022500124: month must be in 1..12, not 0
2026-02-01 14:40:51,780 - WARNING - ⚠️ Could not extract date from 0022500125: month must be in 1..12, not 0
2026-02-01 14:40:51,780 - WARNING - ⚠️ Could not extract date from 0022500126: month must be in 1..12, not 0
2026-02-01 14:40:51,780 - WARNING - ⚠️ Could not extract date from 0022500127: month must be in 1..12, not 0
2026-02-01 14:40:51,780 - WARNING - ⚠️ Could not extract date from 0022500128: month must be in 1..12, not 0
2026-02-01 14:40:51,781 - WARNING - ⚠️ Could not extract date from 0022500129: month must be in 1..12, not 0
2026-02-01 14:40:51,781 - WARNING - ⚠️ Could not extract date from 0022500130: month must be in 1..12, not 0
2026-02-01 14:40:51,781 - WARNING - ⚠️ Could not extract date from 0022500131: month must be in 1..12, not 0
2026-02-01 14:40:51,781 - WARNING - ⚠️ Could not extract date from 0022500132: month must be in 1..12, not 0
2026-02-01 14:40:51,781 - WARNING - ⚠️ Could not extract date from 0022500133: month must be in 1..12, not 0
2026-02-01 14:40:51,781 - WARNING - ⚠️ Could not extract date from 0022500134: month must be in 1..12, not 0
2026-02-01 14:40:51,781 - WARNING - ⚠️ Could not extract date from 0022500135: month must be in 1..12, not 0
2026-02-01 14:40:51,781 - WARNING - ⚠️ Could not extract date from 0022500136: month must be in 1..12, not 0
2026-02-01 14:40:51,781 - WARNING - ⚠️ Could not extract date from 0022500137: month must be in 1..12, not 0
2026-02-01 14:40:51,781 - WARNING - ⚠️ Could not extract date from 0022500138: month must be in 1..12, not 0
2026-02-01 14:40:51,781 - WARNING - ⚠️ Could not extract date from 0022500139: month must be in 1..12, not 0
2026-02-01 14:40:51,781 - WARNING - ⚠️ Could not extract date from 0022500140: month must be in 1..12, not 0
2026-02-01 14:40:51,781 - WARNING - ⚠️ Could not extract date from 0022500141: month must be in 1..12, not 0
2026-02-01 14:40:51,781 - WARNING - ⚠️ Could not extract date from 0022500142: month must be in 1..12, not 0
2026-02-01 14:40:51,781 - WARNING - ⚠️ Could not extract date from 0022500143: month must be in 1..12, not 0
2026-02-01 14:40:51,781 - WARNING - ⚠️ Could not extract date from 0022500144: month must be in 1..12, not 0
2026-02-01 14:40:51,781 - WARNING - ⚠️ Could not extract date from 0022500145: month must be in 1..12, not 0
2026-02-01 14:40:51,782 - WARNING - ⚠️ Could not extract date from 0022500146: month must be in 1..12, not 0
2026-02-01 14:40:51,782 - WARNING - ⚠️ Could not extract date from 0022500147: month must be in 1..12, not 0
2026-02-01 14:40:51,782 - WARNING - ⚠️ Could not extract date from 0022500148: month must be in 1..12, not 0
2026-02-01 14:40:51,782 - WARNING - ⚠️ Could not extract date from 0022500149: month must be in 1..12, not 0
2026-02-01 14:40:51,782 - WARNING - ⚠️ Could not extract date from 0022500150: month must be in 1..12, not 0
2026-02-01 14:40:51,782 - WARNING - ⚠️ Could not extract date from 0022500151: month must be in 1..12, not 0
2026-02-01 14:40:51,782 - WARNING - ⚠️ Could not extract date from 0022500152: month must be in 1..12, not 0
2026-02-01 14:40:51,782 - WARNING - ⚠️ Could not extract date from 0022500153: month must be in 1..12, not 0
2026-02-01 14:40:51,782 - WARNING - ⚠️ Could not extract date from 0022500154: month must be in 1..12, not 0
2026-02-01 14:40:51,782 - WARNING - ⚠️ Could not extract date from 0022500155: month must be in 1..12, not 0
2026-02-01 14:40:51,782 - WARNING - ⚠️ Could not extract date from 0022500156: month must be in 1..12, not 0
2026-02-01 14:40:51,782 - WARNING - ⚠️ Could not extract date from 0022500157: month must be in 1..12, not 0
2026-02-01 14:40:51,782 - WARNING - ⚠️ Could not extract date from 0022500158: month must be in 1..12, not 0
2026-02-01 14:40:51,783 - WARNING - ⚠️ Could not extract date from 0022500159: month must be in 1..12, not 0
2026-02-01 14:40:51,783 - WARNING - ⚠️ Could not extract date from 0022500160: month must be in 1..12, not 0
2026-02-01 14:40:51,783 - WARNING - ⚠️ Could not extract date from 0022500161: month must be in 1..12, not 0
2026-02-01 14:40:51,783 - WARNING - ⚠️ Could not extract date from 0022500162: month must be in 1..12, not 0
2026-02-01 14:40:51,783 - WARNING - ⚠️ Could not extract date from 0022500163: month must be in 1..12, not 0
2026-02-01 14:40:51,783 - WARNING - ⚠️ Could not extract date from 0022500164: month must be in 1..12, not 0
2026-02-01 14:40:51,783 - WARNING - ⚠️ Could not extract date from 0022500165: month must be in 1..12, not 0
2026-02-01 14:40:51,783 - WARNING - ⚠️ Could not extract date from 0022500166: month must be in 1..12, not 0
2026-02-01 14:40:51,783 - WARNING - ⚠️ Could not extract date from 0022500167: month must be in 1..12, not 0
2026-02-01 14:40:51,783 - WARNING - ⚠️ Could not extract date from 0022500168: month must be in 1..12, not 0
2026-02-01 14:40:51,783 - WARNING - ⚠️ Could not extract date from 0022500169: month must be in 1..12, not 0
2026-02-01 14:40:51,783 - WARNING - ⚠️ Could not extract date from 0022500170: month must be in 1..12, not 0
2026-02-01 14:40:51,783 - WARNING - ⚠️ Could not extract date from 0022500171: month must be in 1..12, not 0
2026-02-01 14:40:51,783 - WARNING - ⚠️ Could not extract date from 0022500172: month must be in 1..12, not 0
2026-02-01 14:40:51,783 - WARNING - ⚠️ Could not extract date from 0022500173: month must be in 1..12, not 0
2026-02-01 14:40:51,783 - WARNING - ⚠️ Could not extract date from 0022500174: month must be in 1..12, not 0
2026-02-01 14:40:51,783 - WARNING - ⚠️ Could not extract date from 0022500175: month must be in 1..12, not 0
2026-02-01 14:40:51,783 - WARNING - ⚠️ Could not extract date from 0022500176: month must be in 1..12, not 0
2026-02-01 14:40:51,784 - WARNING - ⚠️ Could not extract date from 0022500177: month must be in 1..12, not 0
2026-02-01 14:40:51,784 - WARNING - ⚠️ Could not extract date from 0022500178: month must be in 1..12, not 0
2026-02-01 14:40:51,784 - WARNING - ⚠️ Could not extract date from 0022500179: month must be in 1..12, not 0
2026-02-01 14:40:51,784 - WARNING - ⚠️ Could not extract date from 0022500180: month must be in 1..12, not 0
2026-02-01 14:40:51,784 - WARNING - ⚠️ Could not extract date from 0022500181: month must be in 1..12, not 0
2026-02-01 14:40:51,784 - WARNING - ⚠️ Could not extract date from 0022500182: month must be in 1..12, not 0
2026-02-01 14:40:51,784 - WARNING - ⚠️ Could not extract date from 0022500183: month must be in 1..12, not 0
2026-02-01 14:40:51,784 - WARNING - ⚠️ Could not extract date from 0022500184: month must be in 1..12, not 0
2026-02-01 14:40:51,784 - WARNING - ⚠️ Could not extract date from 0022500185: month must be in 1..12, not 0
2026-02-01 14:40:51,784 - WARNING - ⚠️ Could not extract date from 0022500186: month must be in 1..12, not 0
2026-02-01 14:40:51,784 - WARNING - ⚠️ Could not extract date from 0022500187: month must be in 1..12, not 0
2026-02-01 14:40:51,784 - WARNING - ⚠️ Could not extract date from 0022500188: month must be in 1..12, not 0
2026-02-01 14:40:51,785 - WARNING - ⚠️ Could not extract date from 0022500189: month must be in 1..12, not 0
2026-02-01 14:40:51,785 - WARNING - ⚠️ Could not extract date from 0022500190: month must be in 1..12, not 0
2026-02-01 14:40:51,785 - WARNING - ⚠️ Could not extract date from 0022500191: month must be in 1..12, not 0
2026-02-01 14:40:51,785 - WARNING - ⚠️ Could not extract date from 0022500192: month must be in 1..12, not 0
2026-02-01 14:40:51,785 - WARNING - ⚠️ Could not extract date from 0022500193: month must be in 1..12, not 0
2026-02-01 14:40:51,785 - WARNING - ⚠️ Could not extract date from 0022500194: month must be in 1..12, not 0
2026-02-01 14:40:51,785 - WARNING - ⚠️ Could not extract date from 0022500195: month must be in 1..12, not 0
2026-02-01 14:40:51,785 - WARNING - ⚠️ Could not extract date from 0022500196: month must be in 1..12, not 0
2026-02-01 14:40:51,786 - WARNING - ⚠️ Could not extract date from 0022500197: month must be in 1..12, not 0
2026-02-01 14:40:51,786 - WARNING - ⚠️ Could not extract date from 0022500198: month must be in 1..12, not 0
2026-02-01 14:40:51,786 - WARNING - ⚠️ Could not extract date from 0022500199: month must be in 1..12, not 0
2026-02-01 14:40:51,786 - WARNING - ⚠️ Could not extract date from 0022500200: month must be in 1..12, not 0
2026-02-01 14:40:51,786 - WARNING - ⚠️ Could not extract date from 0022500201: month must be in 1..12, not 0
2026-02-01 14:40:51,786 - WARNING - ⚠️ Could not extract date from 0022500202: month must be in 1..12, not 0
2026-02-01 14:40:51,786 - WARNING - ⚠️ Could not extract date from 0022500203: month must be in 1..12, not 0
2026-02-01 14:40:51,786 - WARNING - ⚠️ Could not extract date from 0022500204: month must be in 1..12, not 0
2026-02-01 14:40:51,786 - WARNING - ⚠️ Could not extract date from 0022500205: month must be in 1..12, not 0
2026-02-01 14:40:51,786 - WARNING - ⚠️ Could not extract date from 0022500206: month must be in 1..12, not 0
2026-02-01 14:40:51,786 - WARNING - ⚠️ Could not extract date from 0022500207: month must be in 1..12, not 0
2026-02-01 14:40:51,786 - WARNING - ⚠️ Could not extract date from 0022500208: month must be in 1..12, not 0
2026-02-01 14:40:51,786 - WARNING - ⚠️ Could not extract date from 0022500209: month must be in 1..12, not 0
2026-02-01 14:40:51,786 - WARNING - ⚠️ Could not extract date from 0022500210: month must be in 1..12, not 0
2026-02-01 14:40:51,786 - WARNING - ⚠️ Could not extract date from 0022500211: month must be in 1..12, not 0
2026-02-01 14:40:51,786 - WARNING - ⚠️ Could not extract date from 0022500212: month must be in 1..12, not 0
2026-02-01 14:40:51,786 - WARNING - ⚠️ Could not extract date from 0022500213: month must be in 1..12, not 0
2026-02-01 14:40:51,786 - WARNING - ⚠️ Could not extract date from 0022500214: month must be in 1..12, not 0
2026-02-01 14:40:51,787 - WARNING - ⚠️ Could not extract date from 0022500215: month must be in 1..12, not 0
2026-02-01 14:40:51,787 - WARNING - ⚠️ Could not extract date from 0022500216: month must be in 1..12, not 0
2026-02-01 14:40:51,787 - WARNING - ⚠️ Could not extract date from 0022500217: month must be in 1..12, not 0
2026-02-01 14:40:51,787 - WARNING - ⚠️ Could not extract date from 0022500218: month must be in 1..12, not 0
2026-02-01 14:40:51,787 - WARNING - ⚠️ Could not extract date from 0022500219: month must be in 1..12, not 0
2026-02-01 14:40:51,787 - WARNING - ⚠️ Could not extract date from 0022500220: month must be in 1..12, not 0
2026-02-01 14:40:51,787 - WARNING - ⚠️ Could not extract date from 0022500221: month must be in 1..12, not 0
2026-02-01 14:40:51,787 - WARNING - ⚠️ Could not extract date from 0022500222: month must be in 1..12, not 0
2026-02-01 14:40:51,787 - WARNING - ⚠️ Could not extract date from 0022500223: month must be in 1..12, not 0
2026-02-01 14:40:51,787 - WARNING - ⚠️ Could not extract date from 0022500224: month must be in 1..12, not 0
2026-02-01 14:40:51,787 - WARNING - ⚠️ Could not extract date from 0022500225: month must be in 1..12, not 0
2026-02-01 14:40:51,787 - WARNING - ⚠️ Could not extract date from 0022500226: month must be in 1..12, not 0
2026-02-01 14:40:51,787 - WARNING - ⚠️ Could not extract date from 0022500227: month must be in 1..12, not 0
2026-02-01 14:40:51,787 - WARNING - ⚠️ Could not extract date from 0022500228: month must be in 1..12, not 0
2026-02-01 14:40:51,787 - WARNING - ⚠️ Could not extract date from 0022500229: month must be in 1..12, not 0
2026-02-01 14:40:51,787 - WARNING - ⚠️ Could not extract date from 0022500230: month must be in 1..12, not 0
2026-02-01 14:40:51,787 - WARNING - ⚠️ Could not extract date from 0022500231: month must be in 1..12, not 0
2026-02-01 14:40:51,787 - WARNING - ⚠️ Could not extract date from 0022500232: month must be in 1..12, not 0
2026-02-01 14:40:51,788 - WARNING - ⚠️ Could not extract date from 0022500233: month must be in 1..12, not 0
2026-02-01 14:40:51,788 - WARNING - ⚠️ Could not extract date from 0022500234: month must be in 1..12, not 0
2026-02-01 14:40:51,788 - WARNING - ⚠️ Could not extract date from 0022500235: month must be in 1..12, not 0
2026-02-01 14:40:51,788 - WARNING - ⚠️ Could not extract date from 0022500236: month must be in 1..12, not 0
2026-02-01 14:40:51,788 - WARNING - ⚠️ Could not extract date from 0022500237: month must be in 1..12, not 0
2026-02-01 14:40:51,788 - WARNING - ⚠️ Could not extract date from 0022500238: month must be in 1..12, not 0
2026-02-01 14:40:51,788 - WARNING - ⚠️ Could not extract date from 0022500239: month must be in 1..12, not 0
2026-02-01 14:40:51,788 - WARNING - ⚠️ Could not extract date from 0022500240: month must be in 1..12, not 0
2026-02-01 14:40:51,788 - WARNING - ⚠️ Could not extract date from 0022500241: month must be in 1..12, not 0
2026-02-01 14:40:51,788 - WARNING - ⚠️ Could not extract date from 0022500242: month must be in 1..12, not 0
2026-02-01 14:40:51,788 - WARNING - ⚠️ Could not extract date from 0022500243: month must be in 1..12, not 0
2026-02-01 14:40:51,788 - WARNING - ⚠️ Could not extract date from 0022500244: month must be in 1..12, not 0
2026-02-01 14:40:51,789 - WARNING - ⚠️ Could not extract date from 0022500245: month must be in 1..12, not 0
2026-02-01 14:40:51,789 - WARNING - ⚠️ Could not extract date from 0022500246: month must be in 1..12, not 0
2026-02-01 14:40:51,789 - WARNING - ⚠️ Could not extract date from 0022500247: month must be in 1..12, not 0
2026-02-01 14:40:51,789 - WARNING - ⚠️ Could not extract date from 0022500248: month must be in 1..12, not 0
2026-02-01 14:40:51,789 - WARNING - ⚠️ Could not extract date from 0022500249: month must be in 1..12, not 0
2026-02-01 14:40:51,789 - WARNING - ⚠️ Could not extract date from 0022500250: month must be in 1..12, not 0
2026-02-01 14:40:51,789 - WARNING - ⚠️ Could not extract date from 0022500251: month must be in 1..12, not 0
2026-02-01 14:40:51,789 - WARNING - ⚠️ Could not extract date from 0022500252: month must be in 1..12, not 0
2026-02-01 14:40:51,789 - WARNING - ⚠️ Could not extract date from 0022500253: month must be in 1..12, not 0
2026-02-01 14:40:51,789 - WARNING - ⚠️ Could not extract date from 0022500254: month must be in 1..12, not 0
2026-02-01 14:40:51,790 - WARNING - ⚠️ Could not extract date from 0022500255: month must be in 1..12, not 0
2026-02-01 14:40:51,790 - WARNING - ⚠️ Could not extract date from 0022500256: month must be in 1..12, not 0
2026-02-01 14:40:51,790 - WARNING - ⚠️ Could not extract date from 0022500257: month must be in 1..12, not 0
2026-02-01 14:40:51,790 - WARNING - ⚠️ Could not extract date from 0022500258: month must be in 1..12, not 0
2026-02-01 14:40:51,790 - WARNING - ⚠️ Could not extract date from 0022500259: month must be in 1..12, not 0
2026-02-01 14:40:51,790 - WARNING - ⚠️ Could not extract date from 0022500260: month must be in 1..12, not 0
2026-02-01 14:40:51,791 - WARNING - ⚠️ Could not extract date from 0022500261: month must be in 1..12, not 0
2026-02-01 14:40:51,791 - WARNING - ⚠️ Could not extract date from 0022500262: month must be in 1..12, not 0
2026-02-01 14:40:51,791 - WARNING - ⚠️ Could not extract date from 0022500263: month must be in 1..12, not 0
2026-02-01 14:40:51,791 - WARNING - ⚠️ Could not extract date from 0022500264: month must be in 1..12, not 0
2026-02-01 14:40:51,791 - WARNING - ⚠️ Could not extract date from 0022500265: month must be in 1..12, not 0
2026-02-01 14:40:51,791 - WARNING - ⚠️ Could not extract date from 0022500266: month must be in 1..12, not 0
2026-02-01 14:40:51,791 - WARNING - ⚠️ Could not extract date from 0022500267: month must be in 1..12, not 0
2026-02-01 14:40:51,791 - WARNING - ⚠️ Could not extract date from 0022500268: month must be in 1..12, not 0
2026-02-01 14:40:51,792 - WARNING - ⚠️ Could not extract date from 0022500269: month must be in 1..12, not 0
2026-02-01 14:40:51,792 - WARNING - ⚠️ Could not extract date from 0022500270: month must be in 1..12, not 0
2026-02-01 14:40:51,792 - WARNING - ⚠️ Could not extract date from 0022500271: month must be in 1..12, not 0
2026-02-01 14:40:51,792 - WARNING - ⚠️ Could not extract date from 0022500272: month must be in 1..12, not 0
2026-02-01 14:40:51,792 - WARNING - ⚠️ Could not extract date from 0022500273: month must be in 1..12, not 0
2026-02-01 14:40:51,792 - WARNING - ⚠️ Could not extract date from 0022500274: month must be in 1..12, not 0
2026-02-01 14:40:51,792 - WARNING - ⚠️ Could not extract date from 0022500275: month must be in 1..12, not 0
2026-02-01 14:40:51,792 - WARNING - ⚠️ Could not extract date from 0022500276: month must be in 1..12, not 0
2026-02-01 14:40:51,792 - WARNING - ⚠️ Could not extract date from 0022500277: month must be in 1..12, not 0
2026-02-01 14:40:51,792 - WARNING - ⚠️ Could not extract date from 0022500278: month must be in 1..12, not 0
2026-02-01 14:40:51,792 - WARNING - ⚠️ Could not extract date from 0022500279: month must be in 1..12, not 0
2026-02-01 14:40:51,792 - WARNING - ⚠️ Could not extract date from 0022500280: month must be in 1..12, not 0
2026-02-01 14:40:51,792 - WARNING - ⚠️ Could not extract date from 0022500281: month must be in 1..12, not 0
2026-02-01 14:40:51,792 - WARNING - ⚠️ Could not extract date from 0022500282: month must be in 1..12, not 0
2026-02-01 14:40:51,792 - WARNING - ⚠️ Could not extract date from 0022500283: month must be in 1..12, not 0
2026-02-01 14:40:51,792 - WARNING - ⚠️ Could not extract date from 0022500284: month must be in 1..12, not 0
2026-02-01 14:40:51,793 - WARNING - ⚠️ Could not extract date from 0022500285: month must be in 1..12, not 0
2026-02-01 14:40:51,793 - WARNING - ⚠️ Could not extract date from 0022500286: month must be in 1..12, not 0
2026-02-01 14:40:51,793 - WARNING - ⚠️ Could not extract date from 0022500287: month must be in 1..12, not 0
2026-02-01 14:40:51,793 - WARNING - ⚠️ Could not extract date from 0022500288: month must be in 1..12, not 0
2026-02-01 14:40:51,793 - WARNING - ⚠️ Could not extract date from 0022500289: month must be in 1..12, not 0
2026-02-01 14:40:51,793 - WARNING - ⚠️ Could not extract date from 0022500290: month must be in 1..12, not 0
2026-02-01 14:40:51,793 - WARNING - ⚠️ Could not extract date from 0022500291: month must be in 1..12, not 0
2026-02-01 14:40:51,793 - WARNING - ⚠️ Could not extract date from 0022500292: month must be in 1..12, not 0
2026-02-01 14:40:51,793 - WARNING - ⚠️ Could not extract date from 0022500293: month must be in 1..12, not 0
2026-02-01 14:40:51,793 - WARNING - ⚠️ Could not extract date from 0022500294: month must be in 1..12, not 0
2026-02-01 14:40:51,793 - WARNING - ⚠️ Could not extract date from 0022500295: month must be in 1..12, not 0
2026-02-01 14:40:51,794 - WARNING - ⚠️ Could not extract date from 0022500296: month must be in 1..12, not 0
2026-02-01 14:40:51,794 - WARNING - ⚠️ Could not extract date from 0022500297: month must be in 1..12, not 0
2026-02-01 14:40:51,794 - WARNING - ⚠️ Could not extract date from 0022500298: month must be in 1..12, not 0
2026-02-01 14:40:51,794 - WARNING - ⚠️ Could not extract date from 0022500299: month must be in 1..12, not 0
2026-02-01 14:40:51,794 - WARNING - ⚠️ Could not extract date from 0022500300: month must be in 1..12, not 0
2026-02-01 14:40:51,794 - WARNING - ⚠️ Could not extract date from 0022500301: month must be in 1..12, not 0
2026-02-01 14:40:51,794 - WARNING - ⚠️ Could not extract date from 0022500302: month must be in 1..12, not 0
2026-02-01 14:40:51,794 - WARNING - ⚠️ Could not extract date from 0022500303: month must be in 1..12, not 0
2026-02-01 14:40:51,794 - WARNING - ⚠️ Could not extract date from 0022500304: month must be in 1..12, not 0
2026-02-01 14:40:51,794 - WARNING - ⚠️ Could not extract date from 0022500305: month must be in 1..12, not 0
2026-02-01 14:40:51,794 - WARNING - ⚠️ Could not extract date from 0022500306: month must be in 1..12, not 0
2026-02-01 14:40:51,794 - WARNING - ⚠️ Could not extract date from 0022500307: month must be in 1..12, not 0
2026-02-01 14:40:51,794 - WARNING - ⚠️ Could not extract date from 0022500308: month must be in 1..12, not 0
2026-02-01 14:40:51,794 - WARNING - ⚠️ Could not extract date from 0022500309: month must be in 1..12, not 0
2026-02-01 14:40:51,794 - WARNING - ⚠️ Could not extract date from 0022500310: month must be in 1..12, not 0
2026-02-01 14:40:51,795 - WARNING - ⚠️ Could not extract date from 0022500311: month must be in 1..12, not 0
2026-02-01 14:40:51,795 - WARNING - ⚠️ Could not extract date from 0022500312: month must be in 1..12, not 0
2026-02-01 14:40:51,795 - WARNING - ⚠️ Could not extract date from 0022500313: month must be in 1..12, not 0
2026-02-01 14:40:51,795 - WARNING - ⚠️ Could not extract date from 0022500314: month must be in 1..12, not 0
2026-02-01 14:40:51,795 - WARNING - ⚠️ Could not extract date from 0022500315: month must be in 1..12, not 0
2026-02-01 14:40:51,795 - WARNING - ⚠️ Could not extract date from 0022500316: month must be in 1..12, not 0
2026-02-01 14:40:51,795 - WARNING - ⚠️ Could not extract date from 0022500317: month must be in 1..12, not 0
2026-02-01 14:40:51,796 - WARNING - ⚠️ Could not extract date from 0022500318: month must be in 1..12, not 0
2026-02-01 14:40:51,796 - WARNING - ⚠️ Could not extract date from 0022500319: month must be in 1..12, not 0
2026-02-01 14:40:51,796 - WARNING - ⚠️ Could not extract date from 0022500320: month must be in 1..12, not 0
2026-02-01 14:40:51,796 - WARNING - ⚠️ Could not extract date from 0022500321: month must be in 1..12, not 0
2026-02-01 14:40:51,796 - WARNING - ⚠️ Could not extract date from 0022500322: month must be in 1..12, not 0
2026-02-01 14:40:51,796 - WARNING - ⚠️ Could not extract date from 0022500323: month must be in 1..12, not 0
2026-02-01 14:40:51,796 - WARNING - ⚠️ Could not extract date from 0022500324: month must be in 1..12, not 0
2026-02-01 14:40:51,796 - WARNING - ⚠️ Could not extract date from 0022500325: month must be in 1..12, not 0
2026-02-01 14:40:51,796 - WARNING - ⚠️ Could not extract date from 0022500326: month must be in 1..12, not 0
2026-02-01 14:40:51,796 - WARNING - ⚠️ Could not extract date from 0022500327: month must be in 1..12, not 0
2026-02-01 14:40:51,796 - WARNING - ⚠️ Could not extract date from 0022500328: month must be in 1..12, not 0
2026-02-01 14:40:51,796 - WARNING - ⚠️ Could not extract date from 0022500329: month must be in 1..12, not 0
2026-02-01 14:40:51,796 - WARNING - ⚠️ Could not extract date from 0022500330: month must be in 1..12, not 0
2026-02-01 14:40:51,796 - WARNING - ⚠️ Could not extract date from 0022500331: month must be in 1..12, not 0
2026-02-01 14:40:51,796 - WARNING - ⚠️ Could not extract date from 0022500332: month must be in 1..12, not 0
2026-02-01 14:40:51,796 - WARNING - ⚠️ Could not extract date from 0022500333: month must be in 1..12, not 0
2026-02-01 14:40:51,796 - WARNING - ⚠️ Could not extract date from 0022500334: month must be in 1..12, not 0
2026-02-01 14:40:51,797 - WARNING - ⚠️ Could not extract date from 0022500335: month must be in 1..12, not 0
2026-02-01 14:40:51,797 - WARNING - ⚠️ Could not extract date from 0022500336: month must be in 1..12, not 0
2026-02-01 14:40:51,797 - WARNING - ⚠️ Could not extract date from 0022500337: month must be in 1..12, not 0
2026-02-01 14:40:51,797 - WARNING - ⚠️ Could not extract date from 0022500338: month must be in 1..12, not 0
2026-02-01 14:40:51,797 - WARNING - ⚠️ Could not extract date from 0022500339: month must be in 1..12, not 0
2026-02-01 14:40:51,797 - WARNING - ⚠️ Could not extract date from 0022500340: month must be in 1..12, not 0
2026-02-01 14:40:51,797 - WARNING - ⚠️ Could not extract date from 0022500341: month must be in 1..12, not 0
2026-02-01 14:40:51,797 - WARNING - ⚠️ Could not extract date from 0022500342: month must be in 1..12, not 0
2026-02-01 14:40:51,797 - WARNING - ⚠️ Could not extract date from 0022500343: month must be in 1..12, not 0
2026-02-01 14:40:51,797 - WARNING - ⚠️ Could not extract date from 0022500344: month must be in 1..12, not 0
2026-02-01 14:40:51,797 - WARNING - ⚠️ Could not extract date from 0022500345: month must be in 1..12, not 0
2026-02-01 14:40:51,797 - WARNING - ⚠️ Could not extract date from 0022500346: month must be in 1..12, not 0
2026-02-01 14:40:51,797 - WARNING - ⚠️ Could not extract date from 0022500347: month must be in 1..12, not 0
2026-02-01 14:40:51,797 - WARNING - ⚠️ Could not extract date from 0022500348: month must be in 1..12, not 0
2026-02-01 14:40:51,797 - WARNING - ⚠️ Could not extract date from 0022500349: month must be in 1..12, not 0
2026-02-01 14:40:51,797 - WARNING - ⚠️ Could not extract date from 0022500350: month must be in 1..12, not 0
2026-02-01 14:40:51,797 - WARNING - ⚠️ Could not extract date from 0022500351: month must be in 1..12, not 0
2026-02-01 14:40:51,797 - WARNING - ⚠️ Could not extract date from 0022500352: month must be in 1..12, not 0
2026-02-01 14:40:51,797 - WARNING - ⚠️ Could not extract date from 0022500353: month must be in 1..12, not 0
2026-02-01 14:40:51,797 - WARNING - ⚠️ Could not extract date from 0022500354: month must be in 1..12, not 0
2026-02-01 14:40:51,797 - WARNING - ⚠️ Could not extract date from 0022500355: month must be in 1..12, not 0
2026-02-01 14:40:51,797 - WARNING - ⚠️ Could not extract date from 0022500356: month must be in 1..12, not 0
2026-02-01 14:40:51,798 - WARNING - ⚠️ Could not extract date from 0022500357: month must be in 1..12, not 0
2026-02-01 14:40:51,798 - WARNING - ⚠️ Could not extract date from 0022500358: month must be in 1..12, not 0
2026-02-01 14:40:51,798 - WARNING - ⚠️ Could not extract date from 0022500359: month must be in 1..12, not 0
2026-02-01 14:40:51,798 - WARNING - ⚠️ Could not extract date from 0022500360: month must be in 1..12, not 0
2026-02-01 14:40:51,798 - WARNING - ⚠️ Could not extract date from 0022500361: month must be in 1..12, not 0
2026-02-01 14:40:51,798 - WARNING - ⚠️ Could not extract date from 0022500362: month must be in 1..12, not 0
2026-02-01 14:40:51,798 - WARNING - ⚠️ Could not extract date from 0022500363: month must be in 1..12, not 0
2026-02-01 14:40:51,798 - WARNING - ⚠️ Could not extract date from 0022500364: month must be in 1..12, not 0
2026-02-01 14:40:51,798 - WARNING - ⚠️ Could not extract date from 0022500365: month must be in 1..12, not 0
2026-02-01 14:40:51,798 - WARNING - ⚠️ Could not extract date from 0022500366: month must be in 1..12, not 0
2026-02-01 14:40:51,798 - WARNING - ⚠️ Could not extract date from 0022500367: month must be in 1..12, not 0
2026-02-01 14:40:51,798 - WARNING - ⚠️ Could not extract date from 0022500368: month must be in 1..12, not 0
2026-02-01 14:40:51,798 - WARNING - ⚠️ Could not extract date from 0022500369: month must be in 1..12, not 0
2026-02-01 14:40:51,798 - WARNING - ⚠️ Could not extract date from 0022500370: month must be in 1..12, not 0
2026-02-01 14:40:51,798 - WARNING - ⚠️ Could not extract date from 0022500371: month must be in 1..12, not 0
2026-02-01 14:40:51,798 - WARNING - ⚠️ Could not extract date from 0022500372: month must be in 1..12, not 0
2026-02-01 14:40:51,798 - WARNING - ⚠️ Could not extract date from 0022500373: month must be in 1..12, not 0
2026-02-01 14:40:51,798 - WARNING - ⚠️ Could not extract date from 0022500374: month must be in 1..12, not 0
2026-02-01 14:40:51,798 - WARNING - ⚠️ Could not extract date from 0022500375: month must be in 1..12, not 0
2026-02-01 14:40:51,799 - WARNING - ⚠️ Could not extract date from 0022500376: month must be in 1..12, not 0
2026-02-01 14:40:51,799 - WARNING - ⚠️ Could not extract date from 0022500377: month must be in 1..12, not 0
2026-02-01 14:40:51,799 - WARNING - ⚠️ Could not extract date from 0022500378: month must be in 1..12, not 0
2026-02-01 14:40:51,799 - WARNING - ⚠️ Could not extract date from 0022500379: month must be in 1..12, not 0
2026-02-01 14:40:51,799 - WARNING - ⚠️ Could not extract date from 0022500380: month must be in 1..12, not 0
2026-02-01 14:40:51,799 - WARNING - ⚠️ Could not extract date from 0022500381: month must be in 1..12, not 0
2026-02-01 14:40:51,799 - WARNING - ⚠️ Could not extract date from 0022500382: month must be in 1..12, not 0
2026-02-01 14:40:51,799 - WARNING - ⚠️ Could not extract date from 0022500383: month must be in 1..12, not 0
2026-02-01 14:40:51,799 - WARNING - ⚠️ Could not extract date from 0022500384: month must be in 1..12, not 0
2026-02-01 14:40:51,799 - WARNING - ⚠️ Could not extract date from 0022500385: month must be in 1..12, not 0
2026-02-01 14:40:51,799 - WARNING - ⚠️ Could not extract date from 0022500386: month must be in 1..12, not 0
2026-02-01 14:40:51,799 - WARNING - ⚠️ Could not extract date from 0022500387: month must be in 1..12, not 0
2026-02-01 14:40:51,799 - WARNING - ⚠️ Could not extract date from 0022500388: month must be in 1..12, not 0
2026-02-01 14:40:51,799 - WARNING - ⚠️ Could not extract date from 0022500389: month must be in 1..12, not 0
2026-02-01 14:40:51,800 - WARNING - ⚠️ Could not extract date from 0022500390: month must be in 1..12, not 0
2026-02-01 14:40:51,800 - WARNING - ⚠️ Could not extract date from 0022500391: month must be in 1..12, not 0
2026-02-01 14:40:51,800 - WARNING - ⚠️ Could not extract date from 0022500392: month must be in 1..12, not 0
2026-02-01 14:40:51,800 - WARNING - ⚠️ Could not extract date from 0022500393: month must be in 1..12, not 0
2026-02-01 14:40:51,800 - WARNING - ⚠️ Could not extract date from 0022500394: month must be in 1..12, not 0
2026-02-01 14:40:51,800 - WARNING - ⚠️ Could not extract date from 0022500395: month must be in 1..12, not 0
2026-02-01 14:40:51,800 - WARNING - ⚠️ Could not extract date from 0022500396: month must be in 1..12, not 0
2026-02-01 14:40:51,800 - WARNING - ⚠️ Could not extract date from 0022500397: month must be in 1..12, not 0
2026-02-01 14:40:51,800 - WARNING - ⚠️ Could not extract date from 0022500398: month must be in 1..12, not 0
2026-02-01 14:40:51,800 - WARNING - ⚠️ Could not extract date from 0022500399: month must be in 1..12, not 0
2026-02-01 14:40:51,800 - WARNING - ⚠️ Could not extract date from 0022500400: month must be in 1..12, not 0
2026-02-01 14:40:51,800 - WARNING - ⚠️ Could not extract date from 0022500401: month must be in 1..12, not 0
2026-02-01 14:40:51,800 - WARNING - ⚠️ Could not extract date from 0022500402: month must be in 1..12, not 0
2026-02-01 14:40:51,800 - WARNING - ⚠️ Could not extract date from 0022500403: month must be in 1..12, not 0
2026-02-01 14:40:51,800 - WARNING - ⚠️ Could not extract date from 0022500404: month must be in 1..12, not 0
2026-02-01 14:40:51,800 - WARNING - ⚠️ Could not extract date from 0022500405: month must be in 1..12, not 0
2026-02-01 14:40:51,801 - WARNING - ⚠️ Could not extract date from 0022500406: month must be in 1..12, not 0
2026-02-01 14:40:51,801 - WARNING - ⚠️ Could not extract date from 0022500407: month must be in 1..12, not 0
2026-02-01 14:40:51,801 - WARNING - ⚠️ Could not extract date from 0022500408: month must be in 1..12, not 0
2026-02-01 14:40:51,801 - WARNING - ⚠️ Could not extract date from 0022500409: month must be in 1..12, not 0
2026-02-01 14:40:51,801 - WARNING - ⚠️ Could not extract date from 0022500410: month must be in 1..12, not 0
2026-02-01 14:40:51,801 - WARNING - ⚠️ Could not extract date from 0022500411: month must be in 1..12, not 0
2026-02-01 14:40:51,801 - WARNING - ⚠️ Could not extract date from 0022500412: month must be in 1..12, not 0
2026-02-01 14:40:51,801 - WARNING - ⚠️ Could not extract date from 0022500413: month must be in 1..12, not 0
2026-02-01 14:40:51,801 - WARNING - ⚠️ Could not extract date from 0022500414: month must be in 1..12, not 0
2026-02-01 14:40:51,801 - WARNING - ⚠️ Could not extract date from 0022500415: month must be in 1..12, not 0
2026-02-01 14:40:51,801 - WARNING - ⚠️ Could not extract date from 0022500416: month must be in 1..12, not 0
2026-02-01 14:40:51,801 - WARNING - ⚠️ Could not extract date from 0022500417: month must be in 1..12, not 0
2026-02-01 14:40:51,801 - WARNING - ⚠️ Could not extract date from 0022500418: month must be in 1..12, not 0
2026-02-01 14:40:51,801 - WARNING - ⚠️ Could not extract date from 0022500419: month must be in 1..12, not 0
2026-02-01 14:40:51,801 - WARNING - ⚠️ Could not extract date from 0022500420: month must be in 1..12, not 0
2026-02-01 14:40:51,801 - WARNING - ⚠️ Could not extract date from 0022500421: month must be in 1..12, not 0
2026-02-01 14:40:51,801 - WARNING - ⚠️ Could not extract date from 0022500422: month must be in 1..12, not 0
2026-02-01 14:40:51,801 - WARNING - ⚠️ Could not extract date from 0022500423: month must be in 1..12, not 0
2026-02-01 14:40:51,801 - WARNING - ⚠️ Could not extract date from 0022500424: month must be in 1..12, not 0
2026-02-01 14:40:51,802 - WARNING - ⚠️ Could not extract date from 0022500425: month must be in 1..12, not 0
2026-02-01 14:40:51,802 - WARNING - ⚠️ Could not extract date from 0022500426: month must be in 1..12, not 0
2026-02-01 14:40:51,802 - WARNING - ⚠️ Could not extract date from 0022500427: month must be in 1..12, not 0
2026-02-01 14:40:51,802 - WARNING - ⚠️ Could not extract date from 0022500428: month must be in 1..12, not 0
2026-02-01 14:40:51,802 - WARNING - ⚠️ Could not extract date from 0022500429: month must be in 1..12, not 0
2026-02-01 14:40:51,802 - WARNING - ⚠️ Could not extract date from 0022500430: month must be in 1..12, not 0
2026-02-01 14:40:51,802 - WARNING - ⚠️ Could not extract date from 0022500431: month must be in 1..12, not 0
2026-02-01 14:40:51,802 - WARNING - ⚠️ Could not extract date from 0022500432: month must be in 1..12, not 0
2026-02-01 14:40:51,802 - WARNING - ⚠️ Could not extract date from 0022500433: month must be in 1..12, not 0
2026-02-01 14:40:51,802 - WARNING - ⚠️ Could not extract date from 0022500434: month must be in 1..12, not 0
2026-02-01 14:40:51,802 - WARNING - ⚠️ Could not extract date from 0022500435: month must be in 1..12, not 0
2026-02-01 14:40:51,802 - WARNING - ⚠️ Could not extract date from 0022500436: month must be in 1..12, not 0
2026-02-01 14:40:51,802 - WARNING - ⚠️ Could not extract date from 0022500437: month must be in 1..12, not 0
2026-02-01 14:40:51,802 - WARNING - ⚠️ Could not extract date from 0022500438: month must be in 1..12, not 0
2026-02-01 14:40:51,802 - WARNING - ⚠️ Could not extract date from 0022500439: month must be in 1..12, not 0
2026-02-01 14:40:51,802 - WARNING - ⚠️ Could not extract date from 0022500440: month must be in 1..12, not 0
2026-02-01 14:40:51,802 - WARNING - ⚠️ Could not extract date from 0022500441: month must be in 1..12, not 0
2026-02-01 14:40:51,802 - WARNING - ⚠️ Could not extract date from 0022500442: month must be in 1..12, not 0
2026-02-01 14:40:51,803 - WARNING - ⚠️ Could not extract date from 0022500443: month must be in 1..12, not 0
2026-02-01 14:40:51,803 - WARNING - ⚠️ Could not extract date from 0022500444: month must be in 1..12, not 0
2026-02-01 14:40:51,803 - WARNING - ⚠️ Could not extract date from 0022500445: month must be in 1..12, not 0
2026-02-01 14:40:51,803 - WARNING - ⚠️ Could not extract date from 0022500446: month must be in 1..12, not 0
2026-02-01 14:40:51,803 - WARNING - ⚠️ Could not extract date from 0022500447: month must be in 1..12, not 0
2026-02-01 14:40:51,803 - WARNING - ⚠️ Could not extract date from 0022500448: month must be in 1..12, not 0
2026-02-01 14:40:51,803 - WARNING - ⚠️ Could not extract date from 0022500449: month must be in 1..12, not 0
2026-02-01 14:40:51,803 - WARNING - ⚠️ Could not extract date from 0022500450: month must be in 1..12, not 0
2026-02-01 14:40:51,803 - WARNING - ⚠️ Could not extract date from 0022500451: month must be in 1..12, not 0
2026-02-01 14:40:51,803 - WARNING - ⚠️ Could not extract date from 0022500452: month must be in 1..12, not 0
2026-02-01 14:40:51,803 - WARNING - ⚠️ Could not extract date from 0022500453: month must be in 1..12, not 0
2026-02-01 14:40:51,803 - WARNING - ⚠️ Could not extract date from 0022500454: month must be in 1..12, not 0
2026-02-01 14:40:51,803 - WARNING - ⚠️ Could not extract date from 0022500455: month must be in 1..12, not 0
2026-02-01 14:40:51,803 - WARNING - ⚠️ Could not extract date from 0022500456: month must be in 1..12, not 0
2026-02-01 14:40:51,803 - WARNING - ⚠️ Could not extract date from 0022500457: month must be in 1..12, not 0
2026-02-01 14:40:51,803 - WARNING - ⚠️ Could not extract date from 0022500458: month must be in 1..12, not 0
2026-02-01 14:40:51,803 - WARNING - ⚠️ Could not extract date from 0022500459: month must be in 1..12, not 0
2026-02-01 14:40:51,803 - WARNING - ⚠️ Could not extract date from 0022500460: month must be in 1..12, not 0
2026-02-01 14:40:51,803 - WARNING - ⚠️ Could not extract date from 0022500461: month must be in 1..12, not 0
2026-02-01 14:40:51,803 - WARNING - ⚠️ Could not extract date from 0022500462: month must be in 1..12, not 0
2026-02-01 14:40:51,803 - WARNING - ⚠️ Could not extract date from 0022500463: month must be in 1..12, not 0
2026-02-01 14:40:51,803 - WARNING - ⚠️ Could not extract date from 0022500464: month must be in 1..12, not 0
2026-02-01 14:40:51,803 - WARNING - ⚠️ Could not extract date from 0022500465: month must be in 1..12, not 0
2026-02-01 14:40:51,804 - WARNING - ⚠️ Could not extract date from 0022500466: month must be in 1..12, not 0
2026-02-01 14:40:51,804 - WARNING - ⚠️ Could not extract date from 0022500467: month must be in 1..12, not 0
2026-02-01 14:40:51,804 - WARNING - ⚠️ Could not extract date from 0022500468: month must be in 1..12, not 0
2026-02-01 14:40:51,804 - WARNING - ⚠️ Could not extract date from 0022500469: month must be in 1..12, not 0
2026-02-01 14:40:51,804 - WARNING - ⚠️ Could not extract date from 0022500470: month must be in 1..12, not 0
2026-02-01 14:40:51,804 - WARNING - ⚠️ Could not extract date from 0022500471: month must be in 1..12, not 0
2026-02-01 14:40:51,804 - WARNING - ⚠️ Could not extract date from 0022500472: month must be in 1..12, not 0
2026-02-01 14:40:51,804 - WARNING - ⚠️ Could not extract date from 0022500473: month must be in 1..12, not 0
2026-02-01 14:40:51,804 - WARNING - ⚠️ Could not extract date from 0022500474: month must be in 1..12, not 0
2026-02-01 14:40:51,804 - WARNING - ⚠️ Could not extract date from 0022500475: month must be in 1..12, not 0
2026-02-01 14:40:51,804 - WARNING - ⚠️ Could not extract date from 0022500476: month must be in 1..12, not 0
2026-02-01 14:40:51,804 - WARNING - ⚠️ Could not extract date from 0022500477: month must be in 1..12, not 0
2026-02-01 14:40:51,804 - WARNING - ⚠️ Could not extract date from 0022500478: month must be in 1..12, not 0
2026-02-01 14:40:51,804 - WARNING - ⚠️ Could not extract date from 0022500479: month must be in 1..12, not 0
2026-02-01 14:40:51,804 - WARNING - ⚠️ Could not extract date from 0022500480: month must be in 1..12, not 0
2026-02-01 14:40:51,804 - WARNING - ⚠️ Could not extract date from 0022500481: month must be in 1..12, not 0
2026-02-01 14:40:51,804 - WARNING - ⚠️ Could not extract date from 0022500482: month must be in 1..12, not 0
2026-02-01 14:40:51,804 - WARNING - ⚠️ Could not extract date from 0022500483: month must be in 1..12, not 0
2026-02-01 14:40:51,804 - WARNING - ⚠️ Could not extract date from 0022500484: month must be in 1..12, not 0
2026-02-01 14:40:51,804 - WARNING - ⚠️ Could not extract date from 0022500485: month must be in 1..12, not 0
2026-02-01 14:40:51,804 - WARNING - ⚠️ Could not extract date from 0022500486: month must be in 1..12, not 0
2026-02-01 14:40:51,804 - WARNING - ⚠️ Could not extract date from 0022500487: month must be in 1..12, not 0
2026-02-01 14:40:51,805 - WARNING - ⚠️ Could not extract date from 0022500488: month must be in 1..12, not 0
2026-02-01 14:40:51,805 - WARNING - ⚠️ Could not extract date from 0022500489: month must be in 1..12, not 0
2026-02-01 14:40:51,805 - WARNING - ⚠️ Could not extract date from 0022500490: month must be in 1..12, not 0
2026-02-01 14:40:51,805 - WARNING - ⚠️ Could not extract date from 0022500491: month must be in 1..12, not 0
2026-02-01 14:40:51,805 - WARNING - ⚠️ Could not extract date from 0022500492: month must be in 1..12, not 0
2026-02-01 14:40:51,805 - WARNING - ⚠️ Could not extract date from 0022500493: month must be in 1..12, not 0
2026-02-01 14:40:51,805 - WARNING - ⚠️ Could not extract date from 0022500494: month must be in 1..12, not 0
2026-02-01 14:40:51,805 - WARNING - ⚠️ Could not extract date from 0022500495: month must be in 1..12, not 0
2026-02-01 14:40:51,805 - WARNING - ⚠️ Could not extract date from 0022500496: month must be in 1..12, not 0
2026-02-01 14:40:51,805 - WARNING - ⚠️ Could not extract date from 0022500497: month must be in 1..12, not 0
2026-02-01 14:40:51,805 - WARNING - ⚠️ Could not extract date from 0022500498: month must be in 1..12, not 0
2026-02-01 14:40:51,805 - WARNING - ⚠️ Could not extract date from 0022500499: month must be in 1..12, not 0
2026-02-01 14:40:51,805 - WARNING - ⚠️ Could not extract date from 0022500500: month must be in 1..12, not 0
2026-02-01 14:40:51,805 - WARNING - ⚠️ Could not extract date from 0022500501: month must be in 1..12, not 0
2026-02-01 14:40:51,805 - WARNING - ⚠️ Could not extract date from 0022500502: month must be in 1..12, not 0
2026-02-01 14:40:51,805 - WARNING - ⚠️ Could not extract date from 0022500503: month must be in 1..12, not 0
2026-02-01 14:40:51,805 - WARNING - ⚠️ Could not extract date from 0022500504: month must be in 1..12, not 0
2026-02-01 14:40:51,805 - WARNING - ⚠️ Could not extract date from 0022500505: month must be in 1..12, not 0
2026-02-01 14:40:51,806 - WARNING - ⚠️ Could not extract date from 0022500506: month must be in 1..12, not 0
2026-02-01 14:40:51,806 - WARNING - ⚠️ Could not extract date from 0022500507: month must be in 1..12, not 0
2026-02-01 14:40:51,806 - WARNING - ⚠️ Could not extract date from 0022500508: month must be in 1..12, not 0
2026-02-01 14:40:51,806 - WARNING - ⚠️ Could not extract date from 0022500509: month must be in 1..12, not 0
2026-02-01 14:40:51,806 - WARNING - ⚠️ Could not extract date from 0022500510: month must be in 1..12, not 0
2026-02-01 14:40:51,806 - WARNING - ⚠️ Could not extract date from 0022500511: month must be in 1..12, not 0
2026-02-01 14:40:51,806 - WARNING - ⚠️ Could not extract date from 0022500512: month must be in 1..12, not 0
2026-02-01 14:40:51,806 - WARNING - ⚠️ Could not extract date from 0022500513: month must be in 1..12, not 0
2026-02-01 14:40:51,806 - WARNING - ⚠️ Could not extract date from 0022500514: month must be in 1..12, not 0
2026-02-01 14:40:51,806 - WARNING - ⚠️ Could not extract date from 0022500515: month must be in 1..12, not 0
2026-02-01 14:40:51,806 - WARNING - ⚠️ Could not extract date from 0022500516: month must be in 1..12, not 0
2026-02-01 14:40:51,806 - WARNING - ⚠️ Could not extract date from 0022500517: month must be in 1..12, not 0
2026-02-01 14:40:51,806 - WARNING - ⚠️ Could not extract date from 0022500518: month must be in 1..12, not 0
2026-02-01 14:40:51,806 - WARNING - ⚠️ Could not extract date from 0022500519: month must be in 1..12, not 0
2026-02-01 14:40:51,806 - WARNING - ⚠️ Could not extract date from 0022500520: month must be in 1..12, not 0
2026-02-01 14:40:51,806 - WARNING - ⚠️ Could not extract date from 0022500521: month must be in 1..12, not 0
2026-02-01 14:40:51,806 - WARNING - ⚠️ Could not extract date from 0022500522: month must be in 1..12, not 0
2026-02-01 14:40:51,806 - WARNING - ⚠️ Could not extract date from 0022500523: month must be in 1..12, not 0
2026-02-01 14:40:51,806 - WARNING - ⚠️ Could not extract date from 0022500524: month must be in 1..12, not 0
2026-02-01 14:40:51,807 - WARNING - ⚠️ Could not extract date from 0022500525: month must be in 1..12, not 0
2026-02-01 14:40:51,807 - WARNING - ⚠️ Could not extract date from 0022500526: month must be in 1..12, not 0
2026-02-01 14:40:51,807 - WARNING - ⚠️ Could not extract date from 0022500527: month must be in 1..12, not 0
2026-02-01 14:40:51,807 - WARNING - ⚠️ Could not extract date from 0022500528: month must be in 1..12, not 0
2026-02-01 14:40:51,807 - WARNING - ⚠️ Could not extract date from 0022500529: month must be in 1..12, not 0
2026-02-01 14:40:51,807 - WARNING - ⚠️ Could not extract date from 0022500530: month must be in 1..12, not 0
2026-02-01 14:40:51,807 - WARNING - ⚠️ Could not extract date from 0022500531: month must be in 1..12, not 0
2026-02-01 14:40:51,807 - WARNING - ⚠️ Could not extract date from 0022500532: month must be in 1..12, not 0
2026-02-01 14:40:51,807 - WARNING - ⚠️ Could not extract date from 0022500533: month must be in 1..12, not 0
2026-02-01 14:40:51,807 - WARNING - ⚠️ Could not extract date from 0022500534: month must be in 1..12, not 0
2026-02-01 14:40:51,807 - WARNING - ⚠️ Could not extract date from 0022500535: month must be in 1..12, not 0
2026-02-01 14:40:51,807 - WARNING - ⚠️ Could not extract date from 0022500536: month must be in 1..12, not 0
2026-02-01 14:40:51,807 - WARNING - ⚠️ Could not extract date from 0022500537: month must be in 1..12, not 0
2026-02-01 14:40:51,807 - WARNING - ⚠️ Could not extract date from 0022500538: month must be in 1..12, not 0
2026-02-01 14:40:51,807 - WARNING - ⚠️ Could not extract date from 0022500539: month must be in 1..12, not 0
2026-02-01 14:40:51,807 - WARNING - ⚠️ Could not extract date from 0022500540: month must be in 1..12, not 0
2026-02-01 14:40:51,807 - WARNING - ⚠️ Could not extract date from 0022500541: month must be in 1..12, not 0
2026-02-01 14:40:51,807 - WARNING - ⚠️ Could not extract date from 0022500542: month must be in 1..12, not 0
2026-02-01 14:40:51,807 - WARNING - ⚠️ Could not extract date from 0022500543: month must be in 1..12, not 0
2026-02-01 14:40:51,808 - WARNING - ⚠️ Could not extract date from 0022500544: month must be in 1..12, not 0
2026-02-01 14:40:51,808 - WARNING - ⚠️ Could not extract date from 0022500545: month must be in 1..12, not 0
2026-02-01 14:40:51,808 - WARNING - ⚠️ Could not extract date from 0022500546: month must be in 1..12, not 0
2026-02-01 14:40:51,808 - WARNING - ⚠️ Could not extract date from 0022500547: month must be in 1..12, not 0
2026-02-01 14:40:51,808 - WARNING - ⚠️ Could not extract date from 0022500548: month must be in 1..12, not 0
2026-02-01 14:40:51,808 - WARNING - ⚠️ Could not extract date from 0022500549: month must be in 1..12, not 0
2026-02-01 14:40:51,808 - WARNING - ⚠️ Could not extract date from 0022500550: month must be in 1..12, not 0
2026-02-01 14:40:51,808 - WARNING - ⚠️ Could not extract date from 0022500551: month must be in 1..12, not 0
2026-02-01 14:40:51,808 - WARNING - ⚠️ Could not extract date from 0022500552: month must be in 1..12, not 0
2026-02-01 14:40:51,808 - WARNING - ⚠️ Could not extract date from 0022500553: month must be in 1..12, not 0
2026-02-01 14:40:51,808 - WARNING - ⚠️ Could not extract date from 0022500554: month must be in 1..12, not 0
2026-02-01 14:40:51,808 - WARNING - ⚠️ Could not extract date from 0022500555: month must be in 1..12, not 0
2026-02-01 14:40:51,808 - WARNING - ⚠️ Could not extract date from 0022500556: month must be in 1..12, not 0
2026-02-01 14:40:51,808 - WARNING - ⚠️ Could not extract date from 0022500557: month must be in 1..12, not 0
2026-02-01 14:40:51,808 - WARNING - ⚠️ Could not extract date from 0022500558: month must be in 1..12, not 0
2026-02-01 14:40:51,809 - WARNING - ⚠️ Could not extract date from 0022500559: month must be in 1..12, not 0
2026-02-01 14:40:51,809 - WARNING - ⚠️ Could not extract date from 0022500560: month must be in 1..12, not 0
2026-02-01 14:40:51,809 - WARNING - ⚠️ Could not extract date from 0022500561: month must be in 1..12, not 0
2026-02-01 14:40:51,809 - WARNING - ⚠️ Could not extract date from 0022500562: month must be in 1..12, not 0
2026-02-01 14:40:51,809 - WARNING - ⚠️ Could not extract date from 0022500563: month must be in 1..12, not 0
2026-02-01 14:40:51,809 - WARNING - ⚠️ Could not extract date from 0022500564: month must be in 1..12, not 0
2026-02-01 14:40:51,809 - WARNING - ⚠️ Could not extract date from 0022500565: month must be in 1..12, not 0
2026-02-01 14:40:51,809 - WARNING - ⚠️ Could not extract date from 0022500566: month must be in 1..12, not 0
2026-02-01 14:40:51,809 - WARNING - ⚠️ Could not extract date from 0022500567: month must be in 1..12, not 0
2026-02-01 14:40:51,809 - WARNING - ⚠️ Could not extract date from 0022500568: month must be in 1..12, not 0
2026-02-01 14:40:51,809 - WARNING - ⚠️ Could not extract date from 0022500569: month must be in 1..12, not 0
2026-02-01 14:40:51,809 - WARNING - ⚠️ Could not extract date from 0022500570: month must be in 1..12, not 0
2026-02-01 14:40:51,809 - WARNING - ⚠️ Could not extract date from 0022500571: month must be in 1..12, not 0
2026-02-01 14:40:51,809 - WARNING - ⚠️ Could not extract date from 0022500572: month must be in 1..12, not 0
2026-02-01 14:40:51,810 - WARNING - ⚠️ Could not extract date from 0022500573: month must be in 1..12, not 0
2026-02-01 14:40:51,810 - WARNING - ⚠️ Could not extract date from 0022500574: month must be in 1..12, not 0
2026-02-01 14:40:51,810 - WARNING - ⚠️ Could not extract date from 0022500575: month must be in 1..12, not 0
2026-02-01 14:40:51,810 - WARNING - ⚠️ Could not extract date from 0022500576: month must be in 1..12, not 0
2026-02-01 14:40:51,810 - WARNING - ⚠️ Could not extract date from 0022500577: month must be in 1..12, not 0
2026-02-01 14:40:51,810 - WARNING - ⚠️ Could not extract date from 0022500578: month must be in 1..12, not 0
2026-02-01 14:40:51,810 - WARNING - ⚠️ Could not extract date from 0022500579: month must be in 1..12, not 0
2026-02-01 14:40:51,810 - WARNING - ⚠️ Could not extract date from 0022500580: month must be in 1..12, not 0
2026-02-01 14:40:51,810 - WARNING - ⚠️ Could not extract date from 0022500581: month must be in 1..12, not 0
2026-02-01 14:40:51,810 - WARNING - ⚠️ Could not extract date from 0022500582: month must be in 1..12, not 0
2026-02-01 14:40:51,810 - WARNING - ⚠️ Could not extract date from 0022500583: month must be in 1..12, not 0
2026-02-01 14:40:51,810 - WARNING - ⚠️ Could not extract date from 0022500584: month must be in 1..12, not 0
2026-02-01 14:40:51,810 - WARNING - ⚠️ Could not extract date from 0022500585: month must be in 1..12, not 0
2026-02-01 14:40:51,810 - WARNING - ⚠️ Could not extract date from 0022500586: month must be in 1..12, not 0
2026-02-01 14:40:51,810 - WARNING - ⚠️ Could not extract date from 0022500587: month must be in 1..12, not 0
2026-02-01 14:40:51,810 - WARNING - ⚠️ Could not extract date from 0022500588: month must be in 1..12, not 0
2026-02-01 14:40:51,810 - WARNING - ⚠️ Could not extract date from 0022500589: month must be in 1..12, not 0
2026-02-01 14:40:51,811 - WARNING - ⚠️ Could not extract date from 0022500590: month must be in 1..12, not 0
2026-02-01 14:40:51,811 - WARNING - ⚠️ Could not extract date from 0022500591: month must be in 1..12, not 0
2026-02-01 14:40:51,811 - WARNING - ⚠️ Could not extract date from 0022500592: month must be in 1..12, not 0
2026-02-01 14:40:51,811 - WARNING - ⚠️ Could not extract date from 0022500593: month must be in 1..12, not 0
2026-02-01 14:40:51,811 - WARNING - ⚠️ Could not extract date from 0022500594: month must be in 1..12, not 0
2026-02-01 14:40:51,811 - WARNING - ⚠️ Could not extract date from 0022500595: month must be in 1..12, not 0
2026-02-01 14:40:51,811 - WARNING - ⚠️ Could not extract date from 0022500596: month must be in 1..12, not 0
2026-02-01 14:40:51,811 - WARNING - ⚠️ Could not extract date from 0022500597: month must be in 1..12, not 0
2026-02-01 14:40:51,811 - WARNING - ⚠️ Could not extract date from 0022500598: month must be in 1..12, not 0
2026-02-01 14:40:51,811 - WARNING - ⚠️ Could not extract date from 0022500599: month must be in 1..12, not 0
2026-02-01 14:40:51,811 - WARNING - ⚠️ Could not extract date from 0022500600: month must be in 1..12, not 0
2026-02-01 14:40:51,811 - WARNING - ⚠️ Could not extract date from 0022500601: month must be in 1..12, not 0
2026-02-01 14:40:51,811 - WARNING - ⚠️ Could not extract date from 0022500602: month must be in 1..12, not 0
2026-02-01 14:40:51,811 - WARNING - ⚠️ Could not extract date from 0022500603: month must be in 1..12, not 0
2026-02-01 14:40:51,811 - WARNING - ⚠️ Could not extract date from 0022500604: month must be in 1..12, not 0
2026-02-01 14:40:51,811 - WARNING - ⚠️ Could not extract date from 0022500605: month must be in 1..12, not 0
2026-02-01 14:40:51,811 - WARNING - ⚠️ Could not extract date from 0022500606: month must be in 1..12, not 0
2026-02-01 14:40:51,811 - WARNING - ⚠️ Could not extract date from 0022500607: month must be in 1..12, not 0
2026-02-01 14:40:51,811 - WARNING - ⚠️ Could not extract date from 0022500608: month must be in 1..12, not 0
2026-02-01 14:40:51,811 - WARNING - ⚠️ Could not extract date from 0022500609: month must be in 1..12, not 0
2026-02-01 14:40:51,811 - WARNING - ⚠️ Could not extract date from 0022500610: month must be in 1..12, not 0
2026-02-01 14:40:51,811 - WARNING - ⚠️ Could not extract date from 0022500611: month must be in 1..12, not 0
2026-02-01 14:40:51,812 - WARNING - ⚠️ Could not extract date from 0022500612: month must be in 1..12, not 0
2026-02-01 14:40:51,812 - WARNING - ⚠️ Could not extract date from 0022500613: month must be in 1..12, not 0
2026-02-01 14:40:51,812 - WARNING - ⚠️ Could not extract date from 0022500614: month must be in 1..12, not 0
2026-02-01 14:40:51,812 - WARNING - ⚠️ Could not extract date from 0022500615: month must be in 1..12, not 0
2026-02-01 14:40:51,812 - WARNING - ⚠️ Could not extract date from 0022500616: month must be in 1..12, not 0
2026-02-01 14:40:51,812 - WARNING - ⚠️ Could not extract date from 0022500617: month must be in 1..12, not 0
2026-02-01 14:40:51,812 - WARNING - ⚠️ Could not extract date from 0022500618: month must be in 1..12, not 0
2026-02-01 14:40:51,812 - WARNING - ⚠️ Could not extract date from 0022500619: month must be in 1..12, not 0
2026-02-01 14:40:51,812 - WARNING - ⚠️ Could not extract date from 0022500620: month must be in 1..12, not 0
2026-02-01 14:40:51,812 - WARNING - ⚠️ Could not extract date from 0022500621: month must be in 1..12, not 0
2026-02-01 14:40:51,812 - WARNING - ⚠️ Could not extract date from 0022500622: month must be in 1..12, not 0
2026-02-01 14:40:51,812 - WARNING - ⚠️ Could not extract date from 0022500623: month must be in 1..12, not 0
2026-02-01 14:40:51,812 - WARNING - ⚠️ Could not extract date from 0022500624: month must be in 1..12, not 0
2026-02-01 14:40:51,812 - WARNING - ⚠️ Could not extract date from 0022500625: month must be in 1..12, not 0
2026-02-01 14:40:51,812 - WARNING - ⚠️ Could not extract date from 0022500626: month must be in 1..12, not 0
2026-02-01 14:40:51,812 - WARNING - ⚠️ Could not extract date from 0022500627: month must be in 1..12, not 0
2026-02-01 14:40:51,812 - WARNING - ⚠️ Could not extract date from 0022500628: month must be in 1..12, not 0
2026-02-01 14:40:51,812 - WARNING - ⚠️ Could not extract date from 0022500629: month must be in 1..12, not 0
2026-02-01 14:40:51,813 - WARNING - ⚠️ Could not extract date from 0022500630: month must be in 1..12, not 0
2026-02-01 14:40:51,813 - WARNING - ⚠️ Could not extract date from 0022500631: month must be in 1..12, not 0
2026-02-01 14:40:51,813 - WARNING - ⚠️ Could not extract date from 0022500632: month must be in 1..12, not 0
2026-02-01 14:40:51,813 - WARNING - ⚠️ Could not extract date from 0022500633: month must be in 1..12, not 0
2026-02-01 14:40:51,813 - WARNING - ⚠️ Could not extract date from 0022500634: month must be in 1..12, not 0
2026-02-01 14:40:51,813 - WARNING - ⚠️ Could not extract date from 0022500635: month must be in 1..12, not 0
2026-02-01 14:40:51,813 - WARNING - ⚠️ Could not extract date from 0022500636: month must be in 1..12, not 0
2026-02-01 14:40:51,813 - WARNING - ⚠️ Could not extract date from 0022500637: month must be in 1..12, not 0
2026-02-01 14:40:51,813 - WARNING - ⚠️ Could not extract date from 0022500638: month must be in 1..12, not 0
2026-02-01 14:40:51,813 - WARNING - ⚠️ Could not extract date from 0022500639: month must be in 1..12, not 0
2026-02-01 14:40:51,813 - WARNING - ⚠️ Could not extract date from 0022500640: month must be in 1..12, not 0
2026-02-01 14:40:51,813 - WARNING - ⚠️ Could not extract date from 0022500641: month must be in 1..12, not 0
2026-02-01 14:40:51,813 - WARNING - ⚠️ Could not extract date from 0022500642: month must be in 1..12, not 0
2026-02-01 14:40:51,813 - WARNING - ⚠️ Could not extract date from 0022500643: month must be in 1..12, not 0
2026-02-01 14:40:51,813 - WARNING - ⚠️ Could not extract date from 0022500644: month must be in 1..12, not 0
2026-02-01 14:40:51,813 - WARNING - ⚠️ Could not extract date from 0022500645: month must be in 1..12, not 0
2026-02-01 14:40:51,813 - WARNING - ⚠️ Could not extract date from 0022500646: month must be in 1..12, not 0
2026-02-01 14:40:51,813 - WARNING - ⚠️ Could not extract date from 0022500647: month must be in 1..12, not 0
2026-02-01 14:40:51,813 - WARNING - ⚠️ Could not extract date from 0022500648: month must be in 1..12, not 0
2026-02-01 14:40:51,814 - WARNING - ⚠️ Could not extract date from 0022500649: month must be in 1..12, not 0
2026-02-01 14:40:51,814 - WARNING - ⚠️ Could not extract date from 0022500650: month must be in 1..12, not 0
2026-02-01 14:40:51,814 - WARNING - ⚠️ Could not extract date from 0022500653: month must be in 1..12, not 0
2026-02-01 14:40:51,814 - WARNING - ⚠️ Could not extract date from 0022500654: month must be in 1..12, not 0
2026-02-01 14:40:51,814 - WARNING - ⚠️ Could not extract date from 0022500655: month must be in 1..12, not 0
2026-02-01 14:40:51,814 - WARNING - ⚠️ Could not extract date from 0022500656: month must be in 1..12, not 0
2026-02-01 14:40:51,814 - WARNING - ⚠️ Could not extract date from 0022500657: month must be in 1..12, not 0
2026-02-01 14:40:51,814 - WARNING - ⚠️ Could not extract date from 0022500658: month must be in 1..12, not 0
2026-02-01 14:40:51,814 - WARNING - ⚠️ Could not extract date from 0022500659: month must be in 1..12, not 0
2026-02-01 14:40:51,814 - WARNING - ⚠️ Could not extract date from 0022500660: month must be in 1..12, not 0
2026-02-01 14:40:51,814 - WARNING - ⚠️ Could not extract date from 0022500661: month must be in 1..12, not 0
2026-02-01 14:40:51,814 - WARNING - ⚠️ Could not extract date from 0022500662: month must be in 1..12, not 0
2026-02-01 14:40:51,814 - WARNING - ⚠️ Could not extract date from 0022500663: month must be in 1..12, not 0
2026-02-01 14:40:51,814 - WARNING - ⚠️ Could not extract date from 0022500664: month must be in 1..12, not 0
2026-02-01 14:40:51,814 - WARNING - ⚠️ Could not extract date from 0022500665: month must be in 1..12, not 0
2026-02-01 14:40:51,814 - WARNING - ⚠️ Could not extract date from 0022500666: month must be in 1..12, not 0
2026-02-01 14:40:51,814 - WARNING - ⚠️ Could not extract date from 0022500667: month must be in 1..12, not 0
2026-02-01 14:40:51,814 - WARNING - ⚠️ Could not extract date from 0022500668: month must be in 1..12, not 0
2026-02-01 14:40:51,815 - WARNING - ⚠️ Could not extract date from 0022500669: month must be in 1..12, not 0
2026-02-01 14:40:51,815 - WARNING - ⚠️ Could not extract date from 0022500670: month must be in 1..12, not 0
2026-02-01 14:40:51,815 - WARNING - ⚠️ Could not extract date from 0022500671: month must be in 1..12, not 0
2026-02-01 14:40:51,815 - WARNING - ⚠️ Could not extract date from 0022500672: month must be in 1..12, not 0
2026-02-01 14:40:51,815 - WARNING - ⚠️ Could not extract date from 0022500673: month must be in 1..12, not 0
2026-02-01 14:40:51,815 - WARNING - ⚠️ Could not extract date from 0022500674: month must be in 1..12, not 0
2026-02-01 14:40:51,815 - WARNING - ⚠️ Could not extract date from 0022500675: month must be in 1..12, not 0
2026-02-01 14:40:51,815 - WARNING - ⚠️ Could not extract date from 0022500676: month must be in 1..12, not 0
2026-02-01 14:40:51,815 - WARNING - ⚠️ Could not extract date from 0022500677: month must be in 1..12, not 0
2026-02-01 14:40:51,815 - WARNING - ⚠️ Could not extract date from 0022500678: month must be in 1..12, not 0
2026-02-01 14:40:51,815 - WARNING - ⚠️ Could not extract date from 0022500679: month must be in 1..12, not 0
2026-02-01 14:40:51,815 - WARNING - ⚠️ Could not extract date from 0022500680: month must be in 1..12, not 0
2026-02-01 14:40:51,815 - WARNING - ⚠️ Could not extract date from 0022500681: month must be in 1..12, not 0
2026-02-01 14:40:51,815 - WARNING - ⚠️ Could not extract date from 0022500682: month must be in 1..12, not 0
2026-02-01 14:40:51,815 - WARNING - ⚠️ Could not extract date from 0022500683: month must be in 1..12, not 0
2026-02-01 14:40:51,815 - WARNING - ⚠️ Could not extract date from 0022500684: month must be in 1..12, not 0
2026-02-01 14:40:51,815 - WARNING - ⚠️ Could not extract date from 0022500685: month must be in 1..12, not 0
2026-02-01 14:40:51,816 - WARNING - ⚠️ Could not extract date from 0022500686: month must be in 1..12, not 0
2026-02-01 14:40:51,816 - WARNING - ⚠️ Could not extract date from 0022500687: month must be in 1..12, not 0
2026-02-01 14:40:51,816 - WARNING - ⚠️ Could not extract date from 0022500688: month must be in 1..12, not 0
2026-02-01 14:40:51,816 - WARNING - ⚠️ Could not extract date from 0022500689: month must be in 1..12, not 0
2026-02-01 14:40:51,816 - WARNING - ⚠️ Could not extract date from 0022500690: month must be in 1..12, not 0
2026-02-01 14:40:51,816 - WARNING - ⚠️ Could not extract date from 0022500691: month must be in 1..12, not 0
2026-02-01 14:40:51,816 - WARNING - ⚠️ Could not extract date from 0022500693: month must be in 1..12, not 0
2026-02-01 14:40:51,816 - WARNING - ⚠️ Could not extract date from 0022500694: month must be in 1..12, not 0
2026-02-01 14:40:51,816 - WARNING - ⚠️ Could not extract date from 0022500695: month must be in 1..12, not 0
2026-02-01 14:40:51,816 - WARNING - ⚠️ Could not extract date from 0022500696: month must be in 1..12, not 0
2026-02-01 14:40:51,816 - WARNING - ⚠️ Could not extract date from 0022500697: month must be in 1..12, not 0
2026-02-01 14:40:51,824 - INFO - 📊 Missing dates: 3048/3520 (86.6%)
2026-02-01 14:40:51,827 - INFO - 📅 Date range: 2023-01-01 00:00:00 to 2025-01-23 00:00:00
2026-02-01 14:40:51,849 - INFO - ✅ Saved merged dataset to data/processed/pregame_with_full_dates.parquet
2026-02-01 14:40:51,849 - INFO - 
📊 Sample dates:
2026-02-01 14:40:51,852 - INFO -    0022301010: 2023-01-01 - PHX vs ATL
2026-02-01 14:40:51,853 - INFO -    0022301011: 2023-01-01 - DET vs BOS
2026-02-01 14:40:51,853 - INFO -    0022301012: 2023-01-01 - TOR vs OKC
2026-02-01 14:40:51,853 - INFO -    0022301013: 2023-01-01 - MIA vs NOP
2026-02-01 14:40:51,853 - INFO -    0022301014: 2023-01-01 - MIN vs CLE
2026-02-01 14:40:51,854 - INFO -    0022301015: 2023-01-01 - SAS vs MEM
2026-02-01 14:40:51,854 - INFO -    0022301016: 2023-01-01 - GSW vs IND
2026-02-01 14:40:51,854 - INFO -    0022301017: 2023-01-01 - POR vs LAC
2026-02-01 14:40:51,854 - INFO -    0022301018: 2023-01-01 - LAL vs PHI
2026-02-01 14:40:51,855 - INFO -    0022301019: 2023-01-01 - NYK vs BKN
2026-02-01 14:40:51,855 - INFO - ======================================================================
2026-02-01 14:40:51,855 - INFO - ✅ PHASE 1C COMPLETE - DATES EXTRACTED FROM GAME IDs
2026-02-01 14:40:51,855 - INFO - ======================================================================
